disorder	inheritance	support
11p partial monosomy syndrome	Somatic mutation	5657
11q partial monosomy syndrome	Isolated cases	2
17,20-lyase deficiency, isolated	Autosomal recessive	2
17-alpha-hydroxylase/17,20-lyase deficiency, combined complete	Autosomal recessive	12
17-alpha-hydroxylase/17,20-lyase deficiency, combined partial	Autosomal recessive	6
17p11.2 microduplication syndrome	Autosomal dominant	245
2-3 finger cutaneous syndactyly	Autosomal dominant	8
2-3 toe syndactyly	Autosomal recessive	1
2-aminoadipic 2-oxoadipic aciduria	Autosomal recessive	890
2-hydroxyglutaric aciduria	Autosomal recessive	2
21-HYDROXYLASE POLYMORPHISM	Autosomal recessive	2
21-Hydroxylase-Deficient Congenital Adrenal Hyperplasia	Autosomal recessive	241
3 beta-Hydroxysteroid dehydrogenase deficiency	Autosomal recessive	170
3-4 toe syndactyly	Autosomal dominant	1
3-M syndrome	Autosomal recessive	6
3-Methylglutaconic aciduria	Autosomal recessive	2
3-Methylglutaconic aciduria type 2	X-linked recessive	498
3-Methylglutaconic aciduria type 3	Autosomal recessive	569
3-Methylglutaric aciduria	Autosomal recessive	1
3-Oxo-5 alpha-steroid delta 4-dehydrogenase deficiency	Autosomal recessive	288
3-hydroxyisobutyryl-CoA hydrolase deficiency	Autosomal recessive	183
3-methylcrotonyl-CoA carboxylase 1 deficiency	Autosomal recessive	844
3-methylcrotonyl-CoA carboxylase 2 deficiency	Autosomal recessive	752
3-methylglutaconic aciduria type 1	Autosomal recessive	212
3-methylglutaconic aciduria type 5	Autosomal recessive	138
3-methylglutaconic aciduria with deafness, encephalopathy, and Leigh-like syndrome	Autosomal recessive	322
3-methylglutaconic aciduria, type VIIA	Autosomal recessive	11
3-methylglutaconic aciduria, type VIIB	Autosomal recessive	714
3M syndrome 1	Autosomal recessive	227
3M syndrome 2	Autosomal recessive	1
3M syndrome 3	Autosomal recessive	24
3MC syndrome 1	Autosomal recessive	130
3MC syndrome 2	Autosomal recessive	34
46 XX gonadal dysgenesis	Autosomal recessive	1
46 XY differences of sex development	Autosomal dominant	14
46,XX ovarian dysgenesis-short stature syndrome	Autosomal recessive	14
46,XX sex reversal 4	Autosomal dominant	10
46,XY disorder of sex development due to testicular 17,20-desmolase deficiency	Autosomal recessive	12
46,XY ovotesticular disorder of sex development	X-linked recessive	1
46,XY partial gonadal dysgenesis	Autosomal dominant	2
46,XY sex reversal 2	X-linked recessive	285
46,XY sex reversal 3	Autosomal dominant	114
46,XY sex reversal 5	Autosomal recessive	6
46,XY sex reversal 6	Autosomal dominant	219
46,XY sex reversal 7	Autosomal recessive	70
46,XY sex reversal 9	Autosomal dominant	281
46,xx sex reversal 5	Autosomal dominant	2
5-Oxoprolinase deficiency	Autosomal recessive	429
5-fluorouracil response	Autosomal recessive	1
5q14.3 microdeletion syndrome	Autosomal dominant	1
6-Pyruvoyl-tetrahydrobiopterin synthase deficiency	Autosomal recessive	334
8q24.3 microdeletion syndrome	Autosomal dominant	100
A20 haploinsufficiency	Autosomal dominant	2
AAAS-related disorder	Autosomal recessive	3
AARS-related disorder	Autosomal recessive	1
AARS1-related disorder	Autosomal dominant	12
AARS2-related disorder	Autosomal recessive	13
ABAT-related disorder	Autosomal recessive	8
ABCA1-related disorder	Autosomal recessive	14
ABCA12-related disorder	Autosomal recessive	5
ABCA3-related disorder	Autosomal recessive	20
ABCA4-related disorder	Autosomal recessive	140
ABCA4-related retinopathy	Autosomal recessive	70
ABCA7-related disorder	Autosomal dominant	3
ABCB11-related disorder	Autosomal recessive	108
ABCB4-Related Intrahepatic Cholestasis	Autosomal dominant	4
ABCB4-related disorder	Autosomal dominant	78
ABCB6-related disorder	Autosomal dominant	18
ABCB7-related disorder	X-linked recessive	2
ABCC2-related disorder	Autosomal recessive	64
ABCC6-related disorder	Autosomal recessive	100
ABCC8-related channelopathies	Autosomal dominant	3
ABCC8-related disorder	Autosomal dominant	117
ABCC9-related disorder	Autosomal dominant	18
ABCD syndrome	Autosomal recessive	15
ABCD1-related disorder	X-linked recessive	57
ABCD4-related disorder	Autosomal recessive	9
ABCG2-related disorder	?Autosomal dominant	2
ABCG5-related disorder	Autosomal recessive	14
ABCG8-related disorder	Autosomal recessive	46
ABHD12-related disorder	Autosomal recessive	3
ABHD5-related disorder	Autosomal recessive	5
ABeta amyloidosis, Arctic type	Autosomal dominant	1
ABeta amyloidosis, Iowa type	Autosomal dominant	1
ABeta amyloidosis, dutch type	Autosomal dominant	1
ABetaA21G amyloidosis	Autosomal dominant	1
ABri amyloidosis	Autosomal dominant	5
ACACA-related disorder	Autosomal recessive	1
ACAD9-related disorder	Autosomal recessive	18
ACADM-related disorder	Autosomal recessive	28
ACADS-related disorder	Autosomal recessive	23
ACADSB-related disorder	Autosomal recessive	14
ACADVL-related disorder	Autosomal recessive	56
ACAN-related disorder	Autosomal dominant	4
ACAN-related short stature spectrum	Autosomal dominant	1
ACAT1-related disorder	Autosomal recessive	8
ACD-related disorder	Autosomal dominant	17
ACD-related short telomere syndrome	Autosomal dominant	1
ACE-related disorder	Autosomal recessive	12
ACO2-related disorder	Autosomal recessive	8
ACOX1-related disorder	Autosomal recessive	16
ACP5-related disorder	Autosomal recessive	7
ACSL4-related disorder	X-linked dominant	2
ACTA1 gene related myopathy	Autosomal dominant	1
ACTA1-related disorder	Autosomal dominant	13
ACTA1-related myopathies	Autosomal dominant	4
ACTA2-related disorder	Autosomal dominant	19
ACTB-associated syndromic thrombocytopenia	Autosomal dominant	5
ACTB-related BAFopathy	Autosomal dominant	8
ACTB-related disorder	Autosomal dominant	42
ACTC1-related disorder	Autosomal dominant	69
ACTG1-related disorder	Autosomal dominant	89
ACTG2-related disorder	Autosomal dominant	5
ACTH-independent macronodular adrenal hyperplasia 1	Autosomal dominant	381
ACTH-independent macronodular adrenal hyperplasia 2	Somatic mutation	40
ACTL6B-related BAFopathy	Isolated cases	1
ACTL6B-related dominant intellectual disability	Isolated cases	2
ACTN1-related disorder	Autosomal dominant	5
ACTN2-related cardiac and skeletal myopathy	Autosomal dominant	2
ACTN2-related disorder	Autosomal dominant	35
ACTN4-related disorder	Autosomal dominant	8
ACVR1-related disorder	Autosomal dominant	4
ACVRL1-related disorder	Autosomal dominant	27
ACY1-related disorder	Autosomal recessive	4
ADA-related disorder	Somatic mosaicism	21
ADA2-related disorder	Autosomal recessive	28
ADAM17-related disorder	Autosomal recessive	10
ADAMTS10-related disorder	Autosomal recessive	2
ADAMTS13-related disorder	Autosomal recessive	20
ADAMTS17-related disorder	Autosomal recessive	6
ADAMTS18-related disorder	Autosomal recessive	1
ADAMTS2-related disorder	Autosomal recessive	35
ADAMTSL2-related disorder	Autosomal recessive	7
ADAMTSL4-related disorder	Autosomal recessive	37
ADAR-related disorder	Autosomal dominant	26
ADAR-related type 1 interferonopathy	Autosomal recessive	2
ADCY1-related disorder	Autosomal recessive	1
ADCY10-related disorder	Autosomal dominant	5
ADCY5-related disorder	Autosomal dominant	3
ADENOMATOUS POLYPOSIS COLI WITH CONGENITAL CHOLESTEATOMA	Autosomal dominant	3
ADGRE2-related disorder	Autosomal dominant	1
ADGRG1-related disorder	Autosomal recessive	15
ADGRV1-related disorder	Autosomal recessive	62
ADNP-related disorder	Autosomal dominant	19
ADNP-related multiple congenital anomalies - intellectual disability - autism spectrum disorder	Autosomal dominant	192
ADRENAL INSUFFICIENCY, NR5A1-RELATED	Autosomal dominant	1
ADRENOCORTICAL CARCINOMA, PEDIATRIC	Autosomal dominant	4
ADSL-related disorder	Autosomal recessive	11
ADULT syndrome	Autosomal dominant	490
ADan amyloidosis	Autosomal dominant	5
AFF2-related disorder	X-linked recessive	3
AFF4-related disorder	Autosomal dominant	120
AFG2A-related disorder	Autosomal recessive	10
AFG3L2-related disorder	Autosomal dominant	5
AGA-related disorder	Autosomal recessive	4
AGBL1-related disorder	Autosomal dominant	1
AGK-related disorder	Autosomal recessive	27
AGL-related disorder	Autosomal recessive	44
AGPAT2-related disorder	Autosomal recessive	9
AGPS-related disorder	Autosomal recessive	2
AGRN-related disorder	Autosomal recessive	62
AGRP-related condition	Autosomal dominant	1
AGT-related disorder	Autosomal recessive	5
AGTR1-related disorder	Multifactorial	1
AGXT-related disorder	Autosomal recessive	15
AHCY-related disorder	Autosomal recessive	2
AHDC1-related disorder	Autosomal dominant	36
AHDC1-related intellectual disability - obstructive sleep apnea - mild dysmorphism syndrome	Autosomal dominant	244
AHI1-related disorder	Autosomal recessive	18
AICA-ribosiduria	Autosomal recessive	29
AICDA-related disorder	Autosomal recessive	7
AIFM1-related disorder	X-linked recessive	9
AIMP1-related disorder	Autosomal recessive	2
AIP-related disorder	Somatic mutation	16
AIPL1-related disorder	Autosomal recessive	23
AIPL1-related retinopathy	Autosomal recessive	46
AIRE-related disorder	Autosomal dominant	49
AK1-related condition	Autosomal recessive	1
AK2-related disorder	Autosomal recessive	14
AKR1C2-related disorder	Autosomal recessive	2
AKT1-related disorder	Autosomal dominant	4
AKT2-related disorder	Autosomal dominant	18
AKT3-related disorder	Autosomal dominant	4
ALAD*1/ALAD*2 POLYMORPHISM	Autosomal recessive	1
ALAD-related disorder	Autosomal recessive	1
ALAS2-related disorder	X-linked recessive	8
ALBINISM, OCULOCUTANEOUS, TYPE II, MODIFIER OF	Autosomal recessive	3
ALDH18A1 deficiency	Autosomal dominant	4
ALDH18A1-related de Barsy syndrome	Autosomal recessive	132
ALDH18A1-related disorder	Autosomal dominant	33
ALDH1A3-related disorder	Autosomal recessive	6
ALDH2-related disorder	Multifactorial	1
ALDH3A2-related disorder	Autosomal recessive	5
ALDH4A1-related disorder	Autosomal recessive	12
ALDH5A1-related disorder	Autosomal recessive	14
ALDH6A1-related disorder	Autosomal recessive	2
ALDH7A1-related disorder	Autosomal recessive	17
ALDOA-related disorder	Autosomal recessive	11
ALDOB-related disorder	Autosomal recessive	33
ALG1-congenital disorder of glycosylation	Autosomal recessive	857
ALG1-related disorder	Autosomal recessive	29
ALG11-congenital disorder of glycosylation	Autosomal recessive	129
ALG11-related disorder	Autosomal recessive	6
ALG12-congenital disorder of glycosylation	Autosomal recessive	3
ALG13-related disorder	X-linked recessive	35
ALG2-congenital disorder of glycosylation	Autosomal recessive	599
ALG2-related disorder	Autosomal recessive	18
ALG3-congenital disorder of glycosylation	Autosomal recessive	185
ALG3-related disorder	Autosomal recessive	6
ALG6-congenital disorder of glycosylation 1C	Autosomal recessive	793
ALG6-related disorder	Autosomal recessive	12
ALG9 congenital disorder of glycosylation	Autosomal recessive	188
ALG9-associated autosomal dominant polycystic kidney disease	Autosomal recessive	2
ALG9-related disorder	Autosomal recessive	7
ALMS1-related disorder	Autosomal recessive	74
ALOX12B-related disorder	Autosomal recessive	6
ALOXE3-related disorder	Autosomal recessive	6
ALPL-related autosomal dominant hypophosphatasia	Autosomal recessive	2
ALPL-related autosomal recessive hypophosphatasia	Autosomal recessive	4
ALPL-related disorder	Autosomal recessive	68
ALS2-related disorder	Autosomal recessive	173
ALS2-related motor neuron disease	Autosomal recessive	10
ALX4-related disorder	Autosomal dominant	4
AMACR-related disorder	Autosomal recessive	29
AMBN-related disorder	Autosomal recessive	1
AMED syndrome, digenic	Multifactorial	1
AMELX-related disorder	X-linked dominant	1
AMER1-related disorder	X-linked dominant	5
AMHR2-related disorder	Autosomal recessive	1
AMPD1-related disorder	Autosomal recessive	15
AMPD2-related disorder	Autosomal recessive	26
AMT-related disorder	Autosomal recessive	2
AMYLOIDOSIS, HEREDITARY SYSTEMIC 1, MODIFIER OF	Autosomal dominant	2
AMYOTROPHIC LATERAL SCLEROSIS 26 WITH FRONTOTEMPORAL DEMENTIA	Autosomal dominant	1
ANE syndrome	Autosomal recessive	9
ANEMIA, PERINATAL HEMOLYTIC, FATAL OR NEAR-FATAL	Autosomal dominant	1
ANG-related disorder	Autosomal dominant	2
ANGPT1-related disorder	Autosomal recessive	1
ANGPTL3-related disorder	Autosomal recessive	2
ANK1-related disorder	Autosomal dominant	31
ANK2-associated Neurodevelopmental Disorder	Autosomal dominant	1
ANK2-related Autism	Autosomal dominant	1
ANK2-related disorder	Autosomal dominant	53
ANK3-related disorder	Autosomal recessive	12
ANKH-related disorder	Autosomal dominant	17
ANKK1-related disorder	Autosomal dominant	1
ANKLE2-related disorder	Autosomal recessive	1
ANKRD1-related dilated cardiomyopathy	Autosomal dominant	18
ANKRD1-related disorder	Autosomal dominant	4
ANKRD11-related disorder	Autosomal dominant	150
ANKRD26-related disorder	Autosomal dominant	34
ANKS6-related disorder	Autosomal recessive	19
ANLN-related disorder	Autosomal dominant	2
ANO10-related disorder	Autosomal recessive	4
ANO3-related disorder	Autosomal dominant	6
ANO5 Muscle Disease	Autosomal recessive	2
ANO5-Related Muscle Diseases	Autosomal recessive	71
ANO5-related disorder	Autosomal recessive	38
ANO5-related muscular dystrophy	Autosomal recessive	2
ANO6-related disorder	Autosomal recessive	2
ANOS1-related disorder	X-linked	4
ANTERIOR SEGMENT DYSGENESIS 1, MULTIPLE SUBTYPES	Autosomal dominant	2
ANTERIOR SEGMENT DYSGENESIS 5, PETERS ANOMALY SUBTYPE	Autosomal dominant	2
ANTXR1-related disorder	Autosomal recessive	1
ANTXR2-related disorder	Autosomal recessive	5
AP-4 deficiency syndrome	Autosomal recessive	2
AP1S1-related disorder	Autosomal recessive	1
AP1S3-related disorder	Autosomal dominant	3
AP2S1-related disorder	Autosomal dominant	4
AP3B1-related disorder	Autosomal recessive	22
AP3D1-related disorder	Autosomal recessive	1
AP4B1-related disorder	Autosomal recessive	4
AP4E1-related disorder	Autosomal dominant	4
AP4M1-related disorder	Autosomal recessive	13
AP4S1-related disorder	Autosomal recessive	1
AP5Z1-related disorder	Autosomal recessive	22
APC associated polyposis	Autosomal dominant	5
APC-Associated Polyposis Disorders	Autosomal dominant	158
APC-mutation negative familial colorectal cancer	Autosomal dominant	1
APC-related attenuated familial adenomatous polyposis	Autosomal dominant	10
APC-related disorder	Autosomal dominant	337
APOA1-related disorder	Autosomal dominant	1
APOA5-related disorder	Autosomal recessive	1
APOB POLYMORPHISM IN SIGNAL PEPTIDE	Autosomal dominant	2
APOB-related disorder	Autosomal dominant	145
APOC2-related disorder	Autosomal recessive	2
APOCRINE GLAND SECRETION, VARIATION IN	Autosomal dominant	3
APOE-related disorder	Autosomal dominant	6
APOE4(+)	Autosomal recessive	1
APOE5 VARIANT	Autosomal dominant	3
APOLIPOPROTEIN A-I (MUNSTER4)	Autosomal dominant	1
APOLIPOPROTEIN C-II (AFRICAN)	Autosomal recessive	1
APOLIPOPROTEIN C-II (AUCKLAND)	Autosomal recessive	1
APOLIPOPROTEIN C-II (BARI)	Autosomal recessive	1
APOLIPOPROTEIN C-II (HAMBURG)	Autosomal recessive	1
APOLIPOPROTEIN C-II (PADOVA)	Autosomal recessive	1
APOLIPOPROTEIN C-II (PARIS)	Autosomal recessive	1
APOLIPOPROTEIN C-II (SAN FRANCISCO)	Autosomal recessive	1
APOLIPOPROTEIN C-II (ST. MICHAEL)	Autosomal recessive	1
APOLIPOPROTEIN C-II (TORONTO)	Autosomal recessive	1
APOLIPOPROTEIN C-II (WAKAYAMA)	Autosomal recessive	1
APP POLYMORPHISM	Autosomal dominant	2
APP-related disorder	Autosomal dominant	4
APPL1-related disorder	Autosomal dominant	3
APRT deficiency, Japanese type	Autosomal recessive	1
APRT-related disorder	Autosomal recessive	2
APS41-related disorder	Autosomal recessive	1
APTX-related disorder	Autosomal recessive	5
AQP2-related nephrogenic diabetes insipidus	Autosomal dominant	2
AQP5-related disorder	Autosomal dominant	1
AR-related disorder	X-linked recessive	78
ARF3-related disorder	Isolated cases	1
ARFGEF2-related disorder	Autosomal recessive	10
ARG1-related disorder	Autosomal recessive	6
ARHGAP31-related disorder	Autosomal dominant	4
ARHGAP35-related disorder	Autosomal recessive	1
ARHGDIA-related disorder	Autosomal recessive	1
ARHGEF10-related disorder	Autosomal dominant	4
ARHGEF6-associated Neurodevelopmental disorder	X-linked recessive	1
ARHGEF6-related disorder	X-linked recessive	2
ARHGEF9-related disorder	X-linked recessive	11
ARHGEF9-related neurodevelopmental disorder	X-linked recessive	1
ARID1A-related BAFopathy	Autosomal dominant	7
ARID1A-related disorder	Autosomal dominant	14
ARID1B-Related Disorder	Autosomal dominant	37
ARID1B-related BAFopathy	Autosomal dominant	28
ARL13B-related disorder	Autosomal recessive	9
ARL2BP-related disorder	Autosomal recessive	1
ARL6-related disorder	Autosomal recessive	38
ARL6IP1-related disorder	Autosomal recessive	3
ARMC5-related disorder	Somatic mutation	3
ARMC9-related Joubert syndrome	Autosomal recessive	2
ARNT2-related disorder	Autosomal recessive	1
ARRHYTHMOGENIC RIGHT VENTRICULAR DYSPLASIA, FAMILIAL, 11, WITH OR WITHOUT MILD PALMOPLANTAR KERATODERMA	Autosomal dominant	1
ARSA-related disorder	Autosomal recessive	24
ARSB-related disorder	Autosomal recessive	12
ARSL-related disorder	X-linked recessive	4
ARV1-related disorder	Autosomal recessive	3
ARX-related disorder	X-linked recessive	42
ARX-related epileptic encephalopathy	X-linked recessive	1
ARYLSULFATASE A PSEUDODEFICIENCY	Autosomal recessive	2
ARYLSULFATASE A PSEUDODEFICIENCY, INTERMEDIATE	Autosomal recessive	1
ARYLSULFATASE A PSEUDODEFICIENCY, SEVERE	Autosomal recessive	1
ASAH1-related disorders	Autosomal recessive	12
ASCC1-related disorder	Autosomal recessive	2
ASCL1-related disorder	Autosomal recessive	1
ASL-related disorder	Autosomal recessive	9
ASNS-related disorder	Autosomal recessive	6
ASPA-related disorder	Autosomal recessive	6
ASPARTYLGLUCOSAMINURIA, FINNISH TYPE	Autosomal recessive	1
ASPM-related disorder	Autosomal recessive	48
ASS1-related disorder	Autosomal recessive	11
ASXL1-related disorder	Autosomal dominant	19
ATAXIA WITH ISOLATED VITAMIN E DEFICIENCY AND RETINITIS PIGMENTOSA	Autosomal recessive	1
ATAXIA, FRIEDREICH-LIKE, WITH ISOLATED VITAMIN E DEFICIENCY	Autosomal recessive	6
ATCAY-related disorder	Autosomal recessive	2
ATF6-related disorder	Autosomal recessive	1
ATIC-related disorder	Autosomal recessive	1
ATL1-related disorder	Autosomal dominant	12
ATL3-related disorder	Autosomal dominant	4
ATM-related cancer predisposition	Autosomal recessive	296
ATM-related cancer predisposition syndrome	Autosomal dominant	2
ATM-related disorder	Autosomal recessive	368
ATN1-related disorder	Autosomal dominant	2
ATP13A2-related disorder	Autosomal recessive	31
ATP13A4-related disorder	Autosomal dominant	1
ATP1A2-related disorder	Autosomal dominant	21
ATP1A3-associated neurological disorder	Autosomal dominant	11
ATP1A3-related disorder	Autosomal dominant	106
ATP2A1-related disorder	Autosomal recessive	24
ATP2A2-related disorder	Autosomal dominant	9
ATP2B2-related disorder	Autosomal recessive	1
ATP2C1-related disorder	Autosomal dominant	2
ATP5PO-related disorder	Mitochondrial	1
ATP6AP1-related disorder	Autosomal recessive	1
ATP6AP2-related disorder	X-linked recessive	6
ATP6V0A2-related disorder	Autosomal recessive	10
ATP6V1B1-related disorder	Autosomal recessive	16
ATP6V1B2 related neurodevelopmental disorders	Autosomal dominant	1
ATP6VOA2-related disorder	Autosomal recessive	2
ATP7A-realted disorder	X-linked recessive	3
ATP7A-related disorder	X-linked recessive	139
ATP7B-related disorder	Autosomal recessive	79
ATP8A2-related disorder	Autosomal recessive	3
ATP8B1-related disorder	Autosomal recessive	30
ATPAF2-related disorder	Autosomal recessive	2
ATPase cation transporting 13A2 related juvenile neuronal ceroid lipofuscinosis	Autosomal recessive	1
ATR-X-related syndrome	X-linked dominant	5
ATR-related disorder	Autosomal recessive	38
ATRIAL STANDSTILL 1, DIGENIC	Autosomal dominant	3
ATRX-related disorder	X-linked dominant	63
ATTRV122I amyloidosis	Autosomal dominant	3
ATXN1-related disorder	Autosomal dominant	3
ATXN2-related disorder	Isolated cases	1
ATXN3-related disorder	Autosomal dominant	2
AUBERGER BLOOD GROUP POLYMORPHISM Au(a)/Au(b)	Autosomal recessive	1
AUH-related disorder	Autosomal recessive	6
AURKC-related disorder	Autosomal recessive	3
AUTOINFLAMMATORY SYNDROME, FAMILIAL, WITHOUT IMMUNODEFICIENCY	Autosomal dominant	3
AUTS2-related disorder	Autosomal dominant	8
AV junctional rhythm	Autosomal dominant	4
AVP-related disorder	Autosomal dominant	4
AVPR2-related disorder	X-linked recessive	8
AXIN1-related disorder	Somatic mutation	1
AXIN2-related attenuated familial adenomatous polyposis	Autosomal dominant	9
AXIN2-related disorder	Autosomal dominant	131
Aarskog syndrome	X-linked recessive	96
Abdominal obesity-metabolic syndrome 3	Autosomal dominant	20
Abdominal pain	Autosomal dominant	4
Abetalipoproteinaemia	Autosomal recessive	346
Ablepharon macrostomia syndrome	Autosomal dominant	1
Abnormal CSF lactate concentration	Mitochondrial	1
Abnormal activity of mitochondrial respiratory chain	Autosomal recessive	1
Abnormal aortic valve morphology	Autosomal dominant	2
Abnormal aortic valve physiology	Autosomal dominant	1
Abnormal atrioventricular conduction	Autosomal dominant	1
Abnormal axial skeleton morphology	Autosomal dominant	1
Abnormal basal ganglia MRI signal intensity	Autosomal dominant	1
Abnormal basal ganglia morphology	Autosomal dominant	2
Abnormal bleeding	Autosomal dominant	59
Abnormal blistering of the skin	Autosomal dominant	14
Abnormal brain morphology	Autosomal recessive	28
Abnormal brainstem morphology	Autosomal recessive	6
Abnormal cardiac test	Autosomal dominant	1
Abnormal cardiovascular system morphology	Autosomal dominant	30
Abnormal central motor function	Autosomal recessive	23
Abnormal cerebellum morphology	Autosomal recessive	2
Abnormal cerebral cortex morphology	Autosomal dominant	1
Abnormal cerebral morphology	Autosomal dominant	8
Abnormal cerebral white matter morphology	Autosomal recessive	3
Abnormal choroid morphology	Autosomal recessive	1
Abnormal circulating calcium concentration	Autosomal dominant	1
Abnormal circulating carbohydrate concentration	Autosomal recessive	1
Abnormal circulating enzyme concentration	Autosomal recessive	2
Abnormal circulating ornithine concentration	X-linked recessive	1
Abnormal corpus callosum morphology	Autosomal dominant	4
Abnormal cortical gyration	Autosomal dominant	2
Abnormal cranial suture/fontanelle morphology	Autosomal recessive	1
Abnormal dental enamel morphology	Autosomal dominant	8
Abnormal digit morphology	Autosomal dominant	3
Abnormal earlobe morphology	Autosomal dominant	2
Abnormal electroretinogram	Autosomal dominant	7
Abnormal emotional state	Autosomal dominant	2
Abnormal facial shape	Autosomal dominant	19
Abnormal finger morphology	Autosomal dominant	1
Abnormal foot morphology	Autosomal dominant	2
Abnormal glycosylation	Autosomal recessive	1
Abnormal heart morphology	Autosomal dominant	16
Abnormal heart valve morphology	X-linked dominant	1
Abnormal intrahepatic bile duct morphology	Autosomal recessive	2
Abnormal liver function tests during pregnancy	Autosomal recessive	2
Abnormal lung growth, pulmonary hypertension, microcephaly, and spasticity	Autosomal dominant	1
Abnormal lymph node morphology	Somatic mutation	1
Abnormal macular morphology	Autosomal dominant	7
Abnormal macular pigmentation	Autosomal dominant	4
Abnormal meiosis	Autosomal recessive	1
Abnormal mitochondria in muscle tissue	Autosomal dominant	1
Abnormal muscle fiber dystrophin expression	X-linked recessive	1
Abnormal myelination	Autosomal dominant	1
Abnormal nail morphology	Autosomal dominant	2
Abnormal optic nerve morphology	Autosomal recessive	3
Abnormal pattern of respiration	Autosomal recessive	2
Abnormal peripheral nervous system morphology	Autosomal dominant	3
Abnormal pinna morphology	Autosomal dominant	7
Abnormal platelet aggregation	Autosomal recessive	2
Abnormal platelet function	Autosomal recessive	1
Abnormal posterior cranial fossa morphology	Autosomal dominant	2
Abnormal pulmonary interstitial morphology	Autosomal dominant	3
Abnormal pyramidal sign	Autosomal recessive	5
Abnormal rectum morphology	Autosomal dominant	1
Abnormal retinal morphology	Autosomal recessive	4
Abnormal retinal pigmentation	Autosomal dominant	3
Abnormal skeletal morphology	Autosomal recessive	1
Abnormal skull morphology	Autosomal recessive	1
Abnormal speech pattern	Autosomal recessive	9
Abnormal sternum morphology	Autosomal dominant	4
Abnormal thrombosis	Autosomal dominant	2
Abnormal trabecular meshwork morphology	Autosomal dominant	1
Abnormal upper motor neuron morphology	Autosomal dominant	2
Abnormal vena cava morphology	Autosomal dominant	2
Abnormal zygomatic bone morphology	Autosomal dominant	2
Abnormality of blood and blood-forming tissues	Autosomal dominant	3
Abnormality of coagulation	Autosomal dominant	17
Abnormality of connective tissue	Autosomal recessive	2
Abnormality of corpus callosum	Autosomal recessive	4
Abnormality of eye movement	Autosomal recessive	6
Abnormality of iron homeostasis	Autosomal recessive	2
Abnormality of metabolism/homeostasis	Autosomal recessive	38
Abnormality of mitochondrial metabolism	Autosomal recessive	1
Abnormality of neuronal migration	Autosomal recessive	6
Abnormality of pain sensation	Autosomal dominant	2
Abnormality of prenatal development or birth	Autosomal recessive	11
Abnormality of refraction	Autosomal dominant	3
Abnormality of the anus	Autosomal recessive	1
Abnormality of the cardiovascular system	Autosomal dominant	2
Abnormality of the dentition	Autosomal dominant	11
Abnormality of the eye	Autosomal recessive	28
Abnormality of the face	X-linked dominant	3
Abnormality of the immune system	Autosomal dominant	2
Abnormality of the kidney	Autosomal recessive	5
Abnormality of the lower limb	Autosomal dominant	1
Abnormality of the male genitalia	Autosomal dominant	3
Abnormality of the mitochondrion	X-linked dominant	1
Abnormality of the musculature	Autosomal recessive	99
Abnormality of the neck	Autosomal recessive	1
Abnormality of the nervous system	Autosomal recessive	101
Abnormality of the outer ear	Autosomal dominant	1
Abnormality of the ovary	Autosomal dominant	3
Abnormality of the pancreas	Autosomal dominant	1
Abnormality of the skeletal system	Autosomal dominant	36
Abnormality of the skin	Autosomal dominant	41
Abnormality of the vertebral column	Autosomal recessive	1
Abnormality of vision	Autosomal dominant	5
Abnormality of visual evoked potentials	Autosomal dominant	1
Abortive cerebellar ataxia	Autosomal recessive	36
Abruzzo-Erickson syndrome	X-linked	6
Absence of pubertal development	Autosomal recessive	1
Absence of the sacrum	Autosomal dominant	4
Absence seizure	Autosomal dominant	272
Absent Achilles reflex	Autosomal recessive	1
Absent epiphyses	Autosomal recessive	2
Absent finger	Autosomal dominant	1
Absent inner and outer dynein arms	Autosomal recessive	1
Absent muscle fiber calpain-3	Autosomal recessive	2
Absent or delayed speech development	Autosomal dominant	4
Absent radius	Autosomal recessive	1
Absent speech	Autosomal recessive	10
Absent vertebral body mineralization	Autosomal dominant	1
Acampomelic Campomelic Dysplasia	Autosomal dominant	1
Acanthocytosis	Autosomal dominant	2
Acanthosis nigricans	Autosomal recessive	1
Accessory ectopic thyroid tissue	Autosomal dominant	1
Acetabular dysplasia	Autosomal dominant	3
Acetazolamide-responsive myotonia	Autosomal dominant	7
Acetyl-CoA acetyltransferase-2 deficiency	Isolated cases	1
Acetyl-CoA: carboxylase deficiency	Autosomal recessive	8
Achalasia-alacrima syndrome	Autosomal recessive	1
Acheiropodia	Autosomal dominant	13
Achilles tendon contracture	Autosomal recessive	2
Achondrogenesis type II	Autosomal dominant	855
Achondrogenesis, type IA	Autosomal recessive	694
Achondrogenesis, type IB	Autosomal recessive	3032
Achondroplasia	Autosomal dominant	341
Achromatopsia	Autosomal recessive	252
Achromatopsia 2	Autosomal recessive	232
Achromatopsia 3	Autosomal recessive	402
Achromatopsia 5	Autosomal recessive	2
Achromatopsia 6	Autosomal dominant	18
Achromatopsia 7	Autosomal recessive	30
Acid alpha-glucosidase, allele 2	Autosomal recessive	1
Acid alpha-glucosidase, allele 4	Autosomal recessive	1
Acid sphingomyelinase deficiency	Autosomal recessive	25
Acne inversa, familial, 1	Autosomal dominant	22
Acne inversa, familial, 2	Autosomal dominant	9
Acne inversa, familial, 3	Autosomal dominant	999
Acoustic neuroma	Autosomal dominant	2
Acquired hemoglobin H disease	X-linked dominant	32
Acquired long QT syndrome	Autosomal dominant	2
Acquired partial lipodystrophy	Autosomal recessive	3
Acquired polycythemia vera	Autosomal dominant	19
Acquired susceptibility to long QT syndrome 1	Autosomal dominant	3
Acral peeling skin syndrome	Autosomal recessive	77
Acrocallosal syndrome	Autosomal recessive	2096
Acrocapitofemoral dysplasia	Autosomal recessive	16
Acrocephalosyndactyly type I	Autosomal dominant	877
Acrodermatitis continua suppurativa of Hallopeau	Autosomal recessive	23
Acrodysostosis 1 with or without hormone resistance	Autosomal dominant	261
Acrodysostosis 2 with or without hormone resistance	Autosomal dominant	180
Acroerythrokeratoderma	Autosomal recessive	29
Acrofacial dysostosis Cincinnati type	Autosomal dominant	45
Acrokeratosis verruciformis of Hopf	Autosomal dominant	47
Acroleukopathy, symmetric	Somatic mutation	2
Acromelic frontonasal dysostosis	Autosomal dominant	27
Acromesomelic dysplasia 1, Maroteaux type	Autosomal recessive	577
Acromesomelic dysplasia 2B	Autosomal recessive	142
Acromesomelic dysplasia 2C, Hunter-Thompson type	Autosomal recessive	137
Acromesomelic dysplasia 3	Autosomal recessive	245
Acromicric dysplasia	Autosomal dominant	2960
Acroosteolysis-keloid-like lesions-premature aging syndrome	Autosomal dominant	1446
Actin accumulation myopathy	Autosomal dominant	500
Action myoclonus-renal failure syndrome	Autosomal recessive	125
Activated PI3K-delta syndrome	Autosomal dominant	49
Aculeiform cataract	Autosomal dominant	19
Acute aortic dissection	Autosomal dominant	17
Acute encephalopathy	Autosomal dominant	1
Acute episodes of neuropathic symptoms	Autosomal dominant	2
Acute febrile neutrophilic dermatosis	Autosomal dominant	322
Acute infantile liver failure due to synthesis defect of mtDNA-encoded proteins	Autosomal recessive	269
Acute infantile liver failure-cerebellar ataxia-peripheral sensory motor neuropathy syndrome	Autosomal recessive	34
Acute intermittent porphyria	Autosomal dominant	155
Acute leukemia of ambiguous lineage	Autosomal dominant	2
Acute liver failure	Autosomal dominant	1
Acute lymphoid leukemia	Autosomal recessive	152
Acute megakaryoblastic leukemia	Autosomal dominant	2
Acute megakaryoblastic leukemia in down syndrome	Autosomal dominant	3
Acute megakaryoblastic leukemia without down syndrome	Autosomal dominant	1
Acute monoblastic leukemia	Autosomal dominant	1
Acute monocytic leukemia	Autosomal dominant	1
Acute myeloid leukemia	Autosomal dominant	2268
Acute myocardial infarction	Autosomal dominant	2
Acute rhabdomyolysis	Autosomal recessive	44
Acyl-CoA dehydrogenase 9 deficiency	Autosomal recessive	308
Acyl-CoA dehydrogenase deficiency, glutaric acidemia type II	Autosomal recessive	1
Acyl-CoA oxidase deficiency	Autosomal recessive	820
Adams-Oliver syndrome	Autosomal dominant	10
Adams-Oliver syndrome 1	Autosomal dominant	68
Adams-Oliver syndrome 2	Autosomal recessive	105
Adams-Oliver syndrome 3	Autosomal dominant	15
Adams-Oliver syndrome 4	Autosomal recessive	150
Adams-Oliver syndrome 5	Autosomal dominant	4097
Adams-Oliver syndrome 6	Autosomal dominant	29
Adenine phosphoribosyltransferase deficiency	Autosomal recessive	125
Adenocarcinoma	Autosomal dominant	5
Adenoma, cortisol-producing	Autosomal recessive	1
Adenomatous colonic polyposis	Autosomal dominant	4
Adenomatous polyp of colon	Autosomal dominant	2
Adenosine deaminase 2 allozyme	Somatic mosaicism	1
Adenosine kinase deficiency	Autosomal recessive	54
Adenylate kinase deficiency	Autosomal recessive	1
Adenylosuccinate lyase deficiency	Autosomal recessive	827
Adermatoglyphia	Autosomal dominant	13
Adrenal cortex carcinoma	Autosomal dominant	25
Adrenal cortex neoplasm	Somatic mutation	1
Adrenocortical carcinoma, hereditary	Autosomal dominant	299
Adrenoleukodystrophy	X-linked recessive	1525
Adult hypophosphatasia	Autosomal recessive	479
Adult neuronal ceroid lipofuscinosis	Autosomal recessive	6
Adult onset hereditary spastic paraplegia	Autosomal recessive	1
Adult onset neurodegenerative disorder	Autosomal dominant	11
Adult polyglucosan body disease	Autosomal recessive	245
Adult polyglucosan body neuropathy	Autosomal recessive	8
Adult-onset citrullinemia type I	Autosomal recessive	10
Adult-onset foveomacular vitelliform dystrophy	Autosomal dominant	246
Adult-onset night blindness	Autosomal recessive	5
Adult-onset proximal spinal muscular atrophy, autosomal dominant	Autosomal dominant	708
Advanced sleep phase syndrome 1	Autosomal dominant	11
Advanced sleep phase syndrome 2	Autosomal dominant	2
Advanced sleep phase syndrome 3	Autosomal dominant	8
Aerodigestive tract cancer, squamous cell, alcohol-related, protection against	Multifactorial	1
Afibrinogenemia	Autosomal recessive	4
Agammaglobulinaemia with absent BTK expression	X-linked recessive	1
Agammaglobulinemia 2, autosomal recessive	Autosomal recessive	237
Agammaglobulinemia 3, autosomal recessive	Autosomal recessive	163
Agammaglobulinemia 4, autosomal recessive	Autosomal recessive	336
Agammaglobulinemia 5, autosomal dominant	Autosomal dominant	19
Agammaglobulinemia 6, autosomal recessive	Autosomal recessive	170
Agammaglobulinemia 7, autosomal recessive	Autosomal dominant	1065
Agammaglobulinemia 8, autosomal dominant	Autosomal dominant	44
Agammaglobulinemia 8b, autosomal recessive	Autosomal dominant	22
Aganglionic megacolon	Autosomal dominant	69
Aganglionosis, total intestinal	Autosomal recessive	1
Age related macular degeneration 1	Autosomal dominant	533
Age related macular degeneration 11	Autosomal dominant	1
Age related macular degeneration 13	Autosomal dominant	279
Age related macular degeneration 14	Autosomal recessive	52
Age related macular degeneration 2	Autosomal dominant	246
Age related macular degeneration 4	Autosomal dominant	1203
Age related macular degeneration 5	Autosomal recessive	658
Age related macular degeneration 6	Autosomal dominant	67
Age related macular degeneration 7	Autosomal recessive	1
Age related macular degeneration 9	Autosomal dominant	423
Age-related macular degeneration	Autosomal dominant	11
Agenesis of permanent teeth	Autosomal recessive	2
Agenesis of the corpus callosum with peripheral neuropathy	Autosomal recessive	480
Aggressive behavior	Autosomal dominant	2
Aggressive systemic mastocytosis	Autosomal dominant	1
Agnathia-otocephaly complex	Autosomal dominant	9
Aicardi Goutieres syndrome	Autosomal recessive	103
Aicardi syndrome	X-linked dominant	1
Aicardi-Goutieres syndrome 1	Autosomal dominant	1670
Aicardi-Goutieres syndrome 1, autosomal dominant	Autosomal dominant	6
Aicardi-Goutieres syndrome 2	Autosomal recessive	483
Aicardi-Goutieres syndrome 3	Autosomal recessive	368
Aicardi-Goutieres syndrome 4	Autosomal recessive	510
Aicardi-Goutieres syndrome 5	Autosomal recessive	872
Aicardi-Goutieres syndrome 6	Autosomal recessive	1475
Aicardi-Goutieres syndrome 7	Autosomal dominant	3070
Aicardi-Goutieres syndrome 9	Autosomal recessive	1
Akinesia	Autosomal recessive	5
Al-Gazali syndrome	Autosomal recessive	19
Al-Raqad syndrome	Autosomal recessive	20
Alacrima, achalasia, and intellectual disability syndrome	Autosomal recessive	104
Alagille syndrome due to a JAG1 point mutation	Autosomal dominant	1812
Alagille syndrome due to a NOTCH2 point mutation	Autosomal dominant	685
Alagille syndrome, ATP8B1 related	Autosomal recessive	1
Aland island eye disease	X-linked	46
Alanine glyoxylate aminotransferase deficiency	Autosomal recessive	5
Alazami-Yuan syndrome	Autosomal dominant	1
Albinism	Autosomal recessive	17
Albinism or congenital nystagmus	Autosomal recessive	26
Albright hereditary osteodystrophy, pseudohypoparathyroidism, pseudopseudohypoparathyroidism, acrodysostosis and osteoma cutis	Autosomal dominant	18
Alcohol dependence	Multifactorial	9
Alcohol dependence, susceptibility to	Multifactorial	1
Alcohol sensitivity, acute	Multifactorial	1
Aldosterone-producing adenoma with seizures and neurological abnormalities	Autosomal dominant	91
Aldosterone-producing adrenal adenoma, somatic	Autosomal dominant	3
Alexander disease	Autosomal dominant	178
Alkaptonuria	Autosomal recessive	590
Alkuraya-Kucinskas syndrome	Autosomal dominant	1
Allan-Herndon-Dudley syndrome	X-linked dominant	106
Allergic rhinitis, susceptibility to	Autosomal dominant	1
Alopecia areata	Autosomal dominant	2
Alopecia of scalp	Autosomal dominant	8
Alopecia universalis congenita	Autosomal recessive	342
Alopecia-intellectual disability syndrome 4	Autosomal recessive	9
Alpha thalassemia X-linked intellectual disability (ATRX) syndrome	X-linked dominant	1
Alpha thalassemia-X-linked intellectual disability syndrome	X-linked dominant	2222
Alpha-1-antitrypsin deficiency	Autosomal recessive	412
Alpha-2-plasmin inhibitor deficiency	Autosomal recessive	4
Alpha-N-acetylgalactosaminidase deficiency	Autosomal recessive	7
Alpha-N-acetylgalactosaminidase deficiency type 1	Autosomal recessive	423
Alpha-N-acetylgalactosaminidase deficiency type 2	Autosomal recessive	140
Alpha-N-acetylgalactosaminidase deficiency type 3	Autosomal recessive	6
Alpha-actinopathy	Autosomal dominant	42
Alpha-fetoprotein deficiency	Autosomal recessive	3
Alpha-fetoprotein, hereditary persistence of	Autosomal dominant	7
Alpha-methylacyl-CoA racemase deficiency	Autosomal recessive	391
Alpha-thalassemia, Dutch type	Autosomal dominant	1
Alpha-thalassemia-2, nondeletional	Autosomal dominant	1
Alpha-thalassemia/intellectual disability syndrome	X-linked dominant	1
Alport syndrome	Autosomal dominant	416
Alport syndrome 3b, autosomal recessive	Autosomal dominant	452
Alstrom syndrome	Autosomal recessive	6269
Altered myosin contractile function	Autosomal dominant	1
Alternating hemiplegia of childhood	Autosomal dominant	1
Alternating hemiplegia of childhood 1	Autosomal dominant	381
Alternating hemiplegia of childhood 2	Autosomal dominant	373
Alveolar capillary dysplasia with pulmonary venous misalignment	Autosomal dominant	79
Alveolar capillary dysplasia without misalignment of pulmonary veins	Autosomal recessive	2
Alveolar rhabdomyosarcoma	Autosomal dominant	24
Alzheimer disease	Autosomal dominant	73
Alzheimer disease 18	Autosomal dominant	1
Alzheimer disease 2	Autosomal dominant	44
Alzheimer disease 3	Autosomal dominant	1299
Alzheimer disease 4	Autosomal dominant	358
Alzheimer disease 9	Autosomal dominant	36
Alzheimer disease familial 3, with spastic paraparesis	Autosomal dominant	4
Alzheimer disease type 1	Autosomal dominant	100
Alzheimer disease, familial, 3, with spastic paraparesis and apraxia	Autosomal dominant	4
Alzheimer disease, familial, 3, with unusual plaques	Autosomal dominant	8
Alzheimer disease, familial, with spastic paraparesis and unusual plaques	Autosomal dominant	5
Ambiguous genitalia	Autosomal recessive	1
Amblyopia	Autosomal recessive	8
Amegakaryocytic thrombocytopenia, congenital, 2	Autosomal dominant	7
Amelocerebrohypohidrotic syndrome	Autosomal recessive	598
Amelogenesis imperfecta	Autosomal recessive	3
Amelogenesis imperfecta - hypoplastic autosomal dominant - local	Autosomal dominant	16
Amelogenesis imperfecta hypomaturation type 2A2	Autosomal recessive	69
Amelogenesis imperfecta hypomaturation type 2A3	Autosomal recessive	306
Amelogenesis imperfecta hypomaturation type 2A4	Autosomal recessive	6
Amelogenesis imperfecta hypomaturation type 2A5	Autosomal recessive	5
Amelogenesis imperfecta type 1	Autosomal dominant	1
Amelogenesis imperfecta type 1A	Autosomal recessive	172
Amelogenesis imperfecta type 1C	Autosomal recessive	6
Amelogenesis imperfecta type 1E	X-linked dominant	17
Amelogenesis imperfecta type 1F	Autosomal recessive	13
Amelogenesis imperfecta type 1G	Autosomal recessive	144
Amelogenesis imperfecta type 1H	Autosomal recessive	16
Amelogenesis imperfecta type 2A1	Autosomal recessive	6
Amelogenesis imperfecta, hypocalcification type	Autosomal dominant	4
Amelogenesis imperfecta, type 3A	Autosomal dominant	18
Amenorrhea	Autosomal recessive	15
Aminoacylase 1 deficiency	Autosomal recessive	39
Aminoglycoside-induced deafness	Autosomal recessive	57
Amish lethal microcephaly	Autosomal recessive	44
Amyloidosis	Autosomal dominant	8
Amyloidosis, hereditary systemic 1	Autosomal dominant	484
Amyloidosis, hereditary systemic 5	Autosomal dominant	2
Amyloidosis, hereditary systemic 6	Autosomal recessive	10
Amyloidosis, primary localized cutaneous, 1	Autosomal dominant	11
Amyloidosis, primary localized cutaneous, 2	Autosomal dominant	8
Amyotrophic Lateral Sclerosis with Sensory Neuropathy	Autosomal recessive	1
Amyotrophic lateral sclerosis	Autosomal dominant	79
Amyotrophic lateral sclerosis 1, autosomal recessive	Autosomal dominant	2
Amyotrophic lateral sclerosis 26 with or without frontotemporal dementia	Autosomal dominant	3
Amyotrophic lateral sclerosis 27, juvenile	Autosomal dominant	9
Amyotrophic lateral sclerosis type 1	Autosomal dominant	4298
Amyotrophic lateral sclerosis type 10	Autosomal dominant	232
Amyotrophic lateral sclerosis type 11	Autosomal recessive	116
Amyotrophic lateral sclerosis type 12	Autosomal dominant	396
Amyotrophic lateral sclerosis type 15	X-linked dominant	195
Amyotrophic lateral sclerosis type 16	Autosomal recessive	356
Amyotrophic lateral sclerosis type 19	Autosomal dominant	29
Amyotrophic lateral sclerosis type 2, juvenile	Autosomal recessive	251
Amyotrophic lateral sclerosis type 20	Autosomal dominant	6
Amyotrophic lateral sclerosis type 21	Autosomal dominant	572
Amyotrophic lateral sclerosis type 22	Autosomal dominant	16
Amyotrophic lateral sclerosis type 4	Autosomal dominant	1496
Amyotrophic lateral sclerosis type 5	Autosomal recessive	946
Amyotrophic lateral sclerosis type 6	Autosomal dominant	334
Amyotrophic lateral sclerosis type 8	Autosomal dominant	707
Amyotrophic lateral sclerosis type 9	Autosomal dominant	1
Amyotrophic lateral sclerosis, susceptibility to	Autosomal dominant	10
Amyotrophic lateral sclerosis, susceptibility to, 24	Digenic recessive	21
Amyotrophic lateral sclerosis, susceptibility to, 25	Autosomal dominant	10
Amyotrophic lateral sclerosis-parkinsonism-dementia complex	Autosomal dominant	10
Amyotrophic neuralgia	Autosomal dominant	135
Anadysplasia-like, spontaneously remitting spondylometaphyseal dysplasia	Autosomal recessive	2
Analbuminemia	Autosomal dominant	1
Anaphylotoxin inactivator deficiency	Autosomal recessive	3
Anaplastic ependymoma	Autosomal dominant	2
Anaplastic/large cell medulloblastoma	Autosomal dominant	5
Anauxetic dysplasia	Autosomal recessive	405
Anauxetic dysplasia 1	Autosomal recessive	167
Andersen Tawil syndrome	Autosomal dominant	670
Androgen insensitivity, partial, with breast cancer	X-linked recessive	2
Androgen resistance syndrome	X-linked recessive	1496
Anemia	Autosomal dominant	7
Anemia, congenital dyserythropoietic, type 1a	Autosomal recessive	268
Anemia, congenital dyserythropoietic, type IVb	Autosomal dominant	2
Anemia, nonspherocytic hemolytic, due to G6PD deficiency	X-linked dominant	3
Anencephaly	Autosomal dominant	2
Aneurysm of descending aorta	Autosomal dominant	1
Aneurysm-osteoarthritis syndrome	Autosomal dominant	375
Angelman syndrome	Isolated cases	782
Angelman syndrome-like	X-linked dominant	895
Angioedema	Autosomal dominant	3
Angioedema, hereditary, 4	Autosomal recessive	137
Angioedema, hereditary, 6	Autosomal recessive	1
Angiokeratoma corporis diffusum with arteriovenous fistulas	Autosomal dominant	84
Angiotensin i-converting enzyme, benign serum increase	Autosomal recessive	1
Anhidrotic ectodermal dysplasia	X-linked recessive	5
Anhidrotic ectodermal dysplasia-immunodeficiency-osteopetrosis-lymphedema syndrome	X-linked dominant	1
Anhydramnios	Autosomal dominant	2
Aniridia 1	Autosomal dominant	907
Aniridia, atypical	Autosomal dominant	6
Ankle flexion contracture	Autosomal recessive	4
Ankyloblepharon-ectodermal defects-cleft lip/palate syndrome	Autosomal dominant	490
Annular epidermolytic ichthyosis	Autosomal dominant	8
Anophthalmia-microphthalmia syndrome	Autosomal dominant	300
Anophthalmia/microphthalmia-esophageal atresia syndrome	Autosomal dominant	175
Anterior creases of earlobe	Autosomal dominant	1
Anterior segment dysgenesis	Autosomal recessive	408
Anterior segment dysgenesis 1	Autosomal dominant	9
Anterior segment dysgenesis 3	Autosomal dominant	262
Anterior segment dysgenesis 4	Autosomal dominant	293
Anterior segment dysgenesis 6	Autosomal recessive	89
Anterior segment dysgenesis 7	Autosomal recessive	255
Anteverted nares	Autosomal dominant	4
Antisynthetase syndrome	Autosomal dominant	1
Antley-Bixler syndrome with genital anomalies and disordered steroidogenesis	Autosomal recessive	80
Antley-Bixler syndrome without genital anomalies or disordered steroidogenesis	Autosomal dominant	873
Anxiety	Isolated cases	2
Aortic aneurysm	Autosomal dominant	11
Aortic aneurysm, familial abdominal, 1	Autosomal dominant	2
Aortic aneurysm, familial thoracic 10	Autosomal dominant	1
Aortic aneurysm, familial thoracic 11, susceptibility to	Autosomal recessive	6
Aortic aneurysm, familial thoracic 2	X-linked dominant	3
Aortic aneurysm, familial thoracic 4	Autosomal dominant	2457
Aortic aneurysm, familial thoracic 6	Autosomal dominant	500
Aortic aneurysm, familial thoracic 7	Autosomal dominant	2112
Aortic aneurysm, familial thoracic 8	Autosomal dominant	613
Aortic aneurysm, familial thoracic 9	Autosomal dominant	15
Aortic aneurysm, familial thoracic, SMAD3 related	Autosomal dominant	1
Aortic aneurysm, familial thoracic, TGFB2 related	Autosomal dominant	1
Aortic arch interruption	Autosomal dominant	4
Aortic dissection	Autosomal dominant	10
Aortic regurgitation	Autosomal dominant	1
Aortic root aneurysm	Autosomal dominant	2
Aortic tortuosity	Autosomal dominant	2
Aortic valve atresia	Autosomal recessive	1
Aortic valve disease 1	Autosomal dominant	1381
Aortic valve disease 2	Autosomal dominant	1303
Aortic valve disorder	Autosomal dominant	10
Aplasia cutis congenita	Autosomal dominant	4
Aplasia/Hypoplasia involving the metacarpal bones	Autosomal dominant	1
Aplasia/Hypoplasia of the cerebellum	Autosomal dominant	1
Aplasia/Hypoplasia of the corpus callosum	Autosomal recessive	1
Aplasia/Hypoplasia of the nails	Autosomal dominant	1
Aplasia/Hypoplasia of the phalanges of the hand	Autosomal dominant	1
Aplasia/hypoplasia involving bones of the lower limbs	Autosomal dominant	2
Aplasia/hypoplasia of the femur	Autosomal recessive	2
Aplastic anemia	Autosomal recessive	505
Aplastic anemia, susceptibility to	Autosomal recessive	1
Apnea	Autosomal dominant	2
Apolipoprotein A-II amyloidosis	Autosomal dominant	1
Apolipoprotein c-ii variant	Autosomal recessive	1
Apparent mineralocorticoid excess	Autosomal recessive	93
Apparent mineralocorticoid excess, mild	Autosomal recessive	1
Appendicitis	Autosomal dominant	11
Arachnodactyly	Autosomal dominant	11
Areflexia of lower limbs	Autosomal recessive	1
Arginase deficiency	Autosomal recessive	540
Arginine:glycine amidinotransferase deficiency	Autosomal recessive	598
Argininosuccinate lyase deficiency	Autosomal recessive	863
Ariboflavinosis	Autosomal dominant	20
Aromatase deficiency	Autosomal dominant	17
Aromatase excess syndrome	Autosomal dominant	17
Arrhinia with choanal atresia and microphthalmia syndrome	Autosomal dominant	1
Arrhythmogenic cardiomyopathy with wooly hair and keratoderma	Autosomal recessive	4950
Arrhythmogenic right ventricular cardiomyopathy	Autosomal dominant	1242
Arrhythmogenic right ventricular dysplasia 1	Autosomal dominant	106
Arrhythmogenic right ventricular dysplasia 10	Autosomal dominant	1537
Arrhythmogenic right ventricular dysplasia 11	Autosomal dominant	1344
Arrhythmogenic right ventricular dysplasia 12	Autosomal dominant	1195
Arrhythmogenic right ventricular dysplasia 13	Autosomal dominant	872
Arrhythmogenic right ventricular dysplasia 2	Autosomal dominant	512
Arrhythmogenic right ventricular dysplasia 5	Autosomal dominant	957
Arrhythmogenic right ventricular dysplasia 8	Autosomal recessive	4441
Arrhythmogenic right ventricular dysplasia 9	Autosomal dominant	1604
Arrhythmogenic right ventricular dysplasia, familial, 15	Autosomal dominant	3
Arrhythmogenic ventricular cardiomyopathy	Autosomal dominant	2
Arterial calcification, generalized, of infancy, 1	Autosomal dominant	376
Arterial calcification, generalized, of infancy, 2	Autosomal recessive	989
Arterial dissection	Autosomal dominant	4
Arterial tortuosity	Autosomal dominant	1
Arterial tortuosity syndrome	Autosomal recessive	503
Arteriohepatic dysplasia	Autosomal dominant	5
Arteriovenous malformation	Autosomal dominant	4
Arthralgia	Autosomal recessive	3
Arthrogryposis	Autosomal dominant	3
Arthrogryposis multiplex congenita	Autosomal recessive	95
Arthrogryposis multiplex congenita 2, neurogenic type	Autosomal recessive	3
Arthrogryposis multiplex congenita 3, myogenic type	Autosomal recessive	122
Arthrogryposis multiplex congenita 5	Autosomal dominant	7
Arthrogryposis multiplex congenita 6	Autosomal recessive	570
Arthrogryposis syndrome	Autosomal recessive	12
Arthrogryposis with renal dysfunction and cholestasis syndrome	Autosomal recessive	1
Arthrogryposis, Perthes disease, and upward gaze palsy	Autosomal recessive	19
Arthrogryposis, distal, IIa 11	Autosomal dominant	56
Arthrogryposis, distal, type 1A	Autosomal dominant	309
Arthrogryposis, distal, type 1B	Autosomal recessive	17
Arthrogryposis, distal, type 2B3	Autosomal dominant	97
Arthrogryposis, distal, type 2B4	Autosomal dominant	1
Arthrogryposis, distal, with impaired proprioception and touch	Autosomal dominant	152
Arthrogryposis, renal dysfunction, and cholestasis 1	Autosomal recessive	190
Arthrogryposis, renal dysfunction, and cholestasis 2	Autosomal recessive	89
Arthrogryposis- oculomotor limitation-electroretinal anomalies syndrome	Autosomal dominant	178
Arthrogryposis-like hand anomaly	Autosomal recessive	3
Arts syndrome	X-linked recessive	100
Ascending aortic dissection	Autosomal dominant	2
Ascending tubular aorta aneurysm	Autosomal dominant	8
Aspartylglucosaminuria	Autosomal recessive	518
Asperger syndrome, X-linked, susceptibility to, 2	X-linked	3
Aspergillosis, susceptibility to	Autosomal recessive	4
Asphyxiating thoracic dystrophy 1	Autosomal recessive	9
Asphyxiating thoracic dystrophy 2	Autosomal recessive	196
Asphyxiating thoracic dystrophy 3	Digenic recessive	722
Asphyxiating thoracic dystrophy 4	Autosomal recessive	390
Asphyxiating thoracic dystrophy 5	Autosomal recessive	2895
Aspiration pneumonia	Autosomal recessive	2
Asplenia	Autosomal dominant	1
Associated with severe COVID-19 disease	Autosomal dominant	2
Association with valproate-induced liver toxicity	Autosomal recessive	5
Asthma	Autosomal dominant	2
Asthma, nasal polyps, and aspirin intolerance	Autosomal recessive	8
Astigmatism	Autosomal dominant	3
Astroblastoma, MN1-altered	Autosomal dominant	2
Astrocytic tumor	Autosomal dominant	3
Astrocytoma	Autosomal dominant	6
Astrocytoma IDH-mutant	Autosomal dominant	7
Astrocytoma, anaplastic	Autosomal dominant	6
Astrocytoma, low-grade, somatic	Somatic mutation	1
Asymmetric septal hypertrophy	Autosomal dominant	10
Ataxia	Autosomal dominant	6
Ataxia   Neurologic (child onset)	Autosomal dominant	4
Ataxia - intellectual disability - oculomotor apraxia - cerebellar cysts syndrome	Autosomal recessive	193
Ataxia - oculomotor apraxia type 4	Autosomal recessive	135
Ataxia - telangiectasia variant	Autosomal recessive	6
Ataxia and polyneuropathy, adult-onset	Mitochondrial	1
Ataxia telangiectasi	Autosomal recessive	1
Ataxia with oculomotor apraxia type 3	Autosomal recessive	21
Ataxia, early-onset, with oculomotor apraxia and hypoalbuminemia	Autosomal recessive	94
Ataxia, spastic, childhood-onset, autosomal recessive, with optic atrophy and intellectual disability	Autosomal recessive	1
Ataxia-hypogonadism-choroidal dystrophy syndrome	Autosomal recessive	139
Ataxia-pancytopenia syndrome	Autosomal dominant	99
Ataxia-telangiectasia syndrome	Autosomal recessive	14046
Ataxia-telangiectasia without immunodeficiency	Autosomal recessive	1
Ataxia-telangiectasia-like disorder	Autosomal recessive	224
Ataxia-telangiectasia-like disorder 1	Autosomal recessive	373
Ataxia-telangiectasia-like disorder 2	Autosomal recessive	2
Ateleiotic dwarfism	Autosomal recessive	34
Atelosteogenesis type I	Autosomal dominant	189
Atelosteogenesis type II	Autosomal recessive	2939
Atelosteogenesis type III	Autosomal dominant	185
Athabaskan severe combined immunodeficiency	Autosomal recessive	138
Atopic eczema	Autosomal dominant	3
Atransferrinemia	Autosomal recessive	78
Atresia of urethra	Autosomal dominant	1
Atrial fibrillation	Autosomal dominant	68
Atrial fibrillation, familial, 1	Autosomal dominant	6
Atrial fibrillation, familial, 10	Autosomal dominant	1247
Atrial fibrillation, familial, 11	Autosomal dominant	607
Atrial fibrillation, familial, 12	Autosomal dominant	107
Atrial fibrillation, familial, 13	Autosomal dominant	66
Atrial fibrillation, familial, 14	Autosomal dominant	159
Atrial fibrillation, familial, 15	Autosomal recessive	7
Atrial fibrillation, familial, 16	Autosomal dominant	2
Atrial fibrillation, familial, 3	Autosomal dominant	493
Atrial fibrillation, familial, 4	Autosomal dominant	31
Atrial fibrillation, familial, 6	Autosomal dominant	162
Atrial fibrillation, familial, 7	Autosomal dominant	523
Atrial fibrillation, familial, 9	Autosomal dominant	250
Atrial septal defect	Autosomal dominant	9
Atrial septal defect 1	Autosomal dominant	6
Atrial septal defect 2	Autosomal dominant	110
Atrial septal defect 3	Autosomal dominant	234
Atrial septal defect 4	Autosomal dominant	3
Atrial septal defect 5	Autosomal dominant	1583
Atrial septal defect 6	Autosomal dominant	20
Atrial septal defect 7	Autosomal dominant	718
Atrial septal defect 8	Autosomal dominant	7
Atrial septal defect 9	Autosomal dominant	76
Atrial septal defect, ostium secundum type	Autosomal dominant	5
Atrial standstill 1	Autosomal dominant	587
Atrial standstill 2	Autosomal dominant	10
Atrichia with papular lesions	Autosomal recessive	340
Atrioventricular block	Autosomal dominant	7
Atrioventricular septal defect 4	Autosomal dominant	862
Atrioventricular septal defect 5	Autosomal dominant	642
Atrioventricular septal defect and common atrioventricular junction	Autosomal recessive	15
Atrioventricular septal defect, partial, with heterotaxy syndrome	Autosomal dominant	1
Atrioventricular septal defect, somatic	Autosomal dominant	1
Atrioventricular septal defect, susceptibility to, 2	Autosomal dominant	112
Atrophia bulborum hereditaria	X-linked recessive	41
Atrophic scars	Autosomal dominant	2
Atrophy/Degeneration affecting the brainstem	Autosomal recessive	1
Atrophy/Degeneration affecting the central nervous system	Isolated cases	1
Attention deficit hyperactivity disorder	Autosomal recessive	4
Attenuated familial adenomatous polyposis	Autosomal dominant	6
Atypical Rett syndrome	X-linked dominant	25
Atypical behavior	Autosomal dominant	6
Atypical chronic myeloid leukemia, BCR-ABL1 negative	Autosomal dominant	1
Atypical coarctation of aorta	Autosomal dominant	14
Atypical endometrial hyperplasia	Autosomal dominant	11
Atypical hemolytic-uremic syndrome	Autosomal dominant	1008
Atypical hemolytic-uremic syndrome with B factor anomaly	Autosomal dominant	67
Atypical hemolytic-uremic syndrome with C3 anomaly	Autosomal dominant	449
Atypical hemolytic-uremic syndrome with I factor anomaly	Autosomal dominant	348
Atypical hemolytic-uremic syndrome with MCP/CD46 anomaly	Autosomal dominant	111
Atypical hemolytic-uremic syndrome with thrombomodulin anomaly	Autosomal dominant	177
Atypical severe combined immunodeficiency due to complete RAG1/2 deficiency	Autosomal recessive	13
Atypical teratoid rhabdoid tumor	Autosomal dominant	4
Au-Kline syndrome	Autosomal dominant	89
Auditory neuropathy	Autosomal recessive	8
Auditory neuropathy spectrum disorder	Autosomal recessive	14
Auditory neuropathy, autosomal dominant 3	Autosomal dominant	122
Auditory neuropathy, autosomal recessive, 1	Autosomal recessive	5
Auditory neuropathy-optic atrophy syndrome	Autosomal recessive	1
Aural atresia, congenital	Autosomal dominant	21
Auriculocondylar syndrome	Autosomal dominant	2
Auriculocondylar syndrome 1	Autosomal dominant	20
Auriculocondylar syndrome 2	Autosomal dominant	135
Auriculocondylar syndrome 2B	Autosomal dominant	2
Auriculocondylar syndrome 3	Autosomal recessive	6
Autism	Isolated cases	226
Autism spectrum disorder	Autosomal dominant	99
Autism spectrum disorder - epilepsy - arthrogryposis syndrome	Autosomal recessive	294
Autism spectrum disorder due to AUTS2 deficiency	Autosomal dominant	154
Autism, severe	Autosomal dominant	1
Autism, susceptibility to, X-linked 1	X-linked	16
Autism, susceptibility to, X-linked 2	X-linked	32
Autism, susceptibility to, X-linked 3	X-linked recessive	154
Autism, susceptibility to, X-linked 4	X-linked recessive	38
Autistic behavior	Autosomal dominant	8
Autoimmune disease, multisystem, infantile-onset, 2	Autosomal recessive	25
Autoimmune enteropathy and endocrinopathy - susceptibility to chronic infections syndrome	Autosomal dominant	1214
Autoimmune interstitial lung disease-arthritis syndrome	Autosomal dominant	4
Autoimmune lymphoproliferative syndrome due to CTLA4 haploinsufficiency	Autosomal dominant	276
Autoimmune lymphoproliferative syndrome type 1	Autosomal dominant	641
Autoimmune lymphoproliferative syndrome type 2A	Autosomal dominant	566
Autoimmune lymphoproliferative syndrome type 2B	Autosomal recessive	334
Autoimmune lymphoproliferative syndrome type 4	Autosomal dominant	117
Autoimmune lymphoproliferative syndrome, type III caused by mutation in PRKCD	Autosomal recessive	550
Autoimmune polyendocrinopathy	Autosomal dominant	1
Autoimmune polyglandular syndrome type 1, with reversible metaphyseal dysplasia	Autosomal dominant	2
Autoimmune thrombocytopenic purpura	Autosomal dominant	1
Autoimmune thyroid disease, susceptibility to, 3	Autosomal recessive	81
Autoinflammation and autoimmunity with immune dysregulation 1	Autosomal dominant	5
Autoinflammation with arthritis and dyskeratosis	Autosomal dominant	14
Autoinflammation with arthritis and vasculitis	Autosomal dominant	5
Autoinflammation, panniculitis, and dermatosis syndrome, autosomal recessive	Autosomal recessive	17
Autoinflammation-PLCG2-associated antibody deficiency-immune dysregulation	Autosomal dominant	429
Autoinflammatory disease, X-linked	X-linked dominant	4
Autoinflammatory syndrome	Autosomal dominant	949
Autoinflammatory syndrome with immunodeficiency	Autosomal dominant	1
Autoinflammatory syndrome, familial, Behcet-like	Autosomal dominant	2
Autoinflammatory syndrome, familial, Behcet-like 1	Autosomal dominant	72
Autosomal Dominant TRPV4-Related Disorders	Autosomal dominant	3
Autosomal Recessive Hypotrichosis with Woolly Hair	Autosomal recessive	1
Autosomal Recessive Nonsyndromic Hearing Loss and Deafness	Autosomal recessive	1
Autosomal dominant ABCC8-related disorders	Autosomal dominant	3
Autosomal dominant ACTC1-related disorders	Autosomal dominant	3
Autosomal dominant ALPL-related disorders	Autosomal recessive	2
Autosomal dominant ARID1B-related disorders	Autosomal dominant	1
Autosomal dominant ATP1A3-related disorders	Autosomal dominant	3
Autosomal dominant Alport syndrome	Autosomal dominant	946
Autosomal dominant BARD1-related cancer types	Autosomal dominant	1
Autosomal dominant BARD1-related disorders	Autosomal dominant	1
Autosomal dominant BEST1-related disorders	Autosomal dominant	2
Autosomal dominant BRCA2-related cancer types	Autosomal dominant	15
Autosomal dominant C19orf12-related disorders	Autosomal recessive	2
Autosomal dominant CACNA1A-related disorders	Autosomal dominant	9
Autosomal dominant CACNA1G-related disorders	Autosomal dominant	1
Autosomal dominant COL11A1-related disorders	Autosomal dominant	1
Autosomal dominant COL1A1-related disorders	Autosomal dominant	2
Autosomal dominant COL1A2-related disorders	Autosomal dominant	2
Autosomal dominant COL2A1-related disorders	Autosomal dominant	22
Autosomal dominant COL4A1-related disorders	Autosomal dominant	4
Autosomal dominant COL4A4-related disorders	Autosomal recessive	3
Autosomal dominant COL6A2-related disorders	Autosomal dominant	1
Autosomal dominant CREBBP-related disorders	Autosomal dominant	1
Autosomal dominant CTCF-related disorders	Autosomal dominant	1
Autosomal dominant Charcot-Marie-Tooth disease type 2 due to KIF5A mutation	Autosomal dominant	1
Autosomal dominant Charcot-Marie-Tooth disease type 2K	Autosomal dominant	3
Autosomal dominant Charcot-Marie-Tooth disease type 2M	Autosomal dominant	5
Autosomal dominant Charcot-Marie-Tooth disease type 2W	Autosomal dominant	16
Autosomal dominant DES-related disorders	Autosomal dominant	1
Autosomal dominant DICER1-related disorders	Autosomal dominant	1
Autosomal dominant DNMT3A-related disorders	Autosomal dominant	3
Autosomal dominant ERF-related disorders	Autosomal dominant	1
Autosomal dominant FBN1-related disorders	Autosomal dominant	7
Autosomal dominant FGFR2-related disorders	Autosomal dominant	7
Autosomal dominant FLG-related disorders	Autosomal dominant	1
Autosomal dominant GABBR2-related disorders	X-linked dominant	1
Autosomal dominant GJB2-related disorders	Autosomal dominant	2
Autosomal dominant GLI2-related disorders	Autosomal dominant	2
Autosomal dominant HNF1B-related disorders	Autosomal dominant	1
Autosomal dominant IFIH1-related disorders	Autosomal dominant	2
Autosomal dominant KAT6B-related disorders	Autosomal dominant	1
Autosomal dominant KCNQ2-related disorders	Autosomal dominant	4
Autosomal dominant KIT-related disorders	Autosomal dominant	1
Autosomal dominant Kenny-Caffey syndrome	Autosomal dominant	21
Autosomal dominant LDLR-related disorders	Autosomal dominant	1
Autosomal dominant LRP5-related disorders	Autosomal recessive	1
Autosomal dominant MPZ-related disorders	Autosomal dominant	1
Autosomal dominant MYBPC3-related disorders	Autosomal dominant	5
Autosomal dominant NF1-related disorders	Autosomal dominant	7
Autosomal dominant Opitz G/BBB syndrome	Isolated cases	3
Autosomal dominant PAX2-related disorders	Autosomal dominant	3
Autosomal dominant PAX6-related disorders	Autosomal dominant	2
Autosomal dominant PRRT2-related disorders	Autosomal dominant	6
Autosomal dominant PSEN1-related disorders	Autosomal dominant	9
Autosomal dominant PTEN-related disorders	Autosomal dominant	3
Autosomal dominant PTPN11-related disorders	Autosomal dominant	23
Autosomal dominant Parkinson disease 1	Autosomal dominant	142
Autosomal dominant Parkinson disease 4	Autosomal dominant	36
Autosomal dominant Parkinson disease 8	Autosomal dominant	1020
Autosomal dominant RTEL1-related disorders	Autosomal dominant	5
Autosomal dominant Robinow syndrome 1	Autosomal dominant	108
Autosomal dominant Robinow syndrome 2	Autosomal dominant	80
Autosomal dominant Robinow syndrome 3	Autosomal dominant	40
Autosomal dominant SCN1A-related disorders	Autosomal dominant	17
Autosomal dominant SCN2A-related disorders	Autosomal dominant	5
Autosomal dominant SCN4A-related disorders	Autosomal dominant	4
Autosomal dominant SCN5A-related disorders	Autosomal dominant	2
Autosomal dominant SCN8A-related disorders	Autosomal dominant	5
Autosomal dominant SIX1-related disorders	Autosomal dominant	1
Autosomal dominant SLC4A1-related disorders	Autosomal dominant	4
Autosomal dominant SMAD6-related disorders	Autosomal dominant	2
Autosomal dominant TPM1-related disorders	Autosomal dominant	2
Autosomal dominant and autosomal recessive ALPL-related disorders	Autosomal recessive	2
Autosomal dominant and autosomal recessive CD46-related disorders	Autosomal dominant	1
Autosomal dominant and autosomal recessive FLG-related disorders	Autosomal dominant	2
Autosomal dominant and autosomal recessive MFN2-related disorders	Autosomal dominant	3
Autosomal dominant and autosomal recessive NAGLU-related disorders	Autosomal dominant	1
Autosomal dominant and autosomal recessive RYR1-related disorders	Autosomal dominant	2
Autosomal dominant and autosomal recessive SCN4A-related disorders	Autosomal dominant	1
Autosomal dominant and autosomal recessive STUB1-related disorders	Autosomal recessive	1
Autosomal dominant and autosomal recessive TTN-related disorders	Autosomal recessive	3
Autosomal dominant and autosomal recessive WFS1-related disorders	Autosomal dominant	8
Autosomal dominant aplasia and myelodysplasia	Autosomal dominant	93
Autosomal dominant auditory neuropathy 1	Autosomal dominant	24
Autosomal dominant cancer predisposition	Autosomal dominant	1
Autosomal dominant centronuclear myopathy	Autosomal dominant	308
Autosomal dominant cerebellar ataxia	Autosomal dominant	255
Autosomal dominant cerebellar ataxia, deafness and narcolepsy	Autosomal dominant	106
Autosomal dominant childhood-onset proximal spinal muscular atrophy with contractures	Autosomal dominant	802
Autosomal dominant childhood-onset proximal spinal muscular atrophy without contractures	Autosomal dominant	303
Autosomal dominant deafness - onychodystrophy syndrome	Autosomal dominant	20
Autosomal dominant distal renal tubular acidosis	Autosomal dominant	865
Autosomal dominant epidermolytic ichthyosis	Autosomal dominant	1
Autosomal dominant epilepsy	Autosomal dominant	22
Autosomal dominant epilepsy with auditory features	Autosomal dominant	26
Autosomal dominant familial acute myeloid leukemia	Autosomal dominant	1
Autosomal dominant familial hematuria-retinal arteriolar tortuosity-contractures syndrome	Autosomal dominant	1237
Autosomal dominant familial hypercholesterolemia	Autosomal dominant	1
Autosomal dominant hereditary axonal motor and sensory neuropathy	Autosomal dominant	1
Autosomal dominant hyperinsulinism due to SUR1 deficiency	Autosomal dominant	3
Autosomal dominant hypocalcemia	Autosomal dominant	13
Autosomal dominant hypocalcemia 1	Autosomal dominant	2669
Autosomal dominant hypocalcemia 2	Autosomal dominant	107
Autosomal dominant hypophosphatemic rickets	Autosomal dominant	103
Autosomal dominant ichthyosis vulgaris	Autosomal dominant	5
Autosomal dominant intellectual disability-craniofacial anomalies-cardiac defects syndrome	Autosomal dominant	207
Autosomal dominant intermediate Charcot-Marie-Tooth disease	Autosomal recessive	4
Autosomal dominant isolated somatotropin deficiency	Autosomal dominant	29
Autosomal dominant keratitis	Autosomal dominant	299
Autosomal dominant keratitis-ichthyosis-hearing loss syndrome	Autosomal dominant	636
Autosomal dominant limb-girdle muscular dystrophy type 1D (DNAJB6)	Autosomal dominant	426
Autosomal dominant limb-girdle muscular dystrophy type 1F	Autosomal dominant	630
Autosomal dominant limb-girdle muscular dystrophy type 1G	Autosomal dominant	442
Autosomal dominant macrothrombocytopenia	Autosomal recessive	1
Autosomal dominant medullary cystic kidney disease with or without hyperuricemia	Autosomal dominant	9
Autosomal dominant mendelian susceptibility to mycobacterial diseases due to partial IFNgammaR1 deficiency	Autosomal dominant	12
Autosomal dominant mitochondrial myopathy with exercise intolerance	Autosomal dominant	638
Autosomal dominant neovascular inflammatory vitreoretinopathy	Autosomal dominant	1
Autosomal dominant nocturnal frontal lobe epilepsy 1	Autosomal dominant	89
Autosomal dominant nocturnal frontal lobe epilepsy 3	Autosomal dominant	1
Autosomal dominant nocturnal frontal lobe epilepsy 4	Autosomal dominant	139
Autosomal dominant nocturnal frontal lobe epilepsy 5	Autosomal dominant	4262
Autosomal dominant non-syndromic intellectual disability	Autosomal recessive	5
Autosomal dominant nonsyndromic hearing loss	Autosomal dominant	6
Autosomal dominant nonsyndromic hearing loss 1	Autosomal dominant	1661
Autosomal dominant nonsyndromic hearing loss 10	Autosomal dominant	150
Autosomal dominant nonsyndromic hearing loss 11	Autosomal recessive	979
Autosomal dominant nonsyndromic hearing loss 12	Autosomal dominant	227
Autosomal dominant nonsyndromic hearing loss 13	Autosomal dominant	224
Autosomal dominant nonsyndromic hearing loss 15	Autosomal dominant	74
Autosomal dominant nonsyndromic hearing loss 16	Autosomal recessive	2
Autosomal dominant nonsyndromic hearing loss 17	Autosomal dominant	783
Autosomal dominant nonsyndromic hearing loss 20	Autosomal dominant	953
Autosomal dominant nonsyndromic hearing loss 21	Autosomal dominant	5
Autosomal dominant nonsyndromic hearing loss 22	Autosomal dominant	223
Autosomal dominant nonsyndromic hearing loss 23	Autosomal dominant	344
Autosomal dominant nonsyndromic hearing loss 25	Autosomal dominant	88
Autosomal dominant nonsyndromic hearing loss 27	Autosomal dominant	43
Autosomal dominant nonsyndromic hearing loss 28	Autosomal dominant	16
Autosomal dominant nonsyndromic hearing loss 2A	Autosomal dominant	106
Autosomal dominant nonsyndromic hearing loss 2B	Autosomal dominant	30
Autosomal dominant nonsyndromic hearing loss 33	Autosomal dominant	2
Autosomal dominant nonsyndromic hearing loss 36	Autosomal dominant	105
Autosomal dominant nonsyndromic hearing loss 3A	Autosomal dominant	759
Autosomal dominant nonsyndromic hearing loss 3B	Autosomal dominant	187
Autosomal dominant nonsyndromic hearing loss 40	Autosomal dominant	13
Autosomal dominant nonsyndromic hearing loss 41	Autosomal dominant	19
Autosomal dominant nonsyndromic hearing loss 44	Autosomal dominant	20
Autosomal dominant nonsyndromic hearing loss 48	Autosomal dominant	11
Autosomal dominant nonsyndromic hearing loss 4A	Autosomal dominant	319
Autosomal dominant nonsyndromic hearing loss 4B	Autosomal dominant	15
Autosomal dominant nonsyndromic hearing loss 5	Autosomal dominant	94
Autosomal dominant nonsyndromic hearing loss 50	Autosomal dominant	2
Autosomal dominant nonsyndromic hearing loss 51	Autosomal dominant	4
Autosomal dominant nonsyndromic hearing loss 56	Autosomal dominant	89
Autosomal dominant nonsyndromic hearing loss 6	Autosomal dominant	2040
Autosomal dominant nonsyndromic hearing loss 64	Autosomal dominant	9
Autosomal dominant nonsyndromic hearing loss 65	Autosomal dominant	740
Autosomal dominant nonsyndromic hearing loss 66	Autosomal dominant	2
Autosomal dominant nonsyndromic hearing loss 67	Autosomal dominant	12
Autosomal dominant nonsyndromic hearing loss 68	Autosomal dominant	9
Autosomal dominant nonsyndromic hearing loss 69	Autosomal dominant	7
Autosomal dominant nonsyndromic hearing loss 7	Autosomal dominant	19
Autosomal dominant nonsyndromic hearing loss 70	Autosomal dominant	15
Autosomal dominant nonsyndromic hearing loss 9	Autosomal dominant	73
Autosomal dominant nonsyndromic hearing loss 91	Autosomal recessive	2
Autosomal dominant omodysplasia	Autosomal dominant	3
Autosomal dominant optic atrophy classic form	Autosomal dominant	250
Autosomal dominant osteopetrosis 1	Autosomal dominant	2331
Autosomal dominant osteopetrosis 2	Autosomal dominant	41
Autosomal dominant palmoplantar keratoderma and congenital alopecia	Autosomal dominant	25
Autosomal dominant polycystic kidney disease	Autosomal dominant	171
Autosomal dominant polycystic liver disease	Autosomal recessive	42
Autosomal dominant popliteal pterygium syndrome	Autosomal dominant	25
Autosomal dominant progressive external ophthalmoplegia	Autosomal recessive	1
Autosomal dominant pseudohypoaldosteronism type 1	Autosomal dominant	236
Autosomal dominant retinitis pigmentosa	Autosomal dominant	4
Autosomal dominant rhegmatogenous retinal detachment	Autosomal dominant	13
Autosomal dominant sensory ataxia 1	Autosomal dominant	11
Autosomal dominant sideroblastic anemia	Autosomal dominant	9
Autosomal dominant slowed nerve conduction velocity	Autosomal dominant	47
Autosomal dominant spastic ataxia	Mitochondrial	1
Autosomal dominant spastic paraplegia type 9	Autosomal dominant	638
Autosomal dominant striatal neurodegeneration type 1	Autosomal dominant	99
Autosomal dominant vibratory urticaria	Autosomal dominant	1
Autosomal dominant vitreoretinochoroidopathy	Autosomal dominant	109
Autosomal dominant wooly hair	Autosomal dominant	5
Autosomal erythropoietic protoporphyria	Autosomal recessive	1
Autosomal recessive ABCA4-related disorders	Autosomal recessive	9
Autosomal recessive ABCB4-related disorders	Autosomal dominant	2
Autosomal recessive ABCC6-related disorders	Autosomal recessive	6
Autosomal recessive ADA2-related disorders	Autosomal recessive	2
Autosomal recessive AGK-related phenotype	Autosomal recessive	2
Autosomal recessive AGL-related disorders	Autosomal recessive	2
Autosomal recessive AIPL1-related disorders	Autosomal recessive	1
Autosomal recessive ALPL-related disorders	Autosomal recessive	6
Autosomal recessive AMACR-related disorders	Autosomal recessive	2
Autosomal recessive ANO5-related disorders	Autosomal recessive	4
Autosomal recessive Alport syndrome	Autosomal recessive	1427
Autosomal recessive BBS2-related disorders	Autosomal recessive	2
Autosomal recessive BCS1L-related disorders	Autosomal recessive	4
Autosomal recessive CBS-related disorders	Autosomal recessive	1
Autosomal recessive CC2D2A-related disorders	Autosomal recessive	9
Autosomal recessive CEP104-related disorders	Autosomal recessive	2
Autosomal recessive CEP290-related disorders	Autosomal recessive	35
Autosomal recessive CHRNE-related disorders	Autosomal recessive	2
Autosomal recessive CLCNKB-related disorders	Digenic recessive	1
Autosomal recessive CLPB-related disorders	Autosomal recessive	1
Autosomal recessive COL4A4-related disorders	Autosomal recessive	1
Autosomal recessive COL6A2-related disorders	Autosomal dominant	5
Autosomal recessive COQ2-related disorders	Autosomal recessive	1
Autosomal recessive CPT2-related disorders	Autosomal dominant	1
Autosomal recessive CRB1-related disorders	Autosomal recessive	1
Autosomal recessive CRB2-related disorders	Autosomal recessive	2
Autosomal recessive CRBN-related disorders	Autosomal recessive	2
Autosomal recessive CUBN-related disorders	Autosomal recessive	3
Autosomal recessive DGUOK-related disorders	Autosomal recessive	3
Autosomal recessive DOK7-related disorders	Autosomal recessive	2
Autosomal recessive DOPA responsive dystonia	Autosomal recessive	1141
Autosomal recessive DYSF-related disorders	Autosomal recessive	13
Autosomal recessive Dejerine-Sottas syndrome	Autosomal dominant	6
Autosomal recessive EFEMP2-related disorders	Autosomal recessive	1
Autosomal recessive ENPP1-related disorders	Autosomal dominant	3
Autosomal recessive EPG5-related disorders	Autosomal recessive	1
Autosomal recessive ERCC2-related disorders	Autosomal recessive	2
Autosomal recessive ERCC3-related disorders	Autosomal recessive	1
Autosomal recessive ERCC4-related disorders	Autosomal recessive	2
Autosomal recessive GBA-related disorders	Isolated cases	1
Autosomal recessive GBE1-related disorders	Autosomal recessive	2
Autosomal recessive GLB1-related disorders	Autosomal recessive	4
Autosomal recessive GMPPB-related disorders	Autosomal recessive	3
Autosomal recessive GSS-related disorders	Autosomal recessive	1
Autosomal recessive GUCY2D-related disorders	Autosomal recessive	2
Autosomal recessive HEXA-related disorders	Autosomal recessive	1
Autosomal recessive IDUA-related disorders	Autosomal recessive	3
Autosomal recessive IFT140-related disorders	Autosomal recessive	1
Autosomal recessive IGHMBP2-related disorders	Autosomal recessive	4
Autosomal recessive KIAA0586-related disorders	Autosomal recessive	2
Autosomal recessive KIAA0753-related disorders	Autosomal recessive	1
Autosomal recessive Kenny-Caffey syndrome	Autosomal recessive	44
Autosomal recessive MKKS-related disorders	Autosomal recessive	4
Autosomal recessive MKS1-related disorders	Autosomal recessive	6
Autosomal recessive MPV17-related disorders	Autosomal recessive	1
Autosomal recessive MTFMT-related disorders	Autosomal recessive	1
Autosomal recessive MYH2-related disorders	Autosomal dominant	1
Autosomal recessive MYO7A-related disorders	Autosomal recessive	5
Autosomal recessive NEB-related disorders	Autosomal recessive	1
Autosomal recessive NEU1-related disorders	Autosomal recessive	1
Autosomal recessive NMNAT1-related disorders	Autosomal recessive	1
Autosomal recessive NPC1-related disorders	Autosomal recessive	2
Autosomal recessive NPHP4-related disorders	Autosomal recessive	3
Autosomal recessive OCA2-related disorders	Autosomal recessive	2
Autosomal recessive OTOF-related disorders	Autosomal recessive	1
Autosomal recessive PAH-related disorders	Autosomal recessive	11
Autosomal recessive PEX1-related disorders	Autosomal recessive	1
Autosomal recessive PEX12-related disorders	Autosomal recessive	1
Autosomal recessive PEX6-related disorders	Autosomal recessive	1
Autosomal recessive PHGDH-related disorders	Autosomal recessive	5
Autosomal recessive PLA2G6-related disorders	Autosomal recessive	3
Autosomal recessive PLEKHG5-related disorders	Autosomal recessive	2
Autosomal recessive PNKP-related disorders	Autosomal recessive	8
Autosomal recessive PNPLA6-related disorders	Autosomal recessive	9
Autosomal recessive PNPT1-related disorders	Autosomal recessive	1
Autosomal recessive POLG-related disorders	Autosomal recessive	34
Autosomal recessive POLR3A-related disorders	Autosomal recessive	5
Autosomal recessive POMGNT1-related disorders	Autosomal recessive	4
Autosomal recessive Parkinson disease 14	Autosomal recessive	273
Autosomal recessive RAB3GAP1-related disorders	Autosomal recessive	1
Autosomal recessive RAG1-related disorders	Autosomal recessive	2
Autosomal recessive RAPSN-related disorders	Autosomal recessive	2
Autosomal recessive RDH5-related disorders	Autosomal dominant	1
Autosomal recessive RNU4ATAC-related disorders	Autosomal recessive	11
Autosomal recessive RPE65-related disorders	Autosomal recessive	2
Autosomal recessive RPGRIP1L-related disorders	Autosomal recessive	3
Autosomal recessive RTEL1-related disorders	Autosomal dominant	3
Autosomal recessive Robinow syndrome	Autosomal recessive	363
Autosomal recessive SERPINA1-related disorders	Autosomal recessive	2
Autosomal recessive SLC26A4-related disorders	Autosomal recessive	2
Autosomal recessive SPG11-related disorders	Autosomal recessive	4
Autosomal recessive SPTA1-related disorders	Autosomal recessive	2
Autosomal recessive SRD5A3-related disorders	Autosomal recessive	2
Autosomal recessive SYNJ1-related disorders	Autosomal recessive	1
Autosomal recessive Stickler syndrome	Autosomal dominant	4
Autosomal recessive TCTN3-related disorders	Autosomal recessive	2
Autosomal recessive TK2-related disorders	Autosomal recessive	2
Autosomal recessive TPP1-related disorders	Autosomal recessive	2
Autosomal recessive TRIM32-related disorders	Autosomal recessive	1
Autosomal recessive TTN-related disorders	Autosomal recessive	3
Autosomal recessive TYR-related disorders	Autosomal recessive	3
Autosomal recessive UGT1A1-related disorders	Autosomal recessive	4
Autosomal recessive USH2A-related disorders	Autosomal recessive	6
Autosomal recessive VPS33B-related disorders	Autosomal recessive	1
Autosomal recessive WDR35-related disorders	Autosomal recessive	2
Autosomal recessive WWOX-related disorders	Autosomal recessive	2
Autosomal recessive ZMPSTE24-related disorders	Autosomal recessive	2
Autosomal recessive agammaglobulinemia 1	Autosomal recessive	32
Autosomal recessive amelia	Autosomal dominant	6
Autosomal recessive ataxia due to ubiquinone deficiency	Autosomal recessive	187
Autosomal recessive ataxia, Beauce type	Autosomal recessive	4830
Autosomal recessive axonal hereditary motor and sensory neuropathy	Autosomal dominant	7
Autosomal recessive axonal neuropathy with neuromyotonia	Autosomal recessive	91
Autosomal recessive bestrophinopathy	Autosomal dominant	60
Autosomal recessive brachyolmia	Autosomal recessive	1
Autosomal recessive centronuclear myopathy	Autosomal recessive	4
Autosomal recessive cerebellar ataxia	Autosomal recessive	143
Autosomal recessive cerebellar ataxia-saccadic intrusion syndrome	Autosomal recessive	94
Autosomal recessive chorioretinopathy-microcephaly syndrome	Autosomal recessive	1
Autosomal recessive complex spastic paraplegia type 9B	Autosomal recessive	69
Autosomal recessive congenital ichthyosis	Autosomal recessive	7
Autosomal recessive congenital ichthyosis 1	Autosomal recessive	455
Autosomal recessive congenital ichthyosis 10	Autosomal recessive	110
Autosomal recessive congenital ichthyosis 11	Autosomal recessive	14
Autosomal recessive congenital ichthyosis 2	Autosomal recessive	235
Autosomal recessive congenital ichthyosis 3	Autosomal recessive	142
Autosomal recessive congenital ichthyosis 4A	Autosomal recessive	153
Autosomal recessive congenital ichthyosis 4B	Autosomal recessive	169
Autosomal recessive congenital ichthyosis 5	Autosomal recessive	123
Autosomal recessive congenital ichthyosis 6	Autosomal recessive	103
Autosomal recessive congenital ichthyosis 7	Autosomal recessive	1
Autosomal recessive congenital ichthyosis 8	Autosomal recessive	4
Autosomal recessive congenital ichthyosis 9	Autosomal recessive	19
Autosomal recessive cutis laxa type 1	Autosomal dominant	1
Autosomal recessive cutis laxa type 2B	Autosomal recessive	43
Autosomal recessive disease	Autosomal recessive	3
Autosomal recessive distal renal tubular acidosis	Autosomal recessive	3
Autosomal recessive distal spinal muscular atrophy 1	Autosomal recessive	2360
Autosomal recessive distal spinal muscular atrophy 2	Autosomal recessive	360
Autosomal recessive dyskeratosis congenita	Autosomal recessive	1
Autosomal recessive dyskeratosis congenita 4	Autosomal dominant	9
Autosomal recessive early-onset Parkinson disease 23	Autosomal recessive	60
Autosomal recessive early-onset Parkinson disease 6	Autosomal recessive	353
Autosomal recessive early-onset Parkinson disease 7	Autosomal recessive	83
Autosomal recessive hearing impairment with normal menstrual cycles	Autosomal recessive	1
Autosomal recessive hypohidrotic ectodermal dysplasia syndrome	Autosomal dominant	171
Autosomal recessive hypophosphatemic bone disease	Autosomal recessive	324
Autosomal recessive infantile hypercalcemia	Autosomal recessive	2
Autosomal recessive inherited pseudoxanthoma elasticum	Autosomal recessive	1254
Autosomal recessive juvenile Parkinson disease 2	Autosomal recessive	202
Autosomal recessive limb-girdle muscular dystrophy	Autosomal recessive	819
Autosomal recessive limb-girdle muscular dystrophy type 2A	Autosomal recessive	1744
Autosomal recessive limb-girdle muscular dystrophy type 2B	Autosomal recessive	1668
Autosomal recessive limb-girdle muscular dystrophy type 2C	Autosomal recessive	490
Autosomal recessive limb-girdle muscular dystrophy type 2D	Autosomal recessive	749
Autosomal recessive limb-girdle muscular dystrophy type 2E	Autosomal recessive	533
Autosomal recessive limb-girdle muscular dystrophy type 2F	Autosomal recessive	536
Autosomal recessive limb-girdle muscular dystrophy type 2G	Autosomal recessive	58
Autosomal recessive limb-girdle muscular dystrophy type 2I	Autosomal recessive	648
Autosomal recessive limb-girdle muscular dystrophy type 2J	Autosomal recessive	29872
Autosomal recessive limb-girdle muscular dystrophy type 2K	Autosomal recessive	2070
Autosomal recessive limb-girdle muscular dystrophy type 2L	Autosomal recessive	1209
Autosomal recessive limb-girdle muscular dystrophy type 2M	Autosomal recessive	431
Autosomal recessive limb-girdle muscular dystrophy type 2N	Autosomal recessive	3022
Autosomal recessive limb-girdle muscular dystrophy type 2O	Autosomal recessive	2580
Autosomal recessive limb-girdle muscular dystrophy type 2P	Autosomal recessive	1166
Autosomal recessive limb-girdle muscular dystrophy type 2Q	Autosomal recessive	22983
Autosomal recessive limb-girdle muscular dystrophy type 2R1	Autosomal dominant	3
Autosomal recessive limb-girdle muscular dystrophy type 2T	Autosomal recessive	983
Autosomal recessive limb-girdle muscular dystrophy type 2U	Autosomal recessive	810
Autosomal recessive limb-girdle muscular dystrophy type 2W	Autosomal recessive	318
Autosomal recessive limb-girdle muscular dystrophy type 2X	Autosomal recessive	43
Autosomal recessive limb-girdle muscular dystrophy type 2Y	Autosomal recessive	409
Autosomal recessive limb-girdle muscular dystrophy type R18	Autosomal recessive	871
Autosomal recessive mendelian susceptibility to mycobacterial diseases due to a complete deficiency	Autosomal recessive	1
Autosomal recessive mendelian susceptibility to mycobacterial diseases due to complete RORgamma receptor deficiency	Autosomal recessive	299
Autosomal recessive multiple pterygium syndrome	Autosomal recessive	213
Autosomal recessive myogenic arthrogryposis multiplex congenita	Autosomal dominant	2
Autosomal recessive non-syndromic intellectual disability	Autosomal recessive	2
Autosomal recessive nonsyndromic hearing loss 101	Autosomal recessive	7
Autosomal recessive nonsyndromic hearing loss 102	Autosomal recessive	19
Autosomal recessive nonsyndromic hearing loss 103	Autosomal recessive	5
Autosomal recessive nonsyndromic hearing loss 104	Autosomal recessive	15
Autosomal recessive nonsyndromic hearing loss 12	Autosomal recessive	1096
Autosomal recessive nonsyndromic hearing loss 15	Autosomal recessive	32
Autosomal recessive nonsyndromic hearing loss 16	Autosomal recessive	91
Autosomal recessive nonsyndromic hearing loss 18A	Autosomal recessive	477
Autosomal recessive nonsyndromic hearing loss 18B	Autosomal recessive	134
Autosomal recessive nonsyndromic hearing loss 1A	Autosomal dominant	968
Autosomal recessive nonsyndromic hearing loss 1B	Autosomal dominant	276
Autosomal recessive nonsyndromic hearing loss 2	Autosomal recessive	1457
Autosomal recessive nonsyndromic hearing loss 21	Autosomal recessive	218
Autosomal recessive nonsyndromic hearing loss 22	Autosomal recessive	64
Autosomal recessive nonsyndromic hearing loss 23	Autosomal recessive	588
Autosomal recessive nonsyndromic hearing loss 24	Autosomal recessive	103
Autosomal recessive nonsyndromic hearing loss 25	Autosomal recessive	36
Autosomal recessive nonsyndromic hearing loss 26	Autosomal recessive	2
Autosomal recessive nonsyndromic hearing loss 28	Autosomal recessive	143
Autosomal recessive nonsyndromic hearing loss 29	Autosomal recessive	76
Autosomal recessive nonsyndromic hearing loss 3	Autosomal recessive	911
Autosomal recessive nonsyndromic hearing loss 30	Autosomal recessive	192
Autosomal recessive nonsyndromic hearing loss 31	Autosomal recessive	308
Autosomal recessive nonsyndromic hearing loss 32	Autosomal recessive	17
Autosomal recessive nonsyndromic hearing loss 35	Autosomal recessive	92
Autosomal recessive nonsyndromic hearing loss 36	Autosomal recessive	36
Autosomal recessive nonsyndromic hearing loss 37	Autosomal recessive	204
Autosomal recessive nonsyndromic hearing loss 39	Autosomal recessive	12
Autosomal recessive nonsyndromic hearing loss 4	Autosomal recessive	1433
Autosomal recessive nonsyndromic hearing loss 42	Autosomal recessive	43
Autosomal recessive nonsyndromic hearing loss 44	Autosomal recessive	9
Autosomal recessive nonsyndromic hearing loss 48	Autosomal recessive	25
Autosomal recessive nonsyndromic hearing loss 49	Autosomal recessive	80
Autosomal recessive nonsyndromic hearing loss 53	Autosomal dominant	202
Autosomal recessive nonsyndromic hearing loss 59	Autosomal recessive	67
Autosomal recessive nonsyndromic hearing loss 6	Autosomal recessive	51
Autosomal recessive nonsyndromic hearing loss 61	Autosomal recessive	19
Autosomal recessive nonsyndromic hearing loss 63	Autosomal recessive	102
Autosomal recessive nonsyndromic hearing loss 66	Autosomal recessive	309
Autosomal recessive nonsyndromic hearing loss 67	Autosomal recessive	88
Autosomal recessive nonsyndromic hearing loss 68	Autosomal recessive	4
Autosomal recessive nonsyndromic hearing loss 7	Autosomal recessive	187
Autosomal recessive nonsyndromic hearing loss 70	Autosomal recessive	55
Autosomal recessive nonsyndromic hearing loss 74	Autosomal recessive	13
Autosomal recessive nonsyndromic hearing loss 76	Autosomal recessive	24
Autosomal recessive nonsyndromic hearing loss 77	Autosomal recessive	845
Autosomal recessive nonsyndromic hearing loss 79	Autosomal recessive	33
Autosomal recessive nonsyndromic hearing loss 8	Autosomal recessive	182
Autosomal recessive nonsyndromic hearing loss 84A	Autosomal recessive	69
Autosomal recessive nonsyndromic hearing loss 84B	Autosomal recessive	85
Autosomal recessive nonsyndromic hearing loss 86	Autosomal recessive	116
Autosomal recessive nonsyndromic hearing loss 88	Autosomal recessive	5
Autosomal recessive nonsyndromic hearing loss 89	Autosomal recessive	23
Autosomal recessive nonsyndromic hearing loss 9	Autosomal recessive	454
Autosomal recessive nonsyndromic hearing loss 91	Autosomal recessive	14
Autosomal recessive nonsyndromic hearing loss 93	Autosomal recessive	11
Autosomal recessive nonsyndromic hearing loss 97	Autosomal recessive	268
Autosomal recessive nonsyndromic hearing loss 98	Autosomal recessive	27
Autosomal recessive nonsyndromic postaxial polydactyly	Autosomal dominant	2
Autosomal recessive ocular albinism	Autosomal recessive	1
Autosomal recessive omodysplasia	Autosomal recessive	128
Autosomal recessive optic atrophy	Autosomal dominant	1
Autosomal recessive optic atrophy, OPA7 type	Autosomal recessive	22
Autosomal recessive osteopetrosis	Autosomal recessive	1
Autosomal recessive osteopetrosis 1	Autosomal recessive	494
Autosomal recessive osteopetrosis 2	Autosomal recessive	68
Autosomal recessive osteopetrosis 4	Autosomal dominant	27
Autosomal recessive osteopetrosis 5	Autosomal recessive	101
Autosomal recessive osteopetrosis 7	Autosomal dominant	92
Autosomal recessive osteopetrosis 8	Autosomal recessive	12
Autosomal recessive polycystic kidney disease	Autosomal recessive	946
Autosomal recessive primary immunodeficiency with defective spontaneous natural killer cell cytotoxicity	Autosomal recessive	7
Autosomal recessive primary microcephaly	Autosomal recessive	20
Autosomal recessive progressive external ophthalmoplegia	Autosomal recessive	1
Autosomal recessive proximal renal tubular acidosis	Autosomal recessive	252
Autosomal recessive retinitis pigmentosa	Autosomal recessive	58
Autosomal recessive sensorineural hearing loss	Autosomal recessive	1
Autosomal recessive severe congenital neutropenia	Autosomal recessive	3
Autosomal recessive severe congenital neutropenia due to CSF3R deficiency	Autosomal recessive	694
Autosomal recessive severe congenital neutropenia due to G6PC3 deficiency	Autosomal recessive	426
Autosomal recessive severe congenital neutropenia due to JAGN1 deficiency	Autosomal recessive	135
Autosomal recessive sideroblastic anemia	Autosomal recessive	1
Autosomal recessive spastic ataxia	Autosomal recessive	2
Autosomal recessive spastic paraplegia type 70	Autosomal recessive	4
Autosomal recessive spastic paraplegia type 76	Autosomal recessive	47
Autosomal recessive spastic paraplegia type 78	Autosomal recessive	958
Autosomal recessive spinocerebellar ataxia 10	Autosomal recessive	122
Autosomal recessive spinocerebellar ataxia 11	Autosomal recessive	5
Autosomal recessive spinocerebellar ataxia 12	Autosomal recessive	935
Autosomal recessive spinocerebellar ataxia 13	Autosomal recessive	29
Autosomal recessive spinocerebellar ataxia 14	Autosomal recessive	74
Autosomal recessive spinocerebellar ataxia 15	Autosomal recessive	17
Autosomal recessive spinocerebellar ataxia 16	Autosomal recessive	46
Autosomal recessive spinocerebellar ataxia 17	Autosomal recessive	33
Autosomal recessive spinocerebellar ataxia 18	Autosomal recessive	21
Autosomal recessive spinocerebellar ataxia 2	Autosomal recessive	27
Autosomal recessive spinocerebellar ataxia 20	Autosomal recessive	50
Autosomal recessive spinocerebellar ataxia 7	Autosomal recessive	157
Autosomal recessive spondylometaphyseal dysplasia, Megarbane type	Autosomal recessive	3
Autosomal recessive titinopathy	Autosomal recessive	65
Autosomal semi-dominant severe lipodystrophic laminopathy	Autosomal dominant	8
Autosomal semidominant ABCC8-related disorders	Autosomal dominant	1
Autosomal semidominant APOB-related disorders	Autosomal recessive	1
Autosomal semidominant RYR1-related disorders	Autosomal dominant	2
Autosomal systemic lupus erythematosus type 16	Autosomal recessive	73
Autosomal. recessive NPHP4-related disorders	Autosomal recessive	1
Avascular necrosis of femoral head, primary, 1	Autosomal dominant	781
Avascular necrosis of femoral head, primary, 2	Autosomal dominant	144
Avellino corneal dystrophy	Autosomal dominant	39
Axenfeld-Rieger anomaly with partially absent eye muscles, distinctive face, hydrocephaly, and skeletal abnormalities	Autosomal dominant	3
Axenfeld-Rieger syndrome type 1	Autosomal dominant	334
Axenfeld-Rieger syndrome type 3	Autosomal dominant	729
Axial hypotonia	Isolated cases	2
Axial muscle stiffness	Autosomal dominant	1
Axial myopathy, late-onset	Autosomal dominant	3
Axillary freckling	Autosomal dominant	17
Axillary odor	Autosomal dominant	1
Ayme-Gripp syndrome	Autosomal dominant	181
Azoospermia	Autosomal dominant	3
Azorean disease	Autosomal dominant	7
B Lymphoblastic Leukemia/Lymphoma with t(v%3B11q23.3)%3B KMT2A Rearranged	Autosomal dominant	1
B Lymphoblastic Leukemia/Lymphoma, Not Otherwise Specified	Autosomal dominant	3
B lymphoblastic leukemia lymphoma with t(12%3B21)(p13%3Bq22)%3B TEL-AML1 (ETV6-RUNX1)	Autosomal recessive	3
B lymphoblastic leukemia lymphoma, no ICD-O subtype	Autosomal dominant	3
B-cell chronic lymphocytic leukemia	Autosomal dominant	4
B-cell non-Hodgkin lymphoma	Autosomal dominant	1
B-lymphoblastic leukemia/lymphoma with hypodiploidy	Autosomal recessive	1
B2M-related condition	Autosomal recessive	1
B3GALNT2-related disorder	Autosomal recessive	9
B3GALT6-congenital disorder of glycosylation	Autosomal recessive	1
B3GALT6-related disorder	Autosomal recessive	14
B3GAT3-related disorder	Autosomal recessive	6
B3GLCT-related disorder	Autosomal recessive	11
B4GALNT1-related disorder	Autosomal recessive	1
B4GALT1-congenital disorder of glycosylation	Autosomal recessive	12
B4GAT1-related disorder	Autosomal recessive	8
B9D1-related disorder	Autosomal recessive	2
BAG3-related disorder	Autosomal dominant	59
BAK PLATELET-SPECIFIC ANTIGEN	Autosomal recessive	1
BAP1 Cancer Syndrome	Autosomal dominant	1
BAP1-associated neurodevelopmental disorder	Autosomal dominant	1
BAP1-related disorder	Autosomal dominant	58
BAP1-related tumor predisposition syndrome	Autosomal dominant	2585
BARD1-related cancer predisposition	Autosomal dominant	103
BARD1-related disorder	Autosomal dominant	86
BARDET-BIEDL SYNDROME 2/6, DIGENIC	Autosomal recessive	4
BARRETT ESOPHAGUS/ESOPHAGEAL ADENOCARCINOMA	Autosomal recessive	1
BBIP1-related disorder	Autosomal recessive	7
BBS1-related ciliopathy	Digenic recessive	6
BBS1-related disorder	Digenic recessive	111
BBS10-related ciliopathy	Autosomal recessive	4
BBS10-related disorder	Autosomal recessive	77
BBS12-related ciliopathy	Autosomal recessive	3
BBS12-related disorder	Autosomal recessive	87
BBS2-related ciliopathy	Autosomal recessive	9
BBS2-related disorder	Autosomal recessive	173
BBS4-related disorder	Autosomal recessive	61
BBS5-related disorder	Autosomal recessive	28
BBS7-related ciliopathy	Autosomal recessive	3
BBS7-related disorder	Autosomal recessive	56
BBS9-related ciliopathy	Autosomal recessive	5
BBS9-related disorder	Autosomal recessive	98
BCAM-related disorder	Autosomal recessive	1
BCKDHA-related disorder	Autosomal recessive	13
BCKDHB-related disorder	Autosomal recessive	5
BCL10-related disorder	Autosomal recessive	4
BCO1-related disorder	Autosomal dominant	1
BCOR-related disorder	X-linked dominant	37
BCS1L-related disorder	Autosomal recessive	16
BECKER NEVUS SYNDROME, SOMATIC, MOSAIC	Autosomal dominant	1
BECKER NEVUS, SOMATIC, MOSAIC	Autosomal dominant	1
BENTA disease	Autosomal dominant	1209
BEST1-related disorder	Autosomal dominant	11
BEST1-related dominant retinopathy	Autosomal dominant	9
BETA-GLUCOPYRANOSIDE TASTING	Multifactorial	1
BETA-HEXOSAMINIDASE A, PSEUDODEFICIENCY OF	Autosomal recessive	1
BETA-PLUS-THALASSEMIA	Autosomal dominant	45
BETA-THALASSEMIA, LERMONTOV TYPE	Autosomal dominant	2
BETHLEM MYOPATHY 1B, AUTOSOMAL RECESSIVE	Autosomal dominant	4
BF*FA/S	Autosomal recessive	1
BFSP2-related disorder	Autosomal dominant	5
BHLHA9-related disorder	Autosomal recessive	3
BICD2-related disorder	Autosomal dominant	27
BILIRUBIN, SERUM LEVEL OF, QUANTITATIVE TRAIT LOCUS 1	Autosomal recessive	161
BIN1-related disorder	Autosomal recessive	7
BIVM-ERCC5-related disorder	Autosomal recessive	12
BJORNSTAD SYNDROME WITH MILD MITOCHONDRIAL COMPLEX III DEFICIENCY	Autosomal recessive	2
BLEPHAROPHIMOSIS, PTOSIS, AND EPICANTHUS INVERSUS, TYPE I	Autosomal dominant	4
BLEPHAROPHIMOSIS, PTOSIS, AND EPICANTHUS INVERSUS, TYPE II	Autosomal dominant	6
BLK-related disorder	Autosomal dominant	10
BLM-related disorder	Autosomal recessive	67
BLNK-related disorder	Autosomal recessive	6
BLOC1S6-related disorder	Autosomal recessive	4
BLOOD GROUP, EMM SYSTEM	Autosomal recessive	2
BLOOD GROUP, JUNIOR SYSTEM	?Autosomal dominant	4
BLOOD GROUP--DIEGO SYSTEM	Autosomal dominant	617
BLOOD GROUP--FROESE	Autosomal dominant	617
BLOOD GROUP--LUTHERAN INHIBITOR	Autosomal dominant	6
BLOOD GROUP--LUTHERAN SYSTEM	Autosomal recessive	1
BLOOD GROUP--SWANN SYSTEM	Autosomal dominant	617
BLOOD GROUP--WALDNER TYPE	Autosomal dominant	617
BLOOD GROUP--WRIGHT ANTIGEN	Autosomal dominant	617
BMP1-related disorder	Autosomal recessive	7
BMP4-related disorder	Autosomal dominant	13
BMP7-related disorder	Autosomal dominant	1
BMPER-related disorder	Autosomal recessive	1
BMPR1A-Related Polyposis Syndrome	Autosomal dominant	1
BMPR1A-related disorder	Autosomal dominant	25
BMPR1A-related juvenile polyposis syndrome	Autosomal dominant	1
BMPR1B-related disorder	Autosomal dominant	15
BMPR2-related disorder	Autosomal dominant	14
BNAR syndrome	Autosomal recessive	449
BODY MASS INDEX QUANTITATIVE TRAIT LOCUS 20	Autosomal dominant	1
BOLA3-related disorder	Autosomal recessive	4
BOMBAY PHENOTYPE, DIGENIC	Autosomal recessive	1
BPNT2-related disorder	Autosomal recessive	2
BRAF-related disorder	Autosomal dominant	42
BRAIN TUMOR-POLYPOSIS SYNDROME 2	Autosomal dominant	4
BRAT1-associated neurodegenerative disorder	Autosomal recessive	1
BRAT1-related disorder	Autosomal recessive	42
BRAT1-related neurodevelopmental disorders	Autosomal recessive	1
BRCA1-related cancer predisposition	Autosomal dominant	404
BRCA1-related disorder	Autosomal dominant	259
BRCA2-related cancer predisposition	Autosomal dominant	1141
BRCA2-related disorder	Autosomal dominant	748
BREAST CANCER, PROTECTION AGAINST	Autosomal recessive	1
BRIP1-associated familial cancer predisposition	Autosomal dominant	5
BRIP1-related disorder	Autosomal dominant	139
BRWD3- related syndromic intellectual disability	X-linked recessive	1
BRWD3-related disorder	X-linked recessive	4
BSCL2-related disorder	Autosomal recessive	13
BSND-related disorder	Autosomal recessive	3
BTD-related disorder	Autosomal recessive	24
BTK-related disorder	X-linked recessive	14
BUB1B-related disorder	Autosomal recessive	9
BVES-related disorder	Autosomal recessive	1
Babinski sign	Autosomal dominant	2
Bailey-Bloch congenital myopathy	Autosomal recessive	243
Balance problems	Autosomal dominant	1
Baller-Gerold syndrome	Autosomal recessive	5242
Bamforth-Lazarus syndrome	Autosomal recessive	20
Band heterotopia of brain	Autosomal recessive	13
Bannayan-Riley-Ruvalcaba syndrome	Autosomal dominant	17
Baraitser-Winter syndrome	Autosomal dominant	5
Baraitser-Winter syndrome 1	Autosomal dominant	530
Baraitser-winter syndrome 2	Autosomal dominant	953
Barber-Say syndrome	Autosomal dominant	3
Bardet-Biedl syndrome	Autosomal recessive	2760
Bardet-Biedl syndrome 1	Digenic recessive	555
Bardet-Biedl syndrome 1, modifier of	Autosomal recessive	1
Bardet-Biedl syndrome 1/7, digenic	Autosomal recessive	1
Bardet-Biedl syndrome 10	Autosomal recessive	477
Bardet-Biedl syndrome 11	Autosomal recessive	423
Bardet-Biedl syndrome 12	Autosomal recessive	378
Bardet-Biedl syndrome 13	Autosomal recessive	462
Bardet-Biedl syndrome 14	Autosomal recessive	4470
Bardet-Biedl syndrome 14, modifier of	Autosomal recessive	5
Bardet-Biedl syndrome 15	Autosomal recessive	383
Bardet-Biedl syndrome 16	Autosomal recessive	625
Bardet-Biedl syndrome 17	Autosomal recessive	50
Bardet-Biedl syndrome 18	Autosomal recessive	21
Bardet-Biedl syndrome 19	Autosomal recessive	8
Bardet-Biedl syndrome 2	Autosomal recessive	732
Bardet-Biedl syndrome 20	Autosomal recessive	880
Bardet-Biedl syndrome 22	Autosomal recessive	20
Bardet-Biedl syndrome 3	Autosomal recessive	229
Bardet-Biedl syndrome 4	Autosomal recessive	276
Bardet-Biedl syndrome 5	Autosomal recessive	104
Bardet-Biedl syndrome 6	Autosomal recessive	411
Bardet-Biedl syndrome 7	Autosomal recessive	256
Bardet-Biedl syndrome 8	Autosomal recessive	270
Bardet-Biedl syndrome 9	Autosomal recessive	383
Bardet-biedl syndrome 1/10, digenic	Autosomal recessive	1
Bardet-biedl syndrome 1/2, digenic	Autosomal recessive	4
Bardet-biedl syndrome 2/4, digenic	Autosomal recessive	2
Bardet-biedl syndrome 21	Autosomal recessive	23
Bardet-biedl syndrome 6/10, digenic	Digenic recessive	1
Barrel-shaped chest	Autosomal recessive	10
Barrett esophagus	X-linked dominant	1
Bartsocas-Papas syndrome 1	Autosomal recessive	131
Bartter disease type 1	Autosomal recessive	341
Bartter disease type 2	Autosomal recessive	158
Bartter disease type 3	Autosomal recessive	232
Bartter disease type 4A	Autosomal recessive	83
Bartter disease type 4B	Digenic recessive	226
Bartter disease type 5	X-linked recessive	22
Bartter syndrome	Autosomal recessive	72
Bartter syndrome type 4	Autosomal recessive	2
Bartter syndrome with hypocalcemia	Autosomal dominant	7
Bartter syndrome, type 3, with hypocalciuria	Digenic recessive	1
Basal cell carcinoma	Autosomal dominant	1
Basal cell carcinoma, susceptibility to, 1	Autosomal dominant	321
Basal cell carcinoma, susceptibility to, 7	Autosomal dominant	203
Basal cell nevus syndrome 1	Autosomal dominant	328
Basal cell nevus syndrome 2	Autosomal dominant	62
Basal ganglia calcification, idiopathic, 4	Autosomal dominant	1447
Basal ganglia calcification, idiopathic, 5	Autosomal dominant	17
Basal ganglia calcification, idiopathic, 6	Autosomal dominant	19
Basal ganglia calcification, idiopathic, childhood-onset	Autosomal dominant	6
Basal laminar drusen	Autosomal dominant	1212
Basan syndrome	Autosomal dominant	9
Basilar invagination	Autosomal dominant	2
Batten-Turner congenital myopathy	Autosomal dominant	85
Beare-Stevenson cutis gyrata syndrome	Autosomal dominant	1126
Becker muscular dystrophy	X-linked recessive	2757
Becker muscular dystrophy, Cardiomyopathy, Duchenne muscular dystrophy, Dystrophin deficiency	X-linked recessive	167
Becker muscular dystrophy, atypical	X-linked recessive	1
Becker nevus syndrome	Autosomal dominant	3
Beckwith-Wiedemann syndrome	Autosomal dominant	1656
Beckwith-Wiedemann syndrome due to CDKN1C mutation	Autosomal dominant	2
Behavioral variant of frontotemporal dementia	Autosomal recessive	2
Behcet disease	Autosomal recessive	8
Bell-shaped thorax	Autosomal dominant	9
Benign Neonatal Epilepsy	Autosomal dominant	2
Benign Rolandic epilepsy	Autosomal dominant	2
Benign concentric annular macular dystrophy	Autosomal dominant	14
Benign familial hematuria	Autosomal recessive	288
Benign familial infantile epilepsy	Autosomal dominant	7
Benign familial neonatal-infantile seizures 1	Autosomal dominant	6
Benign hereditary chorea	Autosomal dominant	93
Benign neonatal seizures	Autosomal dominant	99
Benign recurrent intrahepatic cholestasis type 1	Autosomal recessive	114
Benign recurrent intrahepatic cholestasis type 2	Autosomal recessive	339
Bent bone dysplasia syndrome 1	Autosomal dominant	867
Berardinelli-Seip congenital lipodystrophy	Autosomal recessive	30
Bernard Soulier syndrome	Autosomal recessive	244
Bernard-Soulier syndrome type C	Autosomal recessive	5
Bernard-Soulier syndrome, type A1	Autosomal recessive	6
Bernard-Soulier syndrome, type A2, autosomal dominant	Autosomal dominant	75
Bernard-Soulier syndrome, type B	Autosomal recessive	1
Beta thalassemia intermedia	Autosomal dominant	20
Beta zero thalassemia	Autosomal dominant	54
Beta-D-mannosidosis	Autosomal recessive	714
Beta-Knossos-thalassemia	Autosomal dominant	2
Beta-Showa-Yakushiji thalassemia	Autosomal recessive	1
Beta-thalassemia HBB/LCRB	Autosomal dominant	220
Beta-thalassemia major	Autosomal dominant	8
Beta-thalassemia-X-linked thrombocytopenia syndrome	X-linked recessive	46
Bethlem myopathy	Autosomal dominant	4
Bethlem myopathy 1A	Autosomal dominant	6754
Bethlem myopathy 1B	Autosomal dominant	28
Bethlem myopathy 1C	Autosomal dominant	28
Bethlem myopathy 2	Autosomal dominant	4
Bicuspid aortic valve	Autosomal dominant	5
Bietti crystalline corneoretinal dystrophy	Autosomal recessive	185
Bifid nail	Autosomal dominant	1
Bifid nasal tip	Autosomal dominant	1
Bifid ribs	Autosomal recessive	1
Bifid uvula	Isolated cases	1
Bifunctional peroxisomal enzyme deficiency	Autosomal recessive	1324
Bilateral breast carcinoma	Autosomal dominant	1
Bilateral cleft lip and palate	Autosomal recessive	3
Bilateral conductive hearing impairment	Autosomal dominant	6
Bilateral cryptorchidism	Autosomal dominant	1
Bilateral frontoparietal polymicrogyria	Autosomal recessive	302
Bilateral lesions of basal ganglia	Mitochondrial	1
Bilateral microphthalmos	Autosomal dominant	2
Bilateral microtia-deafness-cleft palate syndrome	Autosomal dominant	36
Bilateral parasagittal parieto-occipital polymicrogyria	Autosomal recessive	80
Bilateral ptosis	Autosomal recessive	4
Bilateral sensorineural hearing impairment	Autosomal recessive	20
Bilateral talipes equinovarus	Autosomal recessive	1
Bilateral tonic-clonic seizure	Autosomal dominant	7
Bile acid malabsorption, primary, 1	Autosomal recessive	18
Bile duct cancer	Autosomal dominant	9
Biliary tract abnormality	Autosomal dominant	8
Biotin-responsive basal ganglia disease	Autosomal recessive	618
Biotinidase deficiency	Autosomal recessive	669
Birk-Barel syndrome	Autosomal recessive	1
Birt-Hogg-Dube syndrome	Autosomal dominant	990
Birt-Hogg-Dube syndrome 1	Autosomal dominant	983
Bladder exstrophy	Autosomal dominant	1
Bladder exstrophy-epispadias-cloacal exstrophy complex	Autosomal recessive	3
Blau syndrome	Autosomal dominant	1110
Bleeding and platelet disorders	Autosomal dominant	3
Bleeding disorder, platelet-type, 13, susceptibility to	Autosomal dominant	14
Bleeding disorder, platelet-type, 21	Isolated cases	1
Bleeding disorder, platelet-type, 24	Autosomal dominant	4
Blepharocheilodontic syndrome 1	Autosomal dominant	175
Blepharophimosis	Autosomal dominant	2
Blepharophimosis - intellectual disability syndrome, MKB type	X-linked recessive	157
Blepharophimosis - intellectual disability syndrome, SBBYS type	Autosomal dominant	250
Blepharophimosis, ptosis, and epicanthus inversus syndrome	Autosomal dominant	136
Blepharophimosis, ptosis, and epicanthus inversus, type II with Duane retraction syndrome	Autosomal dominant	1
Blepharophimosis-impaired intellectual development syndrome	Autosomal dominant	30
Blindness	Autosomal recessive	20
Blood group, ER	Autosomal recessive	6
Blood group, I system	Autosomal dominant	87
Bloom syndrome	Autosomal recessive	4072
Blue color blindness	Autosomal dominant	6
Blue rubber bleb nevus	Autosomal dominant	3
Blue sclerae	Autosomal dominant	3
Blurred vision	Autosomal dominant	2
Body mass index quantitative trait locus 12	Isolated cases	8
Body mass index quantitative trait locus 14	Autosomal recessive	1
Body mass index quantitative trait locus 18	Autosomal dominant	2
Body skin hyperlaxity due to vitamin K-dependent coagulation factor deficiency	Autosomal recessive	6
Bohring-Opitz syndrome	Autosomal dominant	176
Bombay phenotype	Autosomal recessive	7
Bone Paget disease	Autosomal dominant	4
Bone fragility with contractures, arterial rupture, and deafness	Autosomal recessive	30
Bone marrow failure syndrome	Autosomal recessive	1
Bone marrow failure syndrome 3	Autosomal recessive	50
Bone marrow failure syndrome 5	Autosomal dominant	190
Bone marrow failure syndrome 6	Autosomal dominant	1
Bone marrow hypocellularity	Autosomal dominant	3
Bone mineral density quantitative trait locus 1	Autosomal dominant	2292
Bone mineral density quantitative trait locus 18	X-linked dominant	20
Bone osteosarcoma	Autosomal dominant	451
Boomerang dysplasia	Autosomal dominant	169
Borjeson-Forssman-Lehmann syndrome	X-linked recessive	149
Bosch-Boonstra-Schaaf optic atrophy syndrome	Autosomal dominant	94
Bothnia retinal dystrophy	Autosomal recessive	21
Bowed humerus	Autosomal dominant	9
Bowen-Conradi syndrome	Autosomal recessive	2
Bowing of limbs due to multiple fractures	Autosomal dominant	1
Bowing of the long bones	Autosomal recessive	2
Brachycephaly	Autosomal dominant	3
Brachydactyly	Autosomal recessive	138
Brachydactyly syndrome type E	Autosomal dominant	1
Brachydactyly type A1	Autosomal dominant	84
Brachydactyly type A1A	Autosomal recessive	3
Brachydactyly type A1C	Autosomal dominant	32
Brachydactyly type A1D	Autosomal dominant	12
Brachydactyly type B1	Autosomal dominant	344
Brachydactyly type B2	Autosomal dominant	21
Brachydactyly type C	Autosomal dominant	43
Brachydactyly type D	Autosomal dominant	45
Brachydactyly type E	Autosomal dominant	2
Brachydactyly type E1	Autosomal dominant	48
Brachydactyly type E2	Autosomal dominant	11
Brachydactyly, type B1Robinow syndrome, autosomal recessive	Autosomal recessive	2
Brachydactyly-arterial hypertension syndrome	Autosomal dominant	30
Brachydactyly-elbow wrist dysplasia syndrome	Autosomal dominant	5
Brachydactyly-syndactyly syndrome	Autosomal dominant	32
Brachyolmia	Autosomal recessive	1
Brachyolmia-amelogenesis imperfecta syndrome	Autosomal recessive	1512
Brachyrachia (short spine dysplasia)	Autosomal dominant	767
Brachyturricephaly	Autosomal dominant	2
Brain abnormalities, neurodegeneration, and dysosteosclerosis	Autosomal dominant	13
Brain aneurysm	Autosomal dominant	2
Brain atrophy	Autosomal recessive	6
Brain malformation	Autosomal recessive	2
Brain pseudoatrophy, reversible, valproate-induced, susceptibility to	Mitochondrial	1
Brain small vessel disease 1 with or without ocular anomalies	Autosomal dominant	1343
Brain small vessel disease 2A, autosomal dominant	Autosomal dominant	310
Brain small vessel disease 6 with leukoencephalopathy	Autosomal recessive	1
Brain-lung-thyroid syndrome	Autosomal dominant	134
Brainstem dysplasia	Autosomal recessive	2
Branchial cleft anomaly	Autosomal dominant	4
Branchiooculofacial syndrome	Autosomal dominant	88
Branchiootic syndrome	Autosomal dominant	3
Branchiootic syndrome 1	Autosomal dominant	531
Branchiootic syndrome 3	Autosomal dominant	356
Branchiootorenal syndrome 1	Autosomal dominant	431
Branchiootorenal syndrome with cataract	Autosomal dominant	3
Breast adenocarcinoma	Autosomal dominant	4
Breast and colorectal cancer	Autosomal dominant	2
Breast and colorectal cancer, susceptibility to	Autosomal dominant	28
Breast and/or ovarian cancer	Autosomal dominant	2266
Breast cancer, early-onset	Autosomal dominant	8
Breast cancer, familial male	Autosomal dominant	3
Breast cancer, invasive, susceptibility to	Autosomal recessive	2
Breast cancer, susceptibility to	Autosomal dominant	61
Breast carcinoma	Autosomal dominant	233
Breast ductal adenocarcinoma	Autosomal dominant	7
Breast lobular carcinoma	Autosomal dominant	1
Breast neoplasm	Autosomal dominant	349
Breast-ovarian cancer, familial, susceptibility to, 1	Autosomal dominant	7065
Breast-ovarian cancer, familial, susceptibility to, 2	Autosomal dominant	10236
Breast-ovarian cancer, familial, susceptibility to, 3	Autosomal recessive	655
Breast-ovarian cancer, familial, susceptibility to, 4	Autosomal dominant	7
Breast-ovarian cancer, familial, susceptibility to, 5	Autosomal dominant	310
Breasts and/or nipples, aplasia or hypoplasia of, 2	Autosomal recessive	3
Breathing dysregulation	Autosomal recessive	2
Breech presentation	Autosomal recessive	2
British HPFH	Autosomal dominant	1
Brittle cornea syndrome	Autosomal recessive	1
Brittle cornea syndrome 1	Autosomal recessive	321
Brittle cornea syndrome 2	Autosomal recessive	58
Broad forehead	Autosomal dominant	1
Broad thumb	X-linked recessive	3
Brody myopathy	Autosomal recessive	800
Bronchiectasis with or without elevated sweat chloride 1	Autosomal dominant	1356
Bronchiectasis with or without elevated sweat chloride 1, modifier of	Autosomal recessive	4
Bronchiectasis with or without elevated sweat chloride 2	Autosomal dominant	210
Bronchiectasis with or without elevated sweat chloride 3	Autosomal dominant	122
Bronchopulmonary dysplasia of newborn	Autosomal recessive	1
Bronze diabetes	Autosomal dominant	5
Brooke-Spiegler syndrome	Autosomal dominant	262
Brown oculocutaneous albinism	Autosomal recessive	1
Brown-Vialetto-van Laere syndrome 1	Autosomal recessive	445
Brown-Vialetto-van Laere syndrome 2	Autosomal recessive	468
Bruck syndrome 1	Autosomal recessive	58
Bruck syndrome 2	Autosomal recessive	109
Brugada syndrome	Autosomal dominant	637
Brugada syndrome (shorter-than-normal QT interval)	Autosomal dominant	20
Brugada syndrome 1	Autosomal dominant	2185
Brugada syndrome 2	Autosomal recessive	1
Brugada syndrome 3	Autosomal dominant	125
Brugada syndrome 5	Autosomal dominant	112
Brugada syndrome 7	Autosomal dominant	128
Brugada syndrome 8	Autosomal dominant	131
Brugada syndrome 9	Autosomal dominant	53
Brugada syndrome, lidocaine-induced	Autosomal dominant	2
Bruising susceptibility	Autosomal dominant	9
Brunner syndrome	X-linked recessive	150
Bruxism	X-linked dominant	2
Budd-Chiari syndrome	Autosomal recessive	353
Budd-Chiari syndrome, susceptibility to	Autosomal recessive	2
Budd-Chiari syndrome, susceptibility to, somatic	Autosomal dominant	2
Bulbar palsy	Autosomal dominant	2
Bulbous nose	Isolated cases	1
Bulbous tips of toes	Autosomal dominant	1
Bullous lung disease	Autosomal recessive	1
Burkitt lymphoma	Isolated cases	6
Buruli ulcer, susceptibility to	Autosomal recessive	1
C syndrome	Autosomal recessive	21
C1 inhibitor deficiency	Autosomal dominant	18
C11orf65-related disorder	Autosomal dominant	1
C12orf57-related disorder	Autosomal recessive	7
C17orf107-related condition	Autosomal dominant	1
C19orf12-related disorder	Autosomal recessive	3
C1Q deficiency	Autosomal recessive	1
C1Q deficiency 1	Autosomal recessive	3
C1QTNF5-related disorder	Autosomal recessive	1
C1orf69/IBA57-related disorder	Autosomal recessive	2
C2 deficiency, type I	Autosomal recessive	1
C2-related disorder	Autosomal recessive	4
C2CD3-related disorder	Autosomal recessive	1
C3 DEFICIENCY	Autosomal recessive	2
C3 POLYMORPHISM, HAV 4-1 PLUS/MINUS TYPE	Autosomal dominant	2
C3 glomerulonephritis	Autosomal dominant	342
C3-related disorder	Autosomal dominant	34
C3HEX, ability to smell	Autosomal dominant	2
C3S/C3F POLYMORPHISM	Autosomal dominant	1
C5-related disorder	Autosomal dominant	3
C8A-related disorder	Autosomal recessive	2
C8B-related disorder	Autosomal recessive	2
CA2-related disorder	Autosomal recessive	2
CA4-related disorder	Autosomal dominant	2
CA5A-related disorder	Autosomal recessive	14
CABP2-related disorder	Autosomal recessive	3
CABP4-related disorder	Autosomal recessive	3
CACNA1A-associated disorder	Autosomal dominant	3
CACNA1A-associated disorders	Autosomal dominant	2
CACNA1A-related complex neurodevelopmental disorder	Autosomal dominant	16
CACNA1A-related disorder	Autosomal dominant	321
CACNA1B-related disorder	Autosomal dominant	1
CACNA1C-related disorder	Autosomal dominant	16
CACNA1D-related disorder	Autosomal dominant	7
CACNA1F-related disorder	X-linked	11
CACNA1G-related disorder	Autosomal dominant	2
CACNA1H-related disorder	Autosomal dominant	121
CACNA1S-related disorder	Autosomal dominant	76
CACNB4-related disorder	Autosomal dominant	4
CAD-related disorder	Autosomal recessive	6
CALCR-related disorder	Autosomal dominant	1
CALM1-related disorder	Autosomal dominant	7
CALM2-related disorder	Autosomal dominant	1
CALM3-related disorder	Autosomal dominant	2
CAMPOMELIC DYSPLASIA WITH AUTOSOMAL SEX REVERSAL	Autosomal dominant	6
CAMTA1-related disorder	Autosomal dominant	3
CANT1-related disorder	Autosomal recessive	5
CAP-congenital myopathy with arthrogryposis multiplex congenita without heart involvement	Autosomal recessive	1
CAPN1-related disorder	Autosomal recessive	1
CAPN3-related disorder	Autosomal recessive	32
CAPN5-related disorder	Autosomal dominant	1
CARASIL syndrome	Autosomal recessive	34
CARBAMOYL PHOSPHATE SYNTHETASE I POLYMORPHISM	Autosomal recessive	1
CARBONIC ANHYDRASE II VARIANT	Autosomal recessive	1
CARD11-related disorder	Autosomal dominant	37
CARD14-related disorder	Autosomal dominant	86
CARD9-related disorder	Autosomal recessive	14
CAROTID INTIMAL MEDIAL THICKNESS 1	Autosomal dominant	6
CARS2-related disorder	Autosomal recessive	22
CASK-related disorder	X-linked dominant	1
CASK-related syndromic intellectual disability	X-linked dominant	1
CASP10-related disorder	Autosomal dominant	16
CASP8-related disorder	Autosomal recessive	3
CASQ1-related disorder	Autosomal dominant	3
CASQ2-related disorder	Autosomal dominant	5
CASR-related calcium metabolism disorders	Autosomal dominant	2
CASR-related disorder	Autosomal dominant	88
CATSPER1-related disorder	Autosomal recessive	6
CAV1-related disorder	Autosomal dominant	5
CAV3-related disorder	Autosomal dominant	5
CAVIN1-related disorder	Autosomal recessive	7
CBL-related disorder	Autosomal dominant	421
CBLIF-related disorder	Autosomal recessive	9
CBS POLYMORPHISM	Autosomal recessive	1
CBS-related disorder	Autosomal recessive	34
CC2D1A-related disorder	Autosomal recessive	9
CC2D2A-related disorder	Autosomal recessive	142
CCBE1-related disorder	Autosomal recessive	11
CCDC103-related disorder	Autosomal recessive	2
CCDC115-CDG	Autosomal recessive	10
CCDC141-related disorder	Autosomal recessive	2
CCDC170-related condition	Autosomal recessive	1
CCDC174-related disorder	Autosomal recessive	1
CCDC22-related disorder	X-linked recessive	2
CCDC65-related disorder	Autosomal recessive	4
CCDC78-related disorder	Autosomal dominant	19
CCDC8-related disorder	Autosomal recessive	1
CCDC88C-related disorder	Autosomal dominant	5
CCM2-related disorder	Autosomal dominant	13
CCN6-related disorder	Autosomal recessive	7
CCND2-related disorder	Autosomal dominant	2
CCNO-related disorder	Autosomal recessive	1
CCT5-related disorder	Autosomal recessive	9
CD19-related disorder	Autosomal recessive	3
CD247-related disorder	Autosomal recessive	2
CD27-related disorder	Autosomal recessive	2
CD36-related disorder	Autosomal recessive	19
CD3D-related disorder	Autosomal recessive	1
CD3E-related disorder	Autosomal recessive	2
CD3G-related disorder	Autosomal recessive	3
CD40LG-related disorder	X-linked recessive	3
CD46-related disorder	Autosomal dominant	8
CD79A-related disorder	Autosomal recessive	2
CD79B-related disorder	Autosomal recessive	4
CD8A-related disorder	Autosomal recessive	5
CDAN1-related disorder	Autosomal recessive	19
CDC14A-related disorder	Autosomal recessive	2
CDC45-related disorder	X-linked recessive	1
CDC6-related disorder	Autosomal recessive	1
CDC73-related disorder	Autosomal dominant	11
CDH1-related diffuse gastric and lobular breast cancer syndrome	Autosomal dominant	433
CDH1-related disorder	Autosomal dominant	134
CDH23-related disorder	Autosomal recessive	120
CDH3-related disorder	Autosomal recessive	8
CDHR1-related disorder	Autosomal recessive	13
CDK4-related disorder	Autosomal dominant	15
CDK5RAP2-related disorder	Autosomal recessive	14
CDKL5 disorder	X-linked dominant	228
CDKL5-related disorder	X-linked dominant	25
CDKN1B-related disorder	Autosomal dominant	32
CDKN1C-related disorder	Autosomal dominant	52
CDKN2A-related disorder	Autosomal dominant	49
CDON-related disorder	Autosomal dominant	25
CDSN-related disorder	Autosomal recessive	1
CDT1-related disorder	Autosomal recessive	2
CEACAM16-related disorder	Autosomal dominant	1
CEBALID syndrome	Autosomal dominant	11
CEBPA-related disorder	Autosomal dominant	27
CEBPE-related disorder	Autosomal recessive	2
CEDNIK syndrome	Autosomal recessive	142
CEL-related disorder	Autosomal dominant	2
CENPF-related disorder	Autosomal recessive	5
CENPJ-related disorder	Autosomal recessive	26
CENPP-related disorder	Autosomal dominant	1
CEP104-related disorder	Autosomal recessive	27
CEP120-related disorder	Autosomal recessive	25
CEP135-related disorder	Autosomal recessive	1
CEP152-related disorder	Autosomal recessive	49
CEP164-related disorder	Autosomal recessive	125
CEP290-related ciliopathy	Autosomal recessive	99
CEP290-related disorder	Autosomal recessive	1083
CEP41-related disorder	Autosomal recessive	9
CEP57-related disorder	Autosomal recessive	4
CEP83-related disorder	Autosomal recessive	8
CEREBRAL AMYLOID ANGIOPATHY, APP-RELATED, PIEDMONT VARIANT	Autosomal dominant	1
CEREBRAL AMYLOID ANGIOPATHY, PRNP-RELATED	Autosomal dominant	1
CEREBRAL CAVERNOUS MALFORMATIONS 4, SOMATIC	Autosomal dominant	2
CEROID LIPOFUSCINOSIS, NEURONAL, 3, PROTRACTED	Autosomal recessive	4
CERS1-related disorder	Autosomal recessive	5
CETP-related disorder	Autosomal dominant	9
CFAP418-related disorder	Autosomal recessive	9
CFAP53-related disorder	Autosomal recessive	2
CFB-related disorder	Autosomal dominant	15
CFH-Related Dense Deposit Disease / Membranoproliferative Glomerulonephritis Type II	Autosomal dominant	225
CFH-related disorder	Autosomal dominant	46
CFHR5 deficiency	Autosomal dominant	13
CFI-related disorder	Autosomal dominant	112
CFL2-related disorder	Autosomal recessive	2
CFP-related disorder	X-linked recessive	1
CFTR-related disorder	Autosomal recessive	1756
CHAMP1-related disorder	Autosomal dominant	1
CHAMP1-related syndrome	Autosomal dominant	4
CHARGE syndrome	Autosomal recessive	59
CHAT-related disorder	Autosomal recessive	17
CHCHD10-related disorder	Autosomal dominant	63
CHD2-related disorder	Autosomal dominant	43
CHD2-related neurodevelopmental disorder	Autosomal dominant	1
CHD7-related CHARGE syndrome	Autosomal dominant	89
CHD7-related disorder	Autosomal dominant	4
CHD8-related disorder	Autosomal dominant	9
CHEDIAK-HIGASHI SYNDROME, ADULT TYPE	Autosomal recessive	3
CHEDIAK-HIGASHI SYNDROME, CHILDHOOD TYPE	Autosomal recessive	7
CHEK2-related cancer predisposition	Autosomal dominant	386
CHEK2-related cancer risk	Autosomal dominant	2
CHEK2-related disorder	Autosomal dominant	147
CHIME syndrome	Autosomal recessive	52
CHKB-Related Congenital Muscular Dystrophy (CHKB-CMD)	Autosomal recessive	1
CHKB-related disorder	Autosomal recessive	8
CHM-related disorder	X-linked dominant	4
CHMP1A-related disorder	Autosomal recessive	2
CHMP2B-related disorder	Autosomal dominant	16
CHRNA1-related disorder	Autosomal recessive	14
CHRNA2-related disorder	Autosomal dominant	4
CHRNA4-related disorder	Autosomal dominant	2
CHRNB1-related disorder	Autosomal dominant	9
CHRND-related disorder	Autosomal recessive	15
CHRNE-related disorder	Autosomal dominant	32
CHRNG-associated hypo-akinesia disorder of prenatal onset	Autosomal recessive	6
CHRNG-related disorder	Autosomal recessive	15
CHST14-related disorder	Autosomal recessive	1
CHST3-related disorder	Autosomal recessive	2
CHST6-related disorder	Autosomal recessive	7
CHST8-related disorder	Autosomal recessive	1
CHSY1-related disorder	Autosomal recessive	6
CIC-rearranged sarcoma	Autosomal recessive	1
CIDEC-related familial partial lipodystrophy	Autosomal recessive	5
CIITA-related disorder	Autosomal recessive	1
CILIARY DYSKINESIA, PRIMARY, 7, WITH SITUS INVERSUS	Autosomal recessive	1
CILK1-related disorder	Autosomal recessive	1
CISD2-related disorder	Autosomal recessive	1
CIT-related disorder	Autosomal recessive	1
CITED2-related disorder	Autosomal dominant	2
CITRIN DEFICIENCY, NEONATAL ONSET	Autosomal recessive	6
CK syndrome	X-linked recessive	42
CLAPO syndrome	Autosomal dominant	38
CLASP1-related disorder	Autosomal recessive	9
CLCN1-related disorder	Autosomal recessive	38
CLCN1-related myotonia congenita	Autosomal dominant	1
CLCN2-related disorder	Autosomal recessive	14
CLCN4-related disorder	X-linked recessive	5
CLCN5-related disorder	X-linked recessive	25
CLCN7-related disorder	Autosomal dominant	4
CLDN1-related disorder	Autosomal recessive	1
CLDN14-related disorder	Autosomal recessive	4
CLDN16-related disorder	Autosomal recessive	2
CLDN19-related disorder	Autosomal recessive	4
CLEC7A-related disorder	Autosomal recessive	1
CLIC5-related disorder	Autosomal recessive	1
CLN3-related disorder	Autosomal recessive	6
CLN5-related disorder	Autosomal recessive	4
CLN6-related disorder	Autosomal recessive	7
CLN8-related disorder	Autosomal recessive	6
CLOVES syndrome	Autosomal dominant	38
CLPB-related disorder	Autosomal recessive	28
CLRN1-related disorder	Autosomal recessive	4
CNBP-related disorder	Autosomal dominant	1
CNGA3-related disorder	Autosomal recessive	19
CNGA3-related retinopathy	Autosomal recessive	4
CNGB1-related disorder	Autosomal recessive	7
CNGB1-related retinopathy	Autosomal recessive	2
CNGB3-related disorder	Autosomal recessive	13
CNGB3-related retinopathy	Autosomal recessive	3
CNNM2-related disorder	Autosomal dominant	5
CNNM4-related disorder	Autosomal recessive	7
CNS demyelination	Autosomal recessive	3
CNS hypomyelination	Autosomal recessive	1
CNTN1-related disorder	Autosomal recessive	5
CNTN2-related disorder	Autosomal recessive	13
COACH syndrome	X-linked dominant	1
COACH syndrome 1	Autosomal recessive	1159
COACH syndrome 2	Autosomal recessive	550
COACH syndrome 3	Autosomal recessive	720
COASY-Related Disorders	Autosomal recessive	3
COASY-related disorder	Autosomal recessive	13
COCH-related disorder	Autosomal dominant	7
CODAS syndrome	Autosomal recessive	50
COG4-Related Disorders	Autosomal recessive	1
COG4-congenital disorder of glycosylation	Autosomal recessive	201
COG4-related disorder	Autosomal recessive	11
COG6-congenital disorder of glycosylation	Autosomal recessive	379
COG6-related disorder	Autosomal recessive	24
COG7 congenital disorder of glycosylation	Autosomal recessive	5
COL10A1-related disorder	Autosomal dominant	5
COL11A1-related disorder	Autosomal dominant	40
COL11A2-related disorder	Autosomal dominant	43
COL17A1-related disorder	Autosomal recessive	21
COL18A1-related disorder	Autosomal recessive	6
COL1A1-related Ehlers-Danlos syndrome	Autosomal dominant	1
COL1A1-related disorder	Autosomal dominant	281
COL1A1-related osteogenesis imperfecta	Autosomal dominant	1
COL1A2-related disorder	Autosomal dominant	187
COL1A2-related osteogenesis imperfecta	Autosomal dominant	2
COL27A1-related disorder	Autosomal recessive	4
COL2A1-related disorder	Autosomal dominant	145
COL2A1-related skeletal disorder	Autosomal dominant	3
COL2A1-related skeletal dysplasia	Autosomal dominant	2
COL3A1-related disorder	Autosomal dominant	49
COL4A1 or COL4A2-related cerebral small vessel disease	Autosomal dominant	3
COL4A1-related disorder	Autosomal dominant	123
COL4A2-related cerebral small vessel disease	Autosomal dominant	1
COL4A2-related disorder	Autosomal dominant	32
COL4A3-related disorder	Autosomal dominant	63
COL4A4-related disorder	Autosomal recessive	52
COL4A5-related disorder	X-linked dominant	53
COL4A6-related disorder	X-linked recessive	6
COL5A1-related disorder	Autosomal dominant	99
COL5A2-related disorder	Autosomal dominant	52
COL6A1-related disorder	Autosomal dominant	52
COL6A2-related core myopathy	Autosomal dominant	1
COL6A2-related disorder	Autosomal dominant	103
COL6A3-related disorder	Autosomal dominant	141
COL6A3-related phenotype	Autosomal dominant	1
COL7A1-related disorder	Autosomal dominant	234
COL9A1-related disorder	Autosomal dominant	3
COL9A2-related disorder	Autosomal dominant	16
COL9A3-related disorder	Autosomal dominant	3
COLLAGEN TYPE III POLYMORPHISM	Autosomal dominant	1
COLQ-related disorder	Autosomal recessive	11
COMP-related disorder	Autosomal dominant	12
COMPLEMENT COMPONENT 8, ALPHA SUBUNIT, A/B POLYMORPHISM	Autosomal recessive	1
COMT POLYMORPHISM	Autosomal dominant	1
CONE-ROD DYSTROPHY, AIPL1-RELATED	Autosomal recessive	2
CONGENITAL SHORT BOWEL SYNDROME, X-LINKED	X-linked recessive	1
CONGENITAL SMOOTH MUSCLE HAMARTOMA, SOMATIC, MOSAIC	Autosomal dominant	1
COPD, severe early onset	Autosomal recessive	1
COQ2-related disorder	Autosomal recessive	4
COQ4-related disorder	Autosomal recessive	8
COQ6-related disorder	Autosomal recessive	3
COQ7-related disorder	Autosomal recessive	1
COQ8A-related disorder	Autosomal recessive	12
COQ8B-related disorder	Autosomal recessive	2
COQ9-related disorder	Autosomal recessive	5
CORO1A-related disorder	Autosomal recessive	10
CORONARY ARTERY SPASM 1, SUSCEPTIBILITY TO	Autosomal dominant	2
COSTELLO SYNDROME, SEVERE	Autosomal dominant	1
COX10-related disorder	Mitochondrial	4
COX15-related disorder	Mitochondrial	4
COX6B1-related disorder	Mitochondrial	1
CP-related disorder	Autosomal recessive	23
CPA1-related disorder	Autosomal dominant	10
CPA6-related disorder	Autosomal recessive	3
CPLANE1-related disorder	Autosomal recessive	81
CPN1-related disorder	Autosomal recessive	1
CPOX-related disorder	Autosomal dominant	6
CPOX-related hereditary coproporphyria	Autosomal dominant	2
CPS1-related disorder	Autosomal recessive	32
CPT1A ARCTIC VARIANT	Autosomal recessive	1
CPT1A POLYMORPHISM	Autosomal recessive	1
CPT1A-related disorder	Autosomal recessive	30
CPT1C-related disorder	Autosomal dominant	10
CPT2-related disorder	Autosomal recessive	56
CR2-related disorder	Autosomal recessive	31
CRANIOFACIAL-SKELETAL-DERMATOLOGIC DYSPLASIA	Autosomal dominant	7
CRANIOSYNOSTOSIS 7, SUSCEPTIBILITY TO	Autosomal dominant	2
CRANIOSYNOSTOSIS, NONCLASSIFIABLE AUTOSOMAL DOMINANT	Autosomal dominant	7
CRANIOSYNOSTOSIS, NONSYNDROMIC UNICORONAL	Autosomal dominant	7
CRB1-related disorder	Autosomal recessive	42
CRB1-related maculopathy	Autosomal recessive	4
CRB2-related disorder	Autosomal recessive	13
CRBN-related disorder	Autosomal recessive	1
CREBBP-related disorder	Autosomal dominant	121
CRELD1-related disorder	Autosomal dominant	15
CRLF1-related disorder	Autosomal recessive	1
CRPPA-related disorder	Autosomal recessive	18
CRTAP-related disorder	Autosomal recessive	15
CRX-related disorder	Autosomal dominant	8
CRYAA-related disorder	Autosomal dominant	5
CRYAB-related disorder	Autosomal dominant	7
CRYBA1-related disorder	Autosomal dominant	4
CRYBB3-related disorder	Autosomal dominant	2
CRYGB-related disorder	Autosomal dominant	2
CRYGD-related disorder	Autosomal dominant	8
CRYGS-related disorder	Autosomal dominant	2
CRYM-related disorder	Autosomal dominant	1
CSF1R-related disorder	Autosomal dominant	6
CSF2RB-related disorder	Autosomal recessive	2
CSF3R-Related Disorders	Autosomal recessive	1
CSF3R-related disorder	Autosomal recessive	30
CSMD3-related disorder	Autosomal dominant	1
CSNK2A1-related disorder	Autosomal dominant	4
CSPP1-related disorder	Autosomal recessive	33
CSRP3-related disorder	Autosomal dominant	9
CST3-related Leukodystrophy	Autosomal dominant	1
CSTB-related disorder	Autosomal recessive	1
CTC1-related disorder	Autosomal recessive	17
CTCF-related disorder	Autosomal dominant	4
CTCF-related neurodevelopmental disorder	Autosomal dominant	106
CTCF-related syndromic intellectual disability	Autosomal dominant	1
CTH-related disorder	Autosomal recessive	4
CTLA4-related disorder	Autosomal dominant	5
CTNNA1-associated FEVR	Autosomal dominant	1
CTNNA1-related disorder	Autosomal dominant	57
CTNNA3-related disorder	Autosomal dominant	23
CTNNB1-related disorder	Autosomal dominant	7
CTNS-related disorder	Autosomal recessive	52
CTPS1-related disorder	Autosomal recessive	10
CTRC-related disorder	Autosomal dominant	7
CTSA-related disorder	Autosomal recessive	11
CTSB-related disorder	Autosomal dominant	1
CTSC-related disorder	Autosomal recessive	16
CTSD-related disorder	Autosomal recessive	4
CTSF-related disorder	Autosomal recessive	12
CTSK-related disorder	Autosomal recessive	1
CUBN-related disorder	Autosomal recessive	87
CUL3-related disorder	Autosomal dominant	3
CUL4B-related X-linked intellectual disability	X-linked recessive	1
CUL4B-related disorder	X-linked recessive	33
CUL7-related disorder	Autosomal recessive	12
CUP (carcinoma unknown primary) syndrome	Autosomal recessive	1
CWF19L1-related disorder	Autosomal recessive	1
CXCR4-related disorder	Autosomal dominant	1
CYB5R3-related disorder	Autosomal recessive	2
CYBA POLYMORPHISM	Autosomal recessive	1
CYBA-related disorder	Autosomal recessive	11
CYBB-related disorder	X-linked recessive	11
CYC1-related disorder	Autosomal recessive	1
CYCS-related disorder	Autosomal dominant	1
CYLD-related disorder	Autosomal dominant	2
CYP11A1-related disorder	Autosomal recessive	1
CYP11B1-related disorder	Autosomal recessive	11
CYP11B2-related disorder	Autosomal recessive	14
CYP17A1-related disorder	Autosomal recessive	10
CYP1B1-related disorder	Autosomal recessive	18
CYP1B1-related glaucoma with or without anterior segment dysgenesis	Autosomal recessive	54
CYP21A2-related disorder	Autosomal recessive	18
CYP24A1-related disorder	Autosomal recessive	7
CYP26C1-related disorder	Autosomal recessive	1
CYP27A1-related disorder	Autosomal recessive	75
CYP27B1-related disorder	Autosomal recessive	7
CYP2R1-related disorder	Autosomal recessive	3
CYP2U1-related disorder	Autosomal recessive	3
CYP4F22-related disorder	Autosomal recessive	6
CYP4V2-related disorder	Autosomal recessive	3
CYP7B1-related disorder	Autosomal recessive	15
Cachexia	Autosomal dominant	2
Cafe au lait spots, multiple	Autosomal dominant	31
Cafe-au-lait spot	Autosomal dominant	14
Café-au-lait macules with pulmonary stenosis	Autosomal dominant	2665
Calcaneovalgus deformity	Autosomal dominant	1
Calcification of extrapyramidal basal ganglia	Mitochondrial	2
Calcium nephrolithiasis	Autosomal dominant	1
Calf muscle hypertrophy	X-linked recessive	4
Camptodactyly	Autosomal recessive	2
Camptodactyly of 2nd-5th fingers	Autosomal dominant	1
Camptodactyly of finger	Autosomal recessive	2
Camptodactyly-arthropathy-coxa vara-pericarditis syndrome	Autosomal recessive	48
Camptodactyly-tall stature-scoliosis-hearing loss syndrome	Autosomal dominant	316
Camptomelic dysplasia	Autosomal dominant	358
Camptosynpolydactyly, complex	Autosomal recessive	3
Camurati-Engelmann disease type 1	Autosomal dominant	2
Canavan Disease, Familial Form	Autosomal recessive	36
Cancer or benign tumor	Autosomal dominant	18
Candidiasis, familial, 8	Autosomal recessive	280
Candidiasis, familial, 9	Autosomal recessive	833
Cap myopathy	Autosomal dominant	1
Capillary hemangioma	Autosomal dominant	1
Capillary infantile hemangioma	Autosomal dominant	37
Capillary malformation	Autosomal dominant	1
Capillary malformation-arteriovenous malformation 1	Autosomal dominant	156
Capillary malformation-arteriovenous malformation syndrome	Autosomal dominant	60
Carcinoid tumor of intestine	Autosomal dominant	3
Carcinoma of colon	Autosomal dominant	750
Carcinoma of esophagus	Autosomal dominant	2
Carcinoma of male breast	Autosomal dominant	1
Carcinoma of pancreas	Autosomal dominant	321
Carcinoma, adrenocortical, androgen-secreting	Autosomal recessive	1
Cardiac anomalies - developmental delay - facial dysmorphism syndrome	Autosomal dominant	342
Cardiac anomalies-short stature-joint hypermobility-facial dysmorphism syndrome due to TAB2 mutation	Autosomal dominant	1
Cardiac arrest	Autosomal dominant	23
Cardiac arrhythmia	Autosomal dominant	2227
Cardiac arrhythmia, ankyrin-B-related	Autosomal dominant	506
Cardiac conduction disease with or without dilated cardiomyopathy 1	Autosomal dominant	1
Cardiac hypertrophy	Autosomal dominant	3
Cardiac rhabdomyoma	Autosomal dominant	1
Cardiac shunt	Autosomal dominant	3
Cardiac valvular dysplasia, X-linked	X-linked dominant	313
Cardiac-urogenital syndrome	Autosomal dominant	2
Cardio-facio-cutaneous syndrome	Autosomal dominant	96
Cardioencephalomyopathy, fatal infantile, due to cytochrome c oxidase deficiency 1	Autosomal recessive	96
Cardioencephalomyopathy, fatal infantile, due to cytochrome c oxidase deficiency 2	Autosomal recessive	34
Cardioencephalomyopathy, fatal infantile, due to cytochrome c oxidase deficiency 3	Autosomal recessive	1
Cardioencephalomyopathy, fatal infantile, due to cytochrome c oxidase deficiency 4	Autosomal recessive	8
Cardiofaciocutaneous syndrome 1	Autosomal dominant	556
Cardiofaciocutaneous syndrome 2	Autosomal dominant	100
Cardiofaciocutaneous syndrome 3	Isolated cases	34
Cardiofaciocutaneous syndrome 4	Autosomal dominant	4
Cardiomyopathy	Autosomal dominant	13447
Cardiomyopathy and Deafness	Mitochondrial	1
Cardiomyopathy, dilated, 1LL	Autosomal dominant	2
Cardiomyopathy, dilated, 1MM	Autosomal dominant	4
Cardiomyopathy, dilated, 2E	Autosomal dominant	63
Cardiomyopathy, dilated, 2M	Autosomal dominant	1
Cardiomyopathy, dilated, 2j	Autosomal dominant	1
Cardiomyopathy, dilated, 2l	Autosomal dominant	3
Cardiomyopathy, dilated, with wooly hair, keratoderma, and tooth agenesis	Autosomal dominant	607
Cardiomyopathy, familial hypertrophic, 23, with or without ventricular noncompaction	Autosomal dominant	3
Cardiomyopathy, familial restrictive, 1	Autosomal dominant	132
Cardiomyopathy, familial restrictive, 3	Autosomal dominant	2291
Cardiomyopathy, familial restrictive, 5	Autosomal dominant	6
Cardiomyopathy, hypertrophic, midventricular, digenic	Autosomal dominant	2
Cardiovascular phenotype	Autosomal dominant	41923
Carious teeth	Autosomal recessive	1
Carney complex	Autosomal dominant	8
Carney complex - trismus - pseudocamptodactyly syndrome	Autosomal dominant	10
Carney complex, type 1	Autosomal dominant	1131
Carney triad	Autosomal dominant	9
Carney-Stratakis syndrome	Autosomal dominant	1040
Carnitine acylcarnitine translocase deficiency	Autosomal recessive	297
Carnitine deficiency	Autosomal recessive	88
Carnitine palmitoyl transferase 1A deficiency	Autosomal recessive	1037
Carnitine palmitoyl transferase II deficiency, myopathic form	Autosomal recessive	650
Carnitine palmitoyl transferase II deficiency, neonatal form	Autosomal recessive	665
Carnitine palmitoyl transferase II deficiency, severe infantile form	Autosomal recessive	698
Carnitine palmitoyltransferase II deficiency	Autosomal recessive	589
Caroli disease	Autosomal recessive	4
Carpal osteolysis	Autosomal dominant	1
Carpal tunnel syndrome	Autosomal dominant	3
Carpal tunnel syndrome 1	Autosomal dominant	143
Carpal tunnel syndrome 2	Autosomal dominant	15
Carpenter syndrome	Autosomal recessive	31
Cartilage-hair hypoplasia-anauxetic dysplasia spectrum disorders	Autosomal recessive	7
Castleman-Kojima disease	X-linked recessive	3
Cataplexy	Autosomal recessive	2
Cataract	Autosomal dominant	185
Cataract 1 multiple types	Autosomal dominant	193
Cataract 10 multiple types	Autosomal dominant	51
Cataract 11 multiple types	Autosomal dominant	9
Cataract 11, posterior polar	Autosomal dominant	2
Cataract 12 multiple types	Autosomal dominant	75
Cataract 13 with adult I phenotype	Autosomal recessive	42
Cataract 14 multiple types	Autosomal dominant	216
Cataract 16 multiple types	Autosomal dominant	69
Cataract 17 multiple types	Autosomal recessive	2
Cataract 18	Autosomal recessive	311
Cataract 19 multiple types	Autosomal recessive	67
Cataract 2, multiple types	Autosomal dominant	15
Cataract 20 multiple types	Autosomal dominant	35
Cataract 21 multiple types	Autosomal dominant	174
Cataract 22 multiple types	Autosomal dominant	67
Cataract 30	Autosomal dominant	59
Cataract 34 multiple types	Autosomal recessive	4
Cataract 38	Autosomal recessive	555
Cataract 39 multiple types	Autosomal dominant	31
Cataract 4 multiple types	Autosomal dominant	38
Cataract 40	X-linked	19
Cataract 41	Autosomal dominant	1853
Cataract 42	Autosomal dominant	2
Cataract 43	Autosomal dominant	8
Cataract 44	Autosomal recessive	18
Cataract 45	Autosomal recessive	12
Cataract 46 juvenile-onset	Autosomal recessive	2
Cataract 5 multiple types	Autosomal dominant	121
Cataract 6 multiple types	Autosomal dominant	229
Cataract 6, age-related cortical	Autosomal dominant	1
Cataract 9 multiple types	Autosomal dominant	73
Cataract 9, multiple types, with microcornea	Autosomal dominant	3
Cataract-growth hormone deficiency-sensory neuropathy-sensorineural hearing loss-skeletal dysplasia syndrome	Autosomal recessive	29
Cataracts, congenital, with late-onset corneal dystrophy	Autosomal dominant	1
Cataracts, hearing impairment, nephrotic syndrome, and enterocolitis 1	X-linked recessive	8
Cataracts, hearing impairment, nephrotic syndrome, and enterocolitis 2	Autosomal recessive	4
Catecholaminergic polymorphic ventricular tachycardia	Autosomal dominant	1849
Catecholaminergic polymorphic ventricular tachycardia 1	Autosomal dominant	8073
Catecholaminergic polymorphic ventricular tachycardia 2	Autosomal recessive	229
Catecholaminergic polymorphic ventricular tachycardia 4	Autosomal dominant	248
Catecholaminergic polymorphic ventricular tachycardia 5	Autosomal recessive	143
Catel-Manzke syndrome	Autosomal recessive	22
Cathepsin a-related arteriopathy-strokes-leukoencephalopathy	Autosomal recessive	1
Caudal duplication	Somatic mutation	2
Caused by mutation in the TBC1 domain family, member 24	X-linked recessive	19
Caused by mutation in the tafazzin gene	X-linked recessive	1
Caveolinopathy	Autosomal dominant	38
Cavernous hemangioma	Autosomal dominant	2
Cavernous lymphangioma	Autosomal dominant	2
Cayman type cerebellar ataxia	Autosomal recessive	138
Celiac disease, susceptibility to, 3	Autosomal dominant	15
Cenani-Lenz syndactyly syndrome	Autosomal recessive	2496
Central core disease, autosomal recessive	Autosomal dominant	4
Central core myopathy	Autosomal dominant	1850
Central hypotonia	Autosomal recessive	8
Central hypoventilation	Autosomal recessive	2
Central hypoventilation syndrome, congenital, 1, with or without Hirschsprung disease	Autosomal dominant	31
Central precocious puberty 1	Autosomal dominant	8
Central scotoma	Autosomal dominant	2
Central sleep apnea	Autosomal recessive	2
Centromeric instability of chromosomes 1,9 and 16 and immunodeficiency	Autosomal recessive	73
Centronuclear myopathy	Autosomal dominant	89
Cephalocele	Autosomal recessive	2
Cerebellar ataxia	Autosomal recessive	33
Cerebellar ataxia, intellectual disability, and dysequilibrium syndrome 1	Autosomal recessive	146
Cerebellar ataxia, intellectual disability, and dysequilibrium syndrome 2	Autosomal recessive	70
Cerebellar ataxia, intellectual disability, and dysequilibrium syndrome 3	Autosomal recessive	17
Cerebellar ataxia, intellectual disability, and dysequilibrium syndrome 4	Autosomal recessive	70
Cerebellar ataxia-areflexia-pes cavus-optic atrophy-sensorineural hearing loss syndrome	Autosomal dominant	271
Cerebellar ataxia-hypogonadism syndrome	Autosomal recessive	40
Cerebellar atrophy	Autosomal recessive	14
Cerebellar atrophy, developmental delay, and seizures	Autosomal dominant	25
Cerebellar atrophy, visual impairment, and psychomotor retardation%3B	Autosomal recessive	71
Cerebellar cyst	Autosomal recessive	5
Cerebellar dysfunction with variable cognitive and behavioral abnormalities	Autosomal dominant	176
Cerebellar dysplasia	Autosomal dominant	1
Cerebellar hemangioblastoma	Autosomal dominant	2
Cerebellar hemisphere hypoplasia	Autosomal recessive	1
Cerebellar hypoplasia	Autosomal recessive	1
Cerebellar malformation	Autosomal recessive	10
Cerebellar vermis hypoplasia	Autosomal recessive	22
Cerebellar-facial-dental syndrome	Autosomal recessive	17
Cerebello-oculo-renal syndrome (nephronophthisis, oculomotor apraxia and cerebellar abnormalities)	Autosomal recessive	1
Cerebral amyloid angiopathy, APP-related	Autosomal dominant	39
Cerebral arterial disease	Autosomal dominant	1
Cerebral arteriopathy with subcortical infarcts and leukoencephalopathy	Autosomal dominant	38
Cerebral arteriopathy, autosomal dominant, with subcortical infarcts and leukoencephalopathy, type 1	Autosomal dominant	603
Cerebral arteriopathy, autosomal dominant, with subcortical infarcts and leukoencephalopathy, type 2	Autosomal dominant	42
Cerebral arteriopathy, autosomal recessive, with subcortical infarcts and leukoencephalopathy 1	Autosomal dominant	1
Cerebral arteriovenous malformation	Autosomal dominant	120
Cerebral atrophy	Autosomal recessive	4
Cerebral calcification	Autosomal recessive	2
Cerebral cavernous malformation	Autosomal dominant	557
Cerebral cavernous malformation 1	Autosomal dominant	11
Cerebral cavernous malformation 2	Autosomal dominant	241
Cerebral cavernous malformation 3	Autosomal dominant	4
Cerebral cavernous malformation 4	Autosomal dominant	28
Cerebral cortical atrophy	Autosomal dominant	5
Cerebral creatine deficiency syndrome	Autosomal recessive	176
Cerebral dysmyelination	Autosomal recessive	1
Cerebral edema	Autosomal dominant	2
Cerebral folate transport deficiency	Autosomal recessive	229
Cerebral hypomyelination	Autosomal dominant	2
Cerebral hypoplasia	Autosomal recessive	1
Cerebral ischemia	Autosomal recessive	1
Cerebral palsy	Autosomal dominant	23
Cerebral palsy, spastic quadriplegic, 3	Autosomal recessive	6
Cerebral small vessel disease	Autosomal dominant	3
Cerebral visual impairment	Autosomal dominant	2
Cerebral visual impairment and intellectual disability	Autosomal dominant	2
Cerebro-costo-mandibular syndrome	Autosomal dominant	10
Cerebro-facio-thoracic dysplasia	Autosomal recessive	1
Cerebrofacial Vascular Metameric Syndrome (CVMS)	Somatic mutation	1
Cerebrooculofacioskeletal syndrome 1	Autosomal recessive	908
Cerebrooculofacioskeletal syndrome 2	Autosomal recessive	198
Cerebrooculofacioskeletal syndrome 3	Autosomal recessive	121
Cerebrooculofacioskeletal syndrome 4	Autosomal recessive	16
Cerebroretinal microangiopathy with calcifications and cysts 1	Autosomal recessive	224
Cerebroretinal microangiopathy with calcifications and cysts 3	Autosomal dominant	29
Ceroid lipofuscinosis, neuronal, 4 (Kufs type)	Autosomal dominant	158
Ceroid lipofuscinosis, neuronal, 6A	Autosomal recessive	176
Ceroid lipofuscinosis, neuronal, 6B (Kufs type)	Autosomal recessive	114
Cervical cancer	Autosomal dominant	296
Cervical lymphadenopathy	Somatic mutation	1
Channelopathy-associated congenital insensitivity to pain, autosomal recessive	Autosomal dominant	643
Char syndrome	Autosomal dominant	32
Charcot-Marie-Tooth Neuropathy X	X-linked recessive	105
Charcot-Marie-Tooth disease	Autosomal dominant	1670
Charcot-Marie-Tooth disease X-linked dominant 1	X-linked dominant	252
Charcot-Marie-Tooth disease X-linked dominant 6	X-linked dominant	186
Charcot-Marie-Tooth disease X-linked recessive 4	X-linked recessive	43
Charcot-Marie-Tooth disease X-linked recessive 5	X-linked recessive	48
Charcot-Marie-Tooth disease axonal type 2C	Autosomal dominant	1741
Charcot-Marie-Tooth disease axonal type 2CC	Autosomal dominant	47
Charcot-Marie-Tooth disease axonal type 2F	Autosomal dominant	370
Charcot-Marie-Tooth disease axonal type 2K	Autosomal recessive	123
Charcot-Marie-Tooth disease axonal type 2L	Autosomal dominant	251
Charcot-Marie-Tooth disease axonal type 2N	Autosomal dominant	123
Charcot-Marie-Tooth disease axonal type 2O	Autosomal dominant	4730
Charcot-Marie-Tooth disease axonal type 2P	Autosomal dominant	824
Charcot-Marie-Tooth disease axonal type 2P-AR	Autosomal dominant	2
Charcot-Marie-Tooth disease axonal type 2Q	Autosomal dominant	38
Charcot-Marie-Tooth disease axonal type 2S	Autosomal recessive	2299
Charcot-Marie-Tooth disease axonal type 2T	Autosomal recessive	82
Charcot-Marie-Tooth disease axonal type 2U	Autosomal dominant	806
Charcot-Marie-Tooth disease axonal type 2V	Autosomal dominant	1184
Charcot-Marie-Tooth disease axonal type 2X	Autosomal recessive	950
Charcot-Marie-Tooth disease axonal type 2Z	Autosomal dominant	848
Charcot-Marie-Tooth disease dominant intermediate B	Autosomal dominant	1299
Charcot-Marie-Tooth disease dominant intermediate C	Autosomal dominant	531
Charcot-Marie-Tooth disease dominant intermediate D	Autosomal dominant	201
Charcot-Marie-Tooth disease dominant intermediate E	Autosomal dominant	1492
Charcot-Marie-Tooth disease dominant intermediate F	Autosomal dominant	252
Charcot-Marie-Tooth disease recessive intermediate A	Autosomal recessive	276
Charcot-Marie-Tooth disease recessive intermediate B	Autosomal recessive	16
Charcot-Marie-Tooth disease recessive intermediate C	Autosomal recessive	2435
Charcot-Marie-Tooth disease recessive intermediate D	Autosomal recessive	2
Charcot-Marie-Tooth disease type 1B	Autosomal dominant	272
Charcot-Marie-Tooth disease type 1C	Autosomal dominant	219
Charcot-Marie-Tooth disease type 1D	Autosomal dominant	65
Charcot-Marie-Tooth disease type 1E	Autosomal dominant	83
Charcot-Marie-Tooth disease type 1F	Autosomal dominant	99
Charcot-Marie-Tooth disease type 2	Autosomal dominant	1981
Charcot-Marie-Tooth disease type 2A1	Autosomal dominant	196
Charcot-Marie-Tooth disease type 2A2	Autosomal dominant	161
Charcot-Marie-Tooth disease type 2B	Autosomal dominant	169
Charcot-Marie-Tooth disease type 2B1	Autosomal dominant	1508
Charcot-Marie-Tooth disease type 2B2	Autosomal recessive	100
Charcot-Marie-Tooth disease type 2D	Autosomal dominant	190
Charcot-Marie-Tooth disease type 2E	Autosomal dominant	547
Charcot-Marie-Tooth disease type 2I	Autosomal dominant	118
Charcot-Marie-Tooth disease type 2J	Autosomal dominant	100
Charcot-Marie-Tooth disease type 2R	Autosomal recessive	465
Charcot-Marie-Tooth disease type 2T	Autosomal recessive	1
Charcot-Marie-Tooth disease type 2Y	Autosomal dominant	17
Charcot-Marie-Tooth disease type 4	Autosomal recessive	723
Charcot-Marie-Tooth disease type 4A	Autosomal recessive	479
Charcot-Marie-Tooth disease type 4B1	Autosomal recessive	121
Charcot-Marie-Tooth disease type 4B2	Autosomal recessive	212
Charcot-Marie-Tooth disease type 4B3	Autosomal recessive	142
Charcot-Marie-Tooth disease type 4C	Autosomal recessive	650
Charcot-Marie-Tooth disease type 4D	Autosomal recessive	230
Charcot-Marie-Tooth disease type 4E	Autosomal dominant	66
Charcot-Marie-Tooth disease type 4F	Autosomal recessive	183
Charcot-Marie-Tooth disease type 4G	Autosomal recessive	37
Charcot-Marie-Tooth disease type 4H	Autosomal recessive	216
Charcot-Marie-Tooth disease type 4J	Autosomal recessive	166
Charcot-Marie-Tooth disease type 4K	Mitochondrial	83
Charcot-Marie-Tooth disease type 5	Autosomal dominant	2
Charcot-Marie-Tooth disease, axonal, IIa 2II	Autosomal recessive	26
Charcot-Marie-Tooth disease, axonal, Type 2HH	Autosomal dominant	425
Charcot-Marie-Tooth disease, axonal, autosomal recessive, type 2a2b%3B	Autosomal dominant	56
Charcot-Marie-Tooth disease, axonal, type 2EE	Autosomal recessive	41
Charcot-Marie-Tooth disease, axonal, type 2LL	Autosomal dominant	1
Charcot-Marie-Tooth disease, axonal, with vocal cord paresis, autosomal recessive	Autosomal recessive	266
Charcot-Marie-Tooth disease, demyelinating, IIA 1H	Autosomal dominant	8
Charcot-Marie-Tooth disease, demyelinating, IIA 1I	Autosomal recessive	30
Charcot-Marie-Tooth disease, demyelinating, type 1J	Autosomal recessive	1
Charcot-Marie-Tooth disease, dominant intermediate B, with neutropenia	Autosomal dominant	2
Charcot-Marie-Tooth disease, dominant intermediate G	Autosomal dominant	22
Charcot-Marie-Tooth disease, type 1a, autosomal recessive	Autosomal dominant	5
Charcot-Marie-Tooth disease, type 2A	Autosomal dominant	5
Charcot-Marie-Tooth disease, type I	Autosomal dominant	347
Charcot-Marie-Tooth disease, type IA	Autosomal dominant	95
Charcot-Marie-Tooth, Intermediate	Autosomal dominant	2
Charcot-Marie-tooth disease, axonal, type 2DD	Autosomal dominant	6
Charlevoix-Saguenay spastic ataxia	Autosomal recessive	1733
Chest pain	Autosomal dominant	2
Chilblain lupus	Autosomal dominant	7
Chilblain lupus 1	Autosomal dominant	1634
Chilblain lupus 2	Autosomal recessive	74
Child syndrome	X-linked dominant	55
Childhood Onset VCP-related Neurodevelopmental Disorder	Autosomal dominant	2
Childhood absence epilepsy	Autosomal dominant	1
Childhood apraxia of speech	Autosomal dominant	161
Childhood encephalopathy due to thiamine pyrophosphokinase deficiency	Autosomal recessive	230
Childhood hypophosphatasia	Autosomal recessive	465
Childhood myocerebrohepatopathy spectrum	Autosomal recessive	9
Childhood neoplasm	Autosomal dominant	6
Childhood onset GLUT1 deficiency syndrome 2	Autosomal dominant	885
Childhood onset hearing loss	Autosomal recessive	15
Childhood onset hereditary spastic paraplegia	Autosomal dominant	1
Childhood onset sensorineural hearing impairment	Autosomal recessive	1
Childhood-onset autosomal recessive myopathy with external ophthalmoplegia	Autosomal dominant	1
Childhood-onset epilepsy syndrome	Autosomal dominant	2
Childhood-onset schizophrenia	Autosomal recessive	1
Chitayat syndrome	Autosomal dominant	7
Chitotriosidase deficiency	Autosomal recessive	183
Choanal atresia	Autosomal dominant	1
Choanal atresia-athelia-hypothyroidism-delayed puberty-short stature syndrome	Autosomal dominant	576
Choanal atresia-hearing loss-cardiac defects-craniofacial dysmorphism syndrome	Autosomal recessive	16
Choanal stenosis	Autosomal dominant	2
Cholangiocarcinoma	Autosomal recessive	2
Cholestanol storage disease	Autosomal recessive	1089
Cholestasis	Autosomal recessive	2
Cholestasis, intrahepatic, of pregnancy, 1	Autosomal recessive	62
Cholestasis, intrahepatic, of pregnancy, 3	Autosomal dominant	223
Cholestasis, progressive familial intrahepatic, 10	Autosomal recessive	20
Cholestasis, progressive familial intrahepatic, 12	Autosomal recessive	106
Cholestasis, progressive familial intrahepatic, 4	Autosomal recessive	88
Cholestasis, progressive familial intrahepatic, 5	Autosomal recessive	19
Cholestasis-edema syndrome, Norwegian type	Autosomal recessive	2
Cholestasis-pigmentary retinopathy-cleft palate syndrome	X-linked recessive	64
Cholestatic liver disease	Autosomal recessive	9
Cholesteatoma of middle ear	Autosomal dominant	5
Cholesteryl ester storage disease	Autosomal recessive	61
Chondrocalcinosis 2	Autosomal dominant	398
Chondrodysplasia	Autosomal dominant	1
Chondrodysplasia Blomstrand type	Autosomal recessive	225
Chondrodysplasia punctata 2 X-linked dominant	X-linked dominant	72
Chondrodysplasia punctata, brachytelephalangic, autosomal	X-linked recessive	28
Chondrodysplasia with joint dislocations, gPAPP type	Autosomal recessive	167
Chondrosarcoma	Autosomal recessive	127
Chopra-Amiel-Gordon syndrome	Autosomal dominant	1
Chordoma	Autosomal dominant	27
Chorea	Autosomal recessive	5
Chorea, childhood-onset, with psychomotor retardation	Autosomal recessive	2
Choreoathetosis	Autosomal dominant	2
Chorioretinal lacunae	Autosomal dominant	1
Choroid plexus carcinoma	Somatic mutation	1
Choroid plexus papilloma	Autosomal dominant	203
Choroidal dystrophy, central areolar 2	Autosomal dominant	316
Choroidal dystrophy, central areolar, 1	Autosomal dominant	51
Choroidal neovascularization	Autosomal recessive	3
Choroideremia	X-linked dominant	182
Choroideremia, Salla type	X-linked dominant	1
Christianson syndrome	X-linked dominant	460
Chromophobe renal cell carcinoma	Autosomal dominant	3
Chromosomal instability with tissue-specific radiosensitivity	Autosomal recessive	1
Chromosome 17q11.2 deletion syndrome, 1.4Mb	Autosomal dominant	11
Chromosome 17q23.1-q23.2 deletion syndrome	Autosomal dominant	4
Chromosome 1p36 deletion syndrome	Autosomal recessive	1
Chromosome 1q21.1 deletion syndrome	Autosomal dominant	5
Chromosome 2p16.3 deletion syndrome	Autosomal recessive	40
Chromosome 2q23.1 deletion syndrome	Autosomal dominant	1
Chromosome 2q32-q33 deletion syndrome	Autosomal dominant	724
Chromosome 2q37 deletion syndrome	Autosomal dominant	16
Chronic adenoiditis	Autosomal dominant	2
Chronic and progressive ataxia	Autosomal dominant	4
Chronic atrial and intestinal dysrhythmia	Autosomal recessive	2
Chronic constipation	Autosomal dominant	1
Chronic diarrhea	Autosomal dominant	6
Chronic granulomatous disease	Autosomal recessive	107
Chronic infantile neurological, cutaneous and articular syndrome	Autosomal dominant	498
Chronic intestinal pseudoobstruction	Autosomal dominant	5
Chronic kidney disease	Autosomal dominant	20
Chronic lactic acidosis	Autosomal recessive	1
Chronic lung disease	Autosomal recessive	2
Chronic mucocutaneous candidiasis	Autosomal dominant	2
Chronic myeloid leukemia	Autosomal dominant	1
Chronic obstructive pulmonary disease	Autosomal dominant	11
Chronic osteomyelitis	Autosomal dominant	3
Chronic pancreatitis	Autosomal dominant	6
Chronic sinusitis	Autosomal recessive	4
Chudley-McCullough syndrome	Autosomal recessive	93
Chuvash polycythemia	Autosomal dominant	1623
Chylomicron retention disease	Autosomal recessive	16
Chédiak-Higashi syndrome	Autosomal recessive	3599
Ciliary dyskinesia, primary, 37	Autosomal recessive	3
Ciliary dyskinesia, primary, 38	Autosomal recessive	1
Ciliary dyskinesia, primary, 40	Autosomal recessive	2
Ciliopathy	Autosomal recessive	35
Cirrhosis, familial	Autosomal recessive	3
Citrin deficiency	Autosomal recessive	136
Citrullinemia	Autosomal recessive	278
Citrullinemia type I	Autosomal recessive	371
Citrullinemia type II	Autosomal recessive	59
Citrullinemia, mild	Autosomal recessive	2
Citrullinemia, type II, adult-onset	Autosomal recessive	203
Class III obesity	Autosomal dominant	1
Classic Hodgkin lymphoma	Autosomal recessive	9
Classic dopamine transporter deficiency syndrome	Autosomal recessive	45
Classic homocystinuria	Autosomal recessive	439
Classic lissencephaly	Autosomal recessive	1
Classic or attenuated familial adenomatous polyposis	Autosomal dominant	1946
Classical galactosemia, homozygous Duarte-type	Autosomal recessive	1
Clear cell carcinoma of kidney	Autosomal dominant	6
Cleft lip with or without cleft palate	Autosomal dominant	3
Cleft lip/palate	Autosomal dominant	7
Cleft lip/palate-ectodermal dysplasia syndrome	Autosomal recessive	152
Cleft palate	Autosomal dominant	14
Cleft palate with ankyloglossia	X-linked	1
Cleft palate with or without ankyloglossia, X-linked	X-linked	42
Cleft soft palate	Autosomal recessive	2
Cleidocranial dysostosis	Autosomal dominant	186
Cleidocranial dysplasia 1, forme fruste, dental anomalies only	Autosomal dominant	1
Cleidocranial dysplasia 2	Autosomal dominant	1
Clinodactyly	Autosomal dominant	1
Clinodactyly of the 5th finger	Autosomal dominant	2
Clonal Cytopenia of Undetermined Significance	Autosomal dominant	3
Clonus	Autosomal dominant	3
Clubfoot	Autosomal dominant	47
Coagulation factor deficiency syndrome	Autosomal recessive	2
Coarse facial features	Autosomal dominant	5
Coat hanger sign of ribs	Autosomal recessive	2
Coats disease	Autosomal dominant	3
Coats plus syndrome	Autosomal recessive	4
Cobalamin C disease	Autosomal recessive	598
Cobblestone lissencephaly without muscular or ocular involvement	Autosomal recessive	58
Cockayne spectrum with or without cerebrooculofacioskeletal syndrome	Autosomal recessive	8
Cockayne syndrome	Autosomal recessive	1465
Cockayne syndrome type 1	Autosomal recessive	180
Cockayne syndrome type 2	Autosomal recessive	996
Coenzyme Q10 deficiency	Autosomal recessive	9
Coenzyme Q10 deficiency, primary, 1	Autosomal recessive	131
Coenzyme Q10 deficiency, primary, 3	Autosomal recessive	61
Coffin Siris/Intellectual Disability	Autosomal dominant	1
Coffin-Lowry syndrome	X-linked dominant	555
Coffin-Siris syndrome	Autosomal dominant	163
Coffin-Siris syndrome 1	Autosomal dominant	547
Coffin-Siris syndrome 5	Autosomal dominant	53
Coffin-Siris syndrome 7	Autosomal dominant	1
Cognitive impairment	Autosomal recessive	6
Cognitive impairment - coarse facies - heart defects - obesity - pulmonary involvement - short stature - skeletal dysplasia syndrome	Autosomal dominant	500
Cognitive impairment with or without cerebellar ataxia	Autosomal dominant	230
Cogwheel rigidity	Isolated cases	1
Cohen syndrome	Autosomal recessive	5847
Cold-induced sweating syndrome	Autosomal recessive	1
Cold-induced sweating syndrome 1	Autosomal recessive	35
Cold-induced sweating syndrome 2	Autosomal recessive	5
Cole-Carpenter syndrome 1	Autosomal dominant	14
Cole-Carpenter syndrome 2	Autosomal recessive	46
Colitis	Isolated cases	1
Collagen 6-related myopathy	Autosomal dominant	671
Collagen IV-related nephropathies	Autosomal dominant	1
Coloboma of optic nerve	Autosomal dominant	45
Coloboma, ocular, autosomal dominant	Autosomal dominant	52
Coloboma, ocular, autosomal recessive	Autosomal recessive	4
Coloboma, osteopetrosis, microphthalmia, macrocephaly, albinism, and deafness	Autosomal dominant	70
Colobomatous microphthalmia-rhizomelic dysplasia syndrome	Autosomal dominant	16
Colobomatous optic disc-macular atrophy-chorioretinopathy syndrome	Autosomal recessive	11
Colon adenocarcinoma	Autosomal dominant	5
Colon cancer	Autosomal dominant	20
Colon serrated polyposis	Autosomal dominant	1
Colonic diverticula	Autosomal dominant	6
Colonic neoplasm	Autosomal dominant	6
Color vision defect	Autosomal recessive	2
Colorectal / endometrial cancer	Autosomal dominant	3
Colorectal adenoma	Autosomal dominant	19
Colorectal adenomatous polyposis, autosomal recessive, with pilomatricomas	Somatic mutation	1
Colorectal cancer	Autosomal dominant	3636
Colorectal cancer, early onset	Autosomal dominant	1
Colorectal cancer, hereditary nonpolyposis, type 2	Autosomal dominant	370
Colorectal cancer, hereditary nonpolyposis, type 6	Autosomal dominant	102
Colorectal cancer, hereditary nonpolyposis, type 7	Autosomal dominant	167
Colorectal cancer, non-polyposis	Autosomal dominant	23
Colorectal cancer, protection against	Autosomal recessive	1
Colorectal cancer, susceptibility to	Autosomal dominant	23
Colorectal cancer, susceptibility to, 1	Autosomal dominant	2
Colorectal cancer, susceptibility to, 10	Autosomal dominant	4933
Colorectal cancer, susceptibility to, 12	Autosomal dominant	1071
Colorectal carcinoma	Autosomal dominant	4
Colorectal polyposis	Autosomal dominant	2
Colostrum secretion	Autosomal dominant	1
Colpocephaly	Autosomal dominant	1
Combined PSAP deficiency	Autosomal recessive	326
Combined deficiency of sialidase AND beta galactosidase	Autosomal recessive	523
Combined immunodeficiency	Autosomal recessive	7
Combined immunodeficiency and megaloblastic anemia with or without hyperhomocysteinemia	Autosomal recessive	14
Combined immunodeficiency due to CD3gamma deficiency	Autosomal recessive	162
Combined immunodeficiency due to CTPS1 deficiency	Autosomal recessive	299
Combined immunodeficiency due to DOCK8 deficiency	Autosomal recessive	2264
Combined immunodeficiency due to LRBA deficiency	Autosomal recessive	2110
Combined immunodeficiency due to MALT1 deficiency	Autosomal recessive	438
Combined immunodeficiency due to ORAI1 deficiency	Autosomal recessive	428
Combined immunodeficiency due to OX40 deficiency	Autosomal recessive	347
Combined immunodeficiency due to STIM1 deficiency	Autosomal dominant	793
Combined immunodeficiency due to ZAP70 deficiency	Autosomal recessive	505
Combined immunodeficiency due to partial RAG1 deficiency	Autosomal recessive	280
Combined immunodeficiency with faciooculoskeletal anomalies	Autosomal dominant	15
Combined immunodeficiency with skin granulomas	Autosomal recessive	2665
Combined immunodeficiency, X-linked	X-linked recessive	36
Combined molybdoflavoprotein enzyme deficiency	Autosomal recessive	4
Combined osteogenesis imperfecta and Ehlers-Danlos syndrome 1	Autosomal dominant	386
Combined osteogenesis imperfecta and Ehlers-Danlos syndrome 2	Autosomal dominant	204
Combined oxidative phosphorylation defect type 11	Autosomal recessive	114
Combined oxidative phosphorylation defect type 13	Autosomal recessive	73
Combined oxidative phosphorylation defect type 14	Autosomal recessive	491
Combined oxidative phosphorylation defect type 15	Autosomal recessive	28
Combined oxidative phosphorylation defect type 17	Autosomal recessive	1061
Combined oxidative phosphorylation defect type 2	Autosomal recessive	6
Combined oxidative phosphorylation defect type 20	Autosomal recessive	66
Combined oxidative phosphorylation defect type 21	Autosomal recessive	44
Combined oxidative phosphorylation defect type 23	Autosomal recessive	42
Combined oxidative phosphorylation defect type 24	Autosomal recessive	51
Combined oxidative phosphorylation defect type 25	Autosomal recessive	13
Combined oxidative phosphorylation defect type 26	Autosomal recessive	15
Combined oxidative phosphorylation defect type 27	Autosomal recessive	709
Combined oxidative phosphorylation defect type 30	Autosomal recessive	4
Combined oxidative phosphorylation defect type 7	Autosomal recessive	144
Combined oxidative phosphorylation defect type 8	Autosomal recessive	183
Combined oxidative phosphorylation defect type 9	Autosomal recessive	7
Combined oxidative phosphorylation deficiency	X-linked recessive	60
Combined oxidative phosphorylation deficiency 19	Autosomal recessive	4
Combined oxidative phosphorylation deficiency 22	Autosomal recessive	7
Combined oxidative phosphorylation deficiency 28	Autosomal recessive	16
Combined oxidative phosphorylation deficiency 29	Autosomal recessive	4
Combined oxidative phosphorylation deficiency 32	Mitochondrial	1
Combined oxidative phosphorylation deficiency 39	Autosomal recessive	3
Combined oxidative phosphorylation deficiency 44	Mitochondrial	22
Combined oxidative phosphorylation deficiency 54	Autosomal recessive	2
Combined oxidative phosphorylation deficiency 59	Mitochondrial	3
Combined oxidative phosphorylation deficiency 60	Autosomal recessive	3
Combined pituitary hormone deficiencies, genetic form	Autosomal recessive	19
Combined pulmonary fibrosis-emphysema syndrome	Autosomal dominant	5
Common craniosynostosis syndromes	Autosomal dominant	35
Common variable immunodeficiency	Autosomal dominant	10
Complement 3 glomerulopathy	Autosomal dominant	3
Complement component 2 deficiency	Autosomal recessive	63
Complement component 3 deficiency	Autosomal dominant	511
Complement component 4a deficiency	Autosomal recessive	4
Complement component 5 deficiency	Autosomal dominant	99
Complement component 6 deficiency	Autosomal recessive	2
Complement factor b deficiency	Autosomal dominant	13
Complement-mediated glomerular disease	Autosomal dominant	2
Complete achromatopsia	Autosomal recessive	2
Complete right bundle branch block	Autosomal dominant	1
Complex cortical dysplasia with other brain malformations 1	Autosomal dominant	76
Complex cortical dysplasia with other brain malformations 2	Autosomal dominant	40
Complex cortical dysplasia with other brain malformations 3	Autosomal dominant	28
Complex cortical dysplasia with other brain malformations 4	Autosomal dominant	24
Complex cortical dysplasia with other brain malformations 5	Autosomal dominant	38
Complex cortical dysplasia with other brain malformations 6	Autosomal dominant	43
Complex cortical dysplasia with other brain malformations 7	Autosomal dominant	76
Complex hereditary spastic paraplegia	Autosomal recessive	1
Complex lethal osteochondrodysplasia	Autosomal recessive	10
Complex neurodevelopmental disorder	Autosomal dominant	172
Compton-North congenital myopathy	Autosomal recessive	553
Concentric hypertrophic cardiomyopathy	Autosomal dominant	2
Conduction disorder of the heart	Autosomal dominant	50
Conduction system disorder	Autosomal dominant	17
Conductive hearing impairment	X-linked dominant	4
Cone dystrophy	Autosomal recessive	31
Cone dystrophy 1, X-linked	X-linked	1
Cone dystrophy 3	Autosomal dominant	75
Cone dystrophy 4	Autosomal recessive	114
Cone dystrophy and rod monochromatism	Autosomal recessive	2
Cone dystrophy with supernormal rod response	Autosomal recessive	129
Cone monochromatism	X-linked recessive	8
Cone-rod dystrophy	Autosomal dominant	299
Cone-rod dystrophy 10	Autosomal recessive	88
Cone-rod dystrophy 11	Autosomal dominant	74
Cone-rod dystrophy 12	Autosomal dominant	124
Cone-rod dystrophy 13	Autosomal recessive	9
Cone-rod dystrophy 14	Autosomal dominant	2
Cone-rod dystrophy 15	Autosomal recessive	184
Cone-rod dystrophy 16	Autosomal recessive	89
Cone-rod dystrophy 18	Autosomal recessive	11
Cone-rod dystrophy 19	Autosomal recessive	22
Cone-rod dystrophy 2	Autosomal dominant	459
Cone-rod dystrophy 20	Autosomal recessive	85
Cone-rod dystrophy 21	Autosomal recessive	15
Cone-rod dystrophy 3	Autosomal recessive	260
Cone-rod dystrophy 5	Autosomal dominant	162
Cone-rod dystrophy 6	Autosomal dominant	1380
Cone-rod synaptic disorder, congenital nonprogressive	Autosomal recessive	117
Confusion	Autosomal dominant	3
Congenital Erythrocytosis	Autosomal dominant	1
Congenital Fibrosis of the Extraocular Muscles 1B	Autosomal dominant	3
Congenital Muscular Dystrophy, LAMA2-related	Autosomal recessive	4
Congenital Muscular Dystrophy, alpha-dystroglycan related	Autosomal recessive	130
Congenital NAD deficiency disorder	Autosomal recessive	1
Congenital Pulmonary Airway Malformations	Autosomal dominant	5
Congenital Stationary Night Blindness, Dominant	Autosomal recessive	1
Congenital absence of salivary gland	Autosomal dominant	27
Congenital adrenal hyperplasia	Autosomal recessive	83
Congenital adrenal hyperplasia due to cytochrome P450 oxidoreductase deficiency	Autosomal recessive	71
Congenital adrenal hypoplasia, X-linked	X-linked recessive	360
Congenital adrenal insufficiency with 46, XY sex reversal OR 46,XY disorder of sex development-adrenal insufficiency due to CYP11A1 deficiency	Autosomal recessive	3
Congenital afibrinogenemia	Autosomal recessive	269
Congenital alveolar dysplasia due to TBX4	Autosomal recessive	2
Congenital amegakaryocytic thrombocytopenia	Autosomal recessive	48
Congenital amegakaryocytic thrombocytopenia 1	Autosomal recessive	71
Congenital anemia	Autosomal recessive	2
Congenital aneurysm of ascending aorta	Autosomal dominant	42
Congenital aniridia	Autosomal recessive	1
Congenital anomalies of kidney and urinary tract 1	Autosomal dominant	37
Congenital anomalies of kidney and urinary tract 2	Autosomal dominant	22
Congenital anomaly of face	Autosomal recessive	2
Congenital anomaly of kidney and urinary tract	Autosomal dominant	60
Congenital bilateral absence of vas deferens	Autosomal recessive	4
Congenital bilateral aplasia of vas deferens from CFTR mutation	Autosomal recessive	987
Congenital bilateral perisylvian syndrome	Autosomal dominant	1
Congenital bile acid synthesis defect	Autosomal recessive	2
Congenital bile acid synthesis defect 1	Autosomal recessive	25
Congenital bile acid synthesis defect 2	Autosomal recessive	119
Congenital bile acid synthesis defect 3	Autosomal recessive	54
Congenital bile acid synthesis defect 4	Autosomal recessive	31
Congenital bile acid synthesis defect 5	Autosomal recessive	5
Congenital blindness	Autosomal recessive	2
Congenital brain dysgenesis due to glutamine synthetase deficiency	Autosomal recessive	213
Congenital cardiomyopathy	Mitochondrial	2
Congenital cataract-microcephaly-nevus flammeus simplex-severe intellectual disability syndrome	Autosomal recessive	62
Congenital cataracts-facial dysmorphism-neuropathy syndrome	Autosomal recessive	23
Congenital central hypoventilation	Autosomal dominant	71
Congenital cerebellar hypoplasia	Autosomal recessive	22
Congenital chromosomal disease	Autosomal recessive	4
Congenital contractural arachnodactyly	Autosomal dominant	3112
Congenital contracture	Autosomal dominant	3
Congenital contractures of the limbs and face, hypotonia, and developmental delay	Autosomal dominant	139
Congenital defect of folate absorption	Autosomal recessive	150
Congenital diaphragmatic hernia	Autosomal dominant	12
Congenital diarrhea 5 with tufting enteropathy	Autosomal recessive	50
Congenital diarrhea 6	Autosomal dominant	27
Congenital diarrhea 7 with exudative enteropathy	Autosomal recessive	44
Congenital disorder of deglycosylation	Autosomal recessive	32
Congenital disorder of deglycosylation 1	Autosomal recessive	56
Congenital disorder of glycosylation	Autosomal recessive	56
Congenital disorder of glycosylation type 1E	Autosomal recessive	241
Congenital disorder of glycosylation type I	Autosomal recessive	2
Congenital disorder of glycosylation type Ir	Autosomal recessive	206
Congenital disorder of glycosylation, type IAA	Autosomal recessive	383
Congenital disorder of glycosylation, type ICC	X-linked dominant	1
Congenital disorder of glycosylation, type IIr	X-linked recessive	6
Congenital disorder of glycosylation, type IIw	Autosomal recessive	145
Congenital disorder of glycosylation, type Ibb	Autosomal recessive	1
Congenital disorder of glycosylation, type Iw, autosomal dominant	Autosomal recessive	2
Congenital disorders of glycosylation type II	Autosomal recessive	4
Congenital dyserythropoietic anemia	Autosomal dominant	1
Congenital dyserythropoietic anemia type 4	Autosomal dominant	43
Congenital dyserythropoietic anemia type type 1B	Autosomal recessive	23
Congenital dyserythropoietic anemia, type I	Autosomal recessive	74
Congenital dyserythropoietic anemia, type II	Autosomal recessive	596
Congenital dyserythropoietic anemia, type III	Autosomal dominant	8
Congenital factor V deficiency	Autosomal recessive	1004
Congenital factor VII deficiency	Autosomal recessive	103
Congenital fibrosarcoma	Autosomal dominant	2
Congenital fibrosis of extraocular muscles	Autosomal dominant	4
Congenital fibrosis of extraocular muscles type 1	Autosomal dominant	129
Congenital finger flexion contractures	Autosomal dominant	1
Congenital generalized lipodystrophy	Autosomal recessive	1
Congenital generalized lipodystrophy type 1	Autosomal recessive	180
Congenital generalized lipodystrophy type 2	Autosomal recessive	269
Congenital generalized lipodystrophy type 3	Autosomal dominant	67
Congenital generalized lipodystrophy type 4	Autosomal recessive	84
Congenital glaucoma	Autosomal recessive	72
Congenital glucose-galactose malabsorption	Autosomal recessive	487
Congenital heart anomalies	Autosomal dominant	2
Congenital heart defects, multiple types	Autosomal recessive	1
Congenital heart defects, multiple types, 1, X-linked	X-linked recessive	2
Congenital heart defects, multiple types, 2	Autosomal dominant	59
Congenital heart defects, multiple types, 3	Autosomal recessive	1
Congenital heart defects, multiple types, 4	Autosomal dominant	90
Congenital heart defects, multiple types, 6	Autosomal dominant	15
Congenital heart defects, multiple types, 7	Autosomal dominant	21
Congenital heart disease	Autosomal dominant	41
Congenital hereditary endothelial dystrophy of cornea	Autosomal recessive	174
Congenital hip dislocation	Autosomal dominant	4
Congenital hydrocephalus	Autosomal recessive	2
Congenital hyperammonemia, type I	Autosomal recessive	1937
Congenital hypomyelinating neuropathy	Autosomal dominant	4
Congenital hypothalamic hamartoma syndrome	Autosomal dominant	12
Congenital hypothyroidism	Autosomal recessive	39
Congenital hypotonia, epilepsy, developmental delay, and digital anomalies	Autosomal dominant	8
Congenital hypotrichosis with juvenile macular dystrophy	Autosomal recessive	41
Congenital ichthyosiform erythroderma	Autosomal recessive	10
Congenital ichthyosis of skin	Autosomal recessive	25
Congenital ichthyosis-intellectual disability-spastic quadriplegia syndrome	Autosomal dominant	15
Congenital insensitivity to pain-hypohidrosis syndrome	Autosomal recessive	258
Congenital isolated adrenocorticotropic hormone deficiency	Autosomal recessive	91
Congenital lactase deficiency	Autosomal recessive	99
Congenital lactic acidosis	Autosomal recessive	1
Congenital lactic acidosis, Saguenay-Lac-Saint-Jean type	Autosomal recessive	649
Congenital laryngomalacia	Isolated cases	1
Congenital lipoid adrenal hyperplasia due to STAR deficency	Autosomal recessive	214
Congenital long QT syndrome	Autosomal dominant	636
Congenital macrodactylia	Autosomal dominant	35
Congenital malabsorptive diarrhea 4	Autosomal recessive	17
Congenital membranous nephropathy due to maternal anti-neutral endopeptidase alloimmunization	Autosomal dominant	1
Congenital microcephaly - severe encephalopathy - progressive cerebral atrophy syndrome	Autosomal recessive	179
Congenital microvillous atrophy	Autosomal recessive	387
Congenital multicore myopathy with external ophthalmoplegia	Autosomal dominant	1761
Congenital muscular alpha-dystroglycanopathy with brain and eye anomalies	Autosomal recessive	4
Congenital muscular dystrophy	Autosomal dominant	20
Congenital muscular dystrophy due to LMNA mutation	Autosomal dominant	1580
Congenital muscular dystrophy due to integrin alpha-7 deficiency	Autosomal recessive	951
Congenital muscular dystrophy due to partial LAMA2 deficiency	Autosomal recessive	70
Congenital muscular dystrophy with cataracts and intellectual disability	Autosomal recessive	1
Congenital muscular dystrophy with intellectual disability and severe epilepsy	Autosomal recessive	115
Congenital muscular dystrophy-respiratory failure-skin abnormalities-joint hyperlaxity syndrome	Autosomal recessive	12
Congenital muscular hypertrophy-cerebral syndrome	X-linked dominant	851
Congenital myasthenic syndrome	Autosomal recessive	588
Congenital myasthenic syndrome 10	Autosomal recessive	2090
Congenital myasthenic syndrome 11	Autosomal recessive	1226
Congenital myasthenic syndrome 12	Autosomal recessive	537
Congenital myasthenic syndrome 13	Autosomal recessive	537
Congenital myasthenic syndrome 14	Autosomal recessive	593
Congenital myasthenic syndrome 16	Autosomal dominant	2562
Congenital myasthenic syndrome 17	Autosomal recessive	2429
Congenital myasthenic syndrome 18	Autosomal dominant	180
Congenital myasthenic syndrome 19	Autosomal recessive	67
Congenital myasthenic syndrome 1A	Autosomal dominant	39
Congenital myasthenic syndrome 20	Autosomal dominant	483
Congenital myasthenic syndrome 21	Autosomal recessive	1
Congenital myasthenic syndrome 2A	Autosomal dominant	430
Congenital myasthenic syndrome 2C	Autosomal recessive	14
Congenital myasthenic syndrome 3A	Autosomal recessive	33
Congenital myasthenic syndrome 3B	Autosomal recessive	53
Congenital myasthenic syndrome 3C	Autosomal recessive	42
Congenital myasthenic syndrome 4	Autosomal recessive	2
Congenital myasthenic syndrome 4A	Autosomal dominant	1238
Congenital myasthenic syndrome 4B	Autosomal recessive	189
Congenital myasthenic syndrome 4C	Autosomal recessive	274
Congenital myasthenic syndrome 5	Autosomal recessive	518
Congenital myasthenic syndrome 7	Autosomal dominant	18
Congenital myasthenic syndrome 8	Autosomal recessive	2218
Congenital myasthenic syndrome 9	Autosomal recessive	1422
Congenital myopathy	Autosomal dominant	35
Congenital myopathy 10b, mild variant	Autosomal recessive	8
Congenital myopathy 18	Autosomal dominant	591
Congenital myopathy 22A, classic	Autosomal dominant	1051
Congenital myopathy 22B, severe fetal	Autosomal dominant	1049
Congenital myopathy 23	Autosomal dominant	82
Congenital myopathy 2b, severe infantile, autosomal recessive	Autosomal dominant	9
Congenital myopathy 2c, severe infantile, autosomal dominant	Autosomal dominant	18
Congenital myopathy 4A, autosomal dominant	Autosomal dominant	42
Congenital myopathy 4B, autosomal recessive	Autosomal dominant	340
Congenital myopathy with cores	Autosomal dominant	2
Congenital myopathy with fiber type disproportion	Autosomal dominant	2243
Congenital myopathy with internal nuclei and atypical cores	Autosomal dominant	608
Congenital myotonia, autosomal dominant form	Autosomal dominant	1432
Congenital myotonia, autosomal recessive form	Autosomal recessive	1455
Congenital nephrotic syndrome	Autosomal recessive	75
Congenital neutropenia	Autosomal dominant	1
Congenital neutropenia-myelofibrosis-nephromegaly syndrome	Autosomal recessive	608
Congenital nonbullous ichthyosiform erythroderma	Autosomal recessive	1
Congenital nongoitrous hypothyroidism 6	Autosomal dominant	19
Congenital nystagmus	Autosomal recessive	2
Congenital ocular coloboma	Autosomal recessive	17
Congenital plasminogen activator inhibitor type 1 deficiency	Autosomal dominant	78
Congenital pontocerebellar hypoplasia type 1	Autosomal recessive	21
Congenital portosystemic shunt	Autosomal recessive	16
Congenital primary aphakia	Autosomal recessive	414
Congenital prothrombin deficiency	Autosomal recessive	365
Congenital ptosis	Autosomal dominant	2
Congenital reticular ichthyosiform erythroderma	Autosomal dominant	27
Congenital scoliosis	Autosomal dominant	2
Congenital secretory diarrhea, chloride type	Autosomal recessive	160
Congenital secretory sodium diarrhea 3	Autosomal recessive	15
Congenital secretory sodium diarrhea 8	Autosomal recessive	34
Congenital sensorineural hearing impairment	Autosomal recessive	10
Congenital sensory neuropathy with selective loss of small myelinated fibers	Autosomal recessive	157
Congenital short bowel syndrome	Autosomal recessive	1
Congenital short bowel syndrome, autosomal recessive	Autosomal recessive	9
Congenital sideroblastic anemia-B-cell immunodeficiency-periodic fever-developmental delay syndrome	Autosomal recessive	549
Congenital smooth muscle hamartoma, with or without hemihypertrophy	Autosomal dominant	2
Congenital sodium diarrhea	Autosomal recessive	1
Congenital stationary night blindness	Autosomal recessive	6
Congenital stationary night blindness 1A	X-linked recessive	53
Congenital stationary night blindness 1B	Autosomal recessive	43
Congenital stationary night blindness 1D	Autosomal recessive	117
Congenital stationary night blindness 1E	Autosomal recessive	210
Congenital stationary night blindness 1F	Autosomal recessive	64
Congenital stationary night blindness 1G	Autosomal recessive	10
Congenital stationary night blindness 1H	Autosomal recessive	5
Congenital stationary night blindness 2A	X-linked	69
Congenital stationary night blindness autosomal dominant 1	Autosomal dominant	22
Congenital stationary night blindness autosomal dominant 2	Autosomal dominant	139
Congenital stationary night blindness autosomal dominant 3	Autosomal dominant	57
Congenital stromal corneal dystrophy	Autosomal dominant	42
Congenital structural myopathy	Autosomal recessive	4
Congenital sucrose-isomaltase deficiency	Autosomal recessive	1
Congenital thrombocytopenia	Autosomal recessive	1
Congenital titinopathy	Autosomal recessive	3
Congenital total pulmonary venous return anomaly	Autosomal dominant	17
Congenital vertical talus	Autosomal dominant	36
Congenitally corrected transposition of the great arteries	Autosomal dominant	1
Congestive heart failure	Autosomal dominant	16
Conjugate gaze palsy	Autosomal recessive	1
Conjunctival telangiectasia	Autosomal dominant	1
Connective and Soft Tissue Disorder	Autosomal dominant	1
Connective tissue disorder	Autosomal dominant	1117
Connective tissue dysplasia	Autosomal dominant	8
Connective tissue nevi	Autosomal dominant	1
Conotruncal heart malformations	Autosomal dominant	324
Constipation	Autosomal dominant	9
Constitutional megaloblastic anemia with severe neurologic disease	Autosomal recessive	9
Constitutional mismatch repair deficiency syndrome	Autosomal recessive	1
Continuous spike and waves during slow sleep	Autosomal dominant	2
Contractures, pterygia, and spondylocarpotarsal fusion syndrome 1A	Autosomal dominant	116
Contractures, pterygia, and variable skeletal fusions syndrome 1B	Autosomal dominant	89
Convex nasal ridge	Autosomal dominant	1
Convulsions	Autosomal dominant	6
Coproporphyria	Autosomal dominant	2
Cornea plana 2	Autosomal recessive	16
Corneal dystrophy	Autosomal recessive	192
Corneal dystrophy, Fuchs endothelial, 1	Autosomal dominant	6
Corneal dystrophy, Fuchs endothelial, 3	Autosomal dominant	47
Corneal dystrophy, Fuchs endothelial, 4	Autosomal recessive	98
Corneal dystrophy, Fuchs endothelial, 8	Autosomal dominant	9
Corneal dystrophy, Meesmann, 1	Autosomal dominant	15
Corneal dystrophy, lattice type 3A	Autosomal dominant	39
Corneal dystrophy, posterior polymorphous, 4	Autosomal dominant	6
Corneal dystrophy-perceptive deafness syndrome	Autosomal recessive	368
Corneal intraepithelial dyskeratosis-palmoplantar hyperkeratosis-laryngeal dyskeratosis syndrome	Autosomal dominant	24
Corneal opacity	Autosomal recessive	1
Cornelia de Lange syndrome 1	Autosomal dominant	1688
Cornelia de Lange syndrome 3	Autosomal dominant	465
Cornelia de Lange syndrome 4	Autosomal dominant	292
Cornelia de Lange syndrome 5	X-linked dominant	292
Cornelia de Lange-like syndrome	Autosomal dominant	1
Coronal craniosynostosis	Autosomal dominant	13
Coronary artery disease, autosomal dominant 2	Autosomal dominant	33
Coronary artery disease, autosomal dominant, 1	Autosomal dominant	6
Coronary artery disease/myocardial infarction	Autosomal dominant	1
Coronary artery disorder	Autosomal dominant	2
Coronary artery dissection	Autosomal dominant	7
Coronary heart disease	Autosomal recessive	1
Coronary heart disease, susceptibility to, 7	Autosomal recessive	9
Coronary sclerosis, medial, of infancy	Autosomal recessive	1
Corpus callosum agenesis-abnormal genitalia syndrome	X-linked recessive	44
Corpus callosum agenesis-intellectual disability-coloboma-micrognathia syndrome	X-linked recessive	5
Corpus callosum, agenesis of	Autosomal dominant	16
Cortical dysplasia	Autosomal dominant	2
Cortical thickening of humeral diaphysis	Autosomal dominant	1
Cortical tubers	Autosomal dominant	4
Corticosteroid-binding globulin deficiency	Autosomal dominant	8
Corticosteroids response	Autosomal recessive	2
Corticosterone 18-monooxygenase deficiency	Autosomal recessive	489
Corticosterone methyl oxidase type II deficiency	Autosomal recessive	111
Corticosterone methyloxidase type 2 deficiency	Autosomal recessive	483
Cortisone reductase deficiency 1	Autosomal recessive	22
Cortisone reductase deficiency 2	Autosomal dominant	5
Costello syndrome	Autosomal dominant	616
Cowden syndrome	Autosomal dominant	111
Cowden syndrome 1	Autosomal dominant	1350
Cowden syndrome 3	Autosomal dominant	807
Cowden syndrome 4	Autosomal dominant	5
Cowden syndrome 5	Autosomal dominant	35
Cowden syndrome 6	Autosomal dominant	29
Cowden syndrome 7	Autosomal dominant	563
Coxopodopatellar syndrome	Autosomal dominant	109
Cranial asymmetry	Autosomal dominant	3
Craniodiaphyseal dysplasia, autosomal dominant	Autosomal dominant	3
Cranioectodermal dysplasia	Autosomal recessive	15
Cranioectodermal dysplasia 1	Autosomal recessive	818
Cranioectodermal dysplasia 2	Autosomal recessive	1320
Cranioectodermal dysplasia 3	Autosomal recessive	76
Cranioectodermal dysplasia 4	Autosomal recessive	1245
Cranioectodermal dysplasia 5	Autosomal recessive	4
Craniofacial anomalies and anterior segment dysgenesis syndrome	Autosomal dominant	5
Craniofacial disproportion	Autosomal dominant	1
Craniofacial dysmorphism, skeletal anomalies, and impaired intellectual development 1	Autosomal recessive	16
Craniofacial dysmorphism, skeletal anomalies, and impaired intellectual development syndrome 2	Autosomal recessive	1
Craniofacial dysplasia - osteopenia syndrome	Autosomal recessive	12
Craniofacial-deafness-hand syndrome	Autosomal dominant	77
Craniofrontonasal syndrome	X-linked dominant	52
Craniolenticulosutural dysplasia	Autosomal recessive	126
Craniometadiaphyseal osteosclerosis with hip dysplasia	Somatic mutation	1
Craniometaphyseal dysplasia, autosomal dominant	Autosomal dominant	407
Craniometaphyseal dysplasia, autosomal recessive	Autosomal dominant	24
Cranioosteoarthropathy	Autosomal recessive	1
Craniopharyngioma	Autosomal dominant	7
Craniosynostosis 2	Autosomal dominant	127
Craniosynostosis 4	Autosomal dominant	5
Craniosynostosis 5, susceptibility to	Autosomal dominant	7
Craniosynostosis 6	Autosomal dominant	3
Craniosynostosis 7	Autosomal dominant	21
Craniosynostosis and dental anomalies	Autosomal recessive	13
Craniosynostosis syndrome	Autosomal dominant	837
Craniosynostosis with ectopia lentis	Autosomal recessive	4
Craniosynostosis, nonspecific	Autosomal dominant	14
Creatine deficiency syndrome 1	X-linked recessive	60
Creatine transporter deficiency	X-linked recessive	1057
Crigler-Najjar syndrome	Autosomal recessive	100
Crigler-Najjar syndrome type 1	Autosomal recessive	220
Crigler-Najjar syndrome, type II	Autosomal recessive	212
Crohn disease	Autosomal dominant	2
Crohn’s Disease	Multifactorial	1
Crouzon syndrome	Autosomal dominant	1187
Crouzon syndrome-acanthosis nigricans syndrome	Autosomal dominant	308
Crumpled long bones	Autosomal dominant	1
Cryohydrocytosis	Autosomal dominant	635
Cryopyrin associated periodic syndrome	Autosomal dominant	365
Cryptophthalmia	Autosomal recessive	1
Cryptophthalmos syndrome	Autosomal recessive	4
Cryptorchidism	Autosomal dominant	22
Cryptosporidiosis-chronic cholangitis-liver disease syndrome	Autosomal recessive	368
Cryptotia	Autosomal recessive	1
Curly hair, ankyloblepharon, nail dysplasia syndrome	Autosomal recessive	2
Currarino triad	Autosomal dominant	104
Curry-Hall syndrome	Autosomal dominant	3238
Cushing syndrome	Autosomal dominant	17
Cutaneous leiomyoma	Autosomal recessive	1
Cutaneous mastocytosis	Autosomal dominant	157
Cutaneous photosensitivity	Autosomal dominant	3
Cutaneous porphyria	Autosomal recessive	61
Cutis laxa	Autosomal dominant	56
Cutis laxa with osteodystrophy	Autosomal recessive	248
Cutis laxa with severe pulmonary, gastrointestinal and urinary anomalies	Autosomal recessive	128
Cutis laxa, X-linked	X-linked recessive	4899
Cutis laxa, autosomal dominant	Autosomal recessive	5
Cutis laxa, autosomal dominant 1	Autosomal dominant	263
Cutis laxa, autosomal dominant 2	Autosomal dominant	10
Cutis laxa, autosomal dominant 3	Autosomal dominant	672
Cutis laxa, autosomal recessive, type 1A	Autosomal recessive	41
Cutis laxa, autosomal recessive, type 1B	Autosomal recessive	439
Cutis laxa, autosomal recessive, type 1d	Autosomal dominant	1
Cyanosis	Autosomal recessive	2
Cyanosis, transient neonatal	Autosomal dominant	7
Cyclical neutropenia	Autosomal dominant	1015
Cyclical vomiting syndrome	Autosomal dominant	2
Cystathioninuria	Autosomal recessive	53
Cystic epithelial invagination containing papillae lined by columnar epithelium	Somatic mutation	1
Cystic fibrosis	Autosomal recessive	5771
Cystic fibrosis diagnostic test	Autosomal recessive	58
Cystic fibrosis-gastritis-megaloblastic anemia syndrome	Autosomal recessive	1
Cystic hygroma	Autosomal dominant	3
Cystic leukoencephalopathy without megalencephaly	Autosomal recessive	58
Cystic renal disease	Autosomal dominant	24
Cystic renal dysplasia	Autosomal recessive	4
Cystine urolithiasis	Autosomal dominant	9
Cystinosis	Autosomal recessive	267
Cystinosis, atypical nephropathic	Autosomal recessive	6
Cystinuria	Autosomal dominant	711
Cystoid macular edema	Autosomal dominant	1
Cytochrome C oxidase-negative muscle fibers	Autosomal recessive	1
Cytochrome c oxidase I deficiency	Mitochondrial	1
D,L-2-hydroxyglutaric aciduria	Autosomal recessive	6
D-2-hydroxyglutaric aciduria 1	Autosomal recessive	346
D-Glyceric aciduria	Autosomal recessive	20
D2HGDH-related disorder	Autosomal recessive	25
DAG1-related disorder	Autosomal recessive	44
DARS1-related disorder	Autosomal recessive	1
DARS2-related disorder	Autosomal recessive	6
DBH-related disorder	Autosomal recessive	21
DBT-related disorder	Autosomal recessive	4
DCAF17-related disorder	Autosomal recessive	15
DCAF8-related disorder	Autosomal dominant	1
DCC-related disorder	Autosomal dominant	8
DCDC2-related disorder	Autosomal recessive	41
DCHS1-related disorder	Autosomal recessive	3
DCLRE1C-related disorder	Autosomal recessive	18
DCN-related disorder	Autosomal dominant	2
DCPS-related disorder	Autosomal recessive	1
DCTN1-related disorder	Autosomal dominant	349
DCX-related disorder	X-linked	1
DDB2-related disorder	Autosomal recessive	1
DDC-related disorder	Autosomal recessive	16
DDHD1-related disorder	Autosomal recessive	5
DDHD2-related disorder	Autosomal recessive	5
DDOST-related disorder	Autosomal recessive	9
DDR2-related disorder	Autosomal recessive	1
DDX11-related condition	Autosomal recessive	1
DDX3X-related disorder	X-linked recessive	5
DDX41-related disorder	Autosomal dominant	26
DDX41-related hematologic malignancy predisposition syndrome	Autosomal dominant	220
DE SANCTIS-CACCHIONE SYNDROME	Autosomal recessive	628
DEAF1-related disorder	Autosomal dominant	4
DECR1-related disorder	Autosomal recessive	1
DEJERINE-SOTTAS SYNDROME, AUTOSOMAL DOMINANT	Autosomal dominant	12
DEPDC5-related disorder	Autosomal dominant	18
DES-related desminopathy	Autosomal dominant	1
DES-related disorder	Autosomal dominant	27
DGAT1-related disorder	Autosomal recessive	4
DGKE-related disorder	Autosomal recessive	3
DGUOK-related disorder	Autosomal recessive	24
DHCR24-related disorder	Autosomal recessive	3
DHCR7-related disorder	Autosomal recessive	77
DHDDS-related disorder	Autosomal recessive	8
DHH-related disorder	Autosomal recessive	2
DHODH-related disorder	Autosomal recessive	5
DHTKD1-related disorder	Autosomal recessive	23
DIAPH1-related disorder	Autosomal dominant	38
DIAPH1-related sensorineural hearing loss-thrombocytopenia syndrome	Autosomal dominant	1
DIAPH3-related disorder	Autosomal dominant	3
DIASTROPHIC DYSPLASIA, BROAD BONE-PLATYSPONDYLIC VARIANT	Autosomal recessive	2
DICER1-related disorder	Autosomal dominant	28
DICER1-related tumor predisposition	Autosomal dominant	251
DIEGO BLOOD GROUP ANTIGEN	Autosomal dominant	2
DIP2B-related disorder	Autosomal dominant	1
DIS3L2-related disorder	Autosomal recessive	65
DK1-congenital disorder of glycosylation	Autosomal recessive	425
DKC1-related disorder	X-linked recessive	4
DLAT-related disorder	Autosomal recessive	7
DLC1-related disorder	Autosomal dominant	13
DLD-related disorder	Autosomal recessive	9
DLL3-related disorder	Autosomal recessive	7
DLL4-related disorder	Autosomal dominant	2
DLX3-related disorder	Autosomal dominant	5
DMD-related disorder	X-linked recessive	182
DMD-related muscular dystrophy	X-linked recessive	1
DMP1-related disorder	Autosomal recessive	2
DMXL2-related disorder	Autosomal recessive	5
DNA ligase IV deficiency	Autosomal recessive	78
DNA2-related disorder	Autosomal dominant	2
DNAAF1-related disorder	Autosomal recessive	12
DNAAF11-related disorder	Autosomal recessive	10
DNAAF3-related disorder	Autosomal recessive	6
DNAAF4-related disorder	Autosomal recessive	1
DNAAF5-related disorder	Autosomal recessive	6
DNAH11-related disorder	Autosomal recessive	28
DNAI1-related disorder	Autosomal recessive	11
DNAJB13-related disorder	Autosomal recessive	2
DNAJB2-related disorder	Autosomal recessive	6
DNAJB6-related disorder	Autosomal dominant	6
DNAJC19-related disorder	Autosomal recessive	1
DNAJC21-related disorder	Autosomal recessive	8
DNAJC5-related disorder	Autosomal dominant	1
DNAJC6-related disorder	Autosomal recessive	11
DNAL1-related disorder	Autosomal recessive	2
DNASE1L3-related disorder	Autosomal recessive	1
DNM1-related disorder	Autosomal dominant	20
DNM1L-related disorder	Autosomal dominant	2
DNM2-related disorder	Autosomal dominant	35
DNM2-related disorders	Autosomal dominant	2
DNMT1-related disorder	Autosomal dominant	33
DNMT3A-related disorder	Autosomal dominant	128
DNMT3B-related disorder	Autosomal recessive	11
DOCK2 deficiency	Autosomal recessive	1134
DOCK2-related disorder	Autosomal recessive	22
DOCK6-related disorder	Autosomal recessive	14
DOCK7-related disorder	Autosomal recessive	19
DOCK8-related disorder	Autosomal recessive	58
DOK7-related disorder	Autosomal recessive	60
DOLK-related disorder	Autosomal recessive	12
DOORS syndrome	Autosomal recessive	136
DPAGT1-congenital disorder of glycosylation	Autosomal recessive	554
DPAGT1-related disorder	Autosomal recessive	12
DPH1-related disorder	Autosomal recessive	2
DPM1-related disorder	Autosomal recessive	6
DPM2-related disorder	Autosomal recessive	2
DPP6-related disorder	Autosomal dominant	1
DPYD-related disorder	Autosomal recessive	19
DPYS-related disorder	Autosomal recessive	4
DRC1-related disorder	Autosomal recessive	3
DRD3-related disorder	Autosomal dominant	3
DRD4-related disorder	Autosomal dominant	2
DSC2-related disorder	Autosomal dominant	30
DSCAM-related disorder	Isolated cases	1
DSD incomplete virilization	Autosomal recessive	3
DSE-related disorder	Autosomal recessive	13
DSG2-related disorder	Autosomal dominant	35
DSG4-related disorder	Autosomal recessive	14
DSP-related arrhythmogenic cardiomyopathy	Autosomal recessive	1
DSP-related cardiomyopathy	Autosomal recessive	1
DSP-related disorder	Autosomal recessive	116
DSPP-related disorder	Autosomal dominant	5
DST-related disorder	Autosomal recessive	175
DSTYK-related disorder	Autosomal dominant	3
DTNA-related disorder	Autosomal dominant	25
DTNBP1-related disorder	Autosomal recessive	2
DUOX2-related disorder	Autosomal recessive	22
DUOXA2-related disorder	Autosomal recessive	1
DVL1-related disorder	Autosomal dominant	5
DYM-related disorder	Autosomal recessive	6
DYNC1H1-Related Neuromuscular Disorder (DYNC1H1-NMD)	Autosomal dominant	2
DYNC1H1-related disorder	Autosomal dominant	192
DYNC1H1-related neurodevelopmental disorders	Autosomal dominant	6
DYNC1H1-related neurological disorders	Autosomal dominant	1
DYNC1H1-related neuronopathy	Autosomal dominant	3
DYNC2H1-related disorder	Digenic recessive	51
DYNC2I1-related disorder	Autosomal recessive	21
DYNC2I2-related disorder	Autosomal recessive	16
DYNC2LI1-related disorder	Autosomal recessive	1
DYRK1A-related disorder	Autosomal dominant	19
DYRK1A-related intellectual disability syndrome	Autosomal dominant	868
DYRK1B-related disorder	Autosomal dominant	8
DYSF-related disorder	Autosomal recessive	122
Dalmatian hypouricemia	Autosomal recessive	161
Dandy-Walker syndrome	Autosomal recessive	23
Danon disease	X-linked dominant	635
Darier disease, acral hemorrhagic type	Autosomal dominant	1
De Lange syndrome	Autosomal dominant	3
DeSanto-Shinawi syndrome	Autosomal dominant	2
DeSanto-Shinawi syndrome due to WAC point mutation	Autosomal dominant	95
Deafness	Autosomal recessive	31
Deafness dystonia syndrome	X-linked recessive	23
Deafness with anatomical inner ear anomalies	Autosomal dominant	3
Deafness with labyrinthine aplasia, microtia, and microdontia	Autosomal recessive	33
Deafness, X-linked 5	X-linked recessive	57
Deafness, autosomal dominant 39, with dentinogenesis imperfecta 1	Autosomal dominant	29
Deafness, autosomal dominant nonsyndromic sensorineural 39, with dentinogenesis imperfecta 1	Autosomal dominant	2
Deafness, autosomal recessive 12, modifier of	Autosomal recessive	1
Deafness, congenital heart defects, and posterior embryotoxon	Autosomal dominant	438
Deafness, congenital, and adult-onset progressive leukoencephalopathy	Autosomal recessive	10
Deafness, digenic, GJB2/GJB3	Autosomal dominant	9
Deafness, digenic, GJB2/GJB6	Autosomal dominant	6
Deafness, mitochondrial, modifier of	Autosomal recessive	1
Deafness, neurosensory autosomal recessive 21	Autosomal recessive	2
Deafness, sensorineural, with neurologic features	Mitochondrial	1
Deafness-encephaloneuropathy-obesity-valvulopathy syndrome	Autosomal recessive	118
Deafness-infertility syndrome	Autosomal recessive	21
Deafness-lymphedema-leukemia syndrome	Autosomal dominant	2883
Death in early adulthood	Autosomal dominant	3
Death in infancy	Autosomal dominant	7
Decreased activity of mitochondrial complex I	Autosomal recessive	1
Decreased activity of mitochondrial complex IV	Mitochondrial	1
Decreased activity of the pyruvate dehydrogenase complex	Autosomal recessive	2
Decreased body weight	Autosomal dominant	21
Decreased calvarial ossification	Autosomal dominant	1
Decreased circulating HDL-C concentration	Autosomal recessive	3
Decreased circulating alkaline phosphatase activity	Autosomal recessive	13
Decreased circulating carnitine concentration	Autosomal recessive	94
Decreased circulating immunoglobulin concentration	Autosomal dominant	5
Decreased head circumference	Autosomal dominant	1
Decreased methionine synthase activity	Autosomal recessive	1
Decreased muscle mass	Autosomal recessive	1
Decreased nerve conduction velocity	Autosomal dominant	4
Decreased patellar reflex	Autosomal recessive	3
Decreased response to growth hormone stimulation test	Autosomal dominant	5
Decreased total leukocyte count	Autosomal recessive	1
Decreased total lymphocyte count	Autosomal dominant	1
Decreased total neutrophil count	Autosomal recessive	7
Deep venous thrombosis	Autosomal dominant	14
Deep venous thrombosis, protection against	X-linked recessive	1
Deeply set eye	Autosomal dominant	5
Deficiency of 2-methylbutyryl-CoA dehydrogenase	Autosomal recessive	304
Deficiency of 3-hydroxyacyl-CoA dehydrogenase	Autosomal recessive	344
Deficiency of ADA2	Autosomal recessive	2
Deficiency of UDPglucose-hexose-1-phosphate uridylyltransferase	Autosomal recessive	735
Deficiency of acetyl-CoA acetyltransferase	Autosomal recessive	722
Deficiency of adenosine deaminase 2	Autosomal recessive	678
Deficiency of alpha-mannosidase	Autosomal recessive	1785
Deficiency of aromatic-L-amino-acid decarboxylase	Autosomal recessive	567
Deficiency of beta-ureidopropionase	Autosomal recessive	80
Deficiency of bisphosphoglycerate mutase	Autosomal recessive	8
Deficiency of butyryl-CoA dehydrogenase	Autosomal recessive	448
Deficiency of butyrylcholinesterase	X-linked dominant	1
Deficiency of cytochrome-b5 reductase	Autosomal recessive	61
Deficiency of ferroxidase	Autosomal recessive	542
Deficiency of fructose-bisphosphatase	Autosomal recessive	1
Deficiency of galactokinase	Autosomal recessive	528
Deficiency of guanidinoacetate methyltransferase	Autosomal recessive	268
Deficiency of hyaluronoglucosaminidase	Autosomal recessive	398
Deficiency of hydroxymethylglutaryl-CoA lyase	Autosomal recessive	480
Deficiency of iodide peroxidase	Autosomal recessive	187
Deficiency of malonyl-CoA decarboxylase	Autosomal recessive	614
Deficiency of mevalonate kinase	Autosomal recessive	12
Deficiency of phosphoserine phosphatase	Autosomal recessive	153
Deficiency of ribose-5-phosphate isomerase	Autosomal recessive	38
Deficiency of steroid 11-beta-monooxygenase	Autosomal recessive	394
Deficiency of steroid 17-alpha-monooxygenase	Autosomal recessive	192
Deficiency of transaldolase	Autosomal recessive	54
Dehydrated hereditary stomatocytosis 2	Autosomal dominant	49
Dehydrated hereditary stomatocytosis with or without pseudohyperkalemia and/or perinatal edema	Autosomal dominant	132
Dejerine-Sottas disease	Autosomal dominant	237
Dejerine-sottas neuropathy, autosomal dominant	Autosomal dominant	3
Delayed closure of the anterior fontanelle	Autosomal recessive	1
Delayed cranial suture closure	Autosomal recessive	1
Delayed early-childhood social milestone development	Isolated cases	1
Delayed fine motor development	Autosomal dominant	4
Delayed gross motor development	Autosomal dominant	18
Delayed myelination	Autosomal recessive	1
Delayed puberty	Autosomal dominant	15
Delayed reflexes	Autosomal recessive	1
Delayed speech and language development	Autosomal dominant	34
Dementia	Autosomal dominant	9
Dementia, Lewy body, susceptibility to	Autosomal recessive	10
Demyelinating peripheral neuropathy	Autosomal dominant	1
Dent disease	X-linked recessive	4
Dent disease type 1	X-linked recessive	533
Dent disease type 2	X-linked recessive	174
Dental crowding	Autosomal recessive	1
Dentatorubral-pallidoluysian atrophy	Autosomal dominant	9
Dentin dysplasia, Type II%3B DTDP2	Autosomal dominant	1
Dentinogenesis imperfecta	Autosomal dominant	8
Dentinogenesis imperfecta type 2	Autosomal dominant	66
Dentinogenesis imperfecta type 3	Autosomal dominant	26
Depressed nasal bridge	Autosomal dominant	4
Depressed nasal ridge	Autosomal dominant	3
Depression	Autosomal recessive	2
Dermatitis, atopic	Autosomal dominant	1
Dermatitis, atopic, 2	Autosomal dominant	50
Dermatitis, atopic, 2, susceptibility to	Autosomal dominant	4
Dermatofibrosis lenticularis disseminata	Autosomal dominant	106
Dermatopathia pigmentosa reticularis	Autosomal dominant	53
Desbuquois dysplasia 1	Autosomal recessive	632
Desbuquois dysplasia 2	Autosomal recessive	60
Desmin-related myofibrillar myopathy	Autosomal dominant	1204
Desmoid disease, hereditary	Autosomal dominant	724
Desmoid tumor	Autosomal dominant	4
Desmoid tumor caused by somatic mutation	Autosomal dominant	3
Desmosterolosis	Autosomal recessive	107
Deuteranomaly	X-linked	5
Developmental and epileptic encephalopathy	Autosomal dominant	98
Developmental and epileptic encephalopathy 104	Isolated cases	1
Developmental and epileptic encephalopathy 106	Autosomal dominant	2
Developmental and epileptic encephalopathy 109	Isolated cases	1
Developmental and epileptic encephalopathy 111	Autosomal dominant	5
Developmental and epileptic encephalopathy 116	Autosomal recessive	5
Developmental and epileptic encephalopathy 6B	Autosomal dominant	231
Developmental and epileptic encephalopathy 93	Autosomal recessive	1
Developmental and epileptic encephalopathy 94	Autosomal dominant	1978
Developmental and epileptic encephalopathy 97	Autosomal dominant	2
Developmental and epileptic encephalopathy 98	Autosomal dominant	166
Developmental and epileptic encephalopathy 99	Autosomal dominant	229
Developmental and epileptic encephalopathy, 1	X-linked recessive	3018
Developmental and epileptic encephalopathy, 11	Autosomal dominant	3858
Developmental and epileptic encephalopathy, 12	Autosomal recessive	2057
Developmental and epileptic encephalopathy, 13	Autosomal dominant	376
Developmental and epileptic encephalopathy, 14	Autosomal dominant	4297
Developmental and epileptic encephalopathy, 15	Autosomal recessive	38
Developmental and epileptic encephalopathy, 16	Autosomal recessive	140
Developmental and epileptic encephalopathy, 17	Autosomal dominant	67
Developmental and epileptic encephalopathy, 18	Autosomal recessive	638
Developmental and epileptic encephalopathy, 19	Autosomal dominant	64
Developmental and epileptic encephalopathy, 2	X-linked dominant	1131
Developmental and epileptic encephalopathy, 21	Autosomal recessive	190
Developmental and epileptic encephalopathy, 23	Autosomal recessive	1561
Developmental and epileptic encephalopathy, 24	Autosomal dominant	53
Developmental and epileptic encephalopathy, 25	Autosomal recessive	662
Developmental and epileptic encephalopathy, 26	Autosomal dominant	706
Developmental and epileptic encephalopathy, 27	Autosomal dominant	1276
Developmental and epileptic encephalopathy, 28	Autosomal recessive	235
Developmental and epileptic encephalopathy, 29	Autosomal recessive	46
Developmental and epileptic encephalopathy, 3	Autosomal recessive	35
Developmental and epileptic encephalopathy, 30	Autosomal dominant	1025
Developmental and epileptic encephalopathy, 31A	Autosomal dominant	788
Developmental and epileptic encephalopathy, 31B	Autosomal dominant	1
Developmental and epileptic encephalopathy, 32	Autosomal dominant	444
Developmental and epileptic encephalopathy, 33	Autosomal dominant	486
Developmental and epileptic encephalopathy, 34	Autosomal recessive	907
Developmental and epileptic encephalopathy, 35	Autosomal recessive	43
Developmental and epileptic encephalopathy, 36	X-linked recessive	1079
Developmental and epileptic encephalopathy, 37	Autosomal recessive	380
Developmental and epileptic encephalopathy, 38	Autosomal recessive	23
Developmental and epileptic encephalopathy, 39	Autosomal recessive	31
Developmental and epileptic encephalopathy, 4	Autosomal dominant	252
Developmental and epileptic encephalopathy, 40	Autosomal recessive	15
Developmental and epileptic encephalopathy, 41	Autosomal dominant	54
Developmental and epileptic encephalopathy, 42	Autosomal dominant	6331
Developmental and epileptic encephalopathy, 43	Autosomal dominant	105
Developmental and epileptic encephalopathy, 48	Isolated cases	1
Developmental and epileptic encephalopathy, 5	Autosomal dominant	364
Developmental and epileptic encephalopathy, 50	Autosomal recessive	84
Developmental and epileptic encephalopathy, 51	X-linked recessive	1
Developmental and epileptic encephalopathy, 52	Autosomal dominant	189
Developmental and epileptic encephalopathy, 53	Autosomal recessive	1364
Developmental and epileptic encephalopathy, 54	X-linked recessive	1
Developmental and epileptic encephalopathy, 57	Autosomal recessive	1
Developmental and epileptic encephalopathy, 59	X-linked dominant	1
Developmental and epileptic encephalopathy, 62	Autosomal dominant	1
Developmental and epileptic encephalopathy, 64	X-linked dominant	1
Developmental and epileptic encephalopathy, 66	X-linked recessive	1
Developmental and epileptic encephalopathy, 69	Autosomal dominant	1
Developmental and epileptic encephalopathy, 6A	Autosomal dominant	6
Developmental and epileptic encephalopathy, 7	Autosomal dominant	416
Developmental and epileptic encephalopathy, 74	Autosomal dominant	17
Developmental and epileptic encephalopathy, 76	Autosomal dominant	6
Developmental and epileptic encephalopathy, 78	Multifactorial	2
Developmental and epileptic encephalopathy, 8	X-linked recessive	399
Developmental and epileptic encephalopathy, 80	Autosomal recessive	1
Developmental and epileptic encephalopathy, 81	Autosomal recessive	20
Developmental and epileptic encephalopathy, 83	Autosomal dominant	1
Developmental and epileptic encephalopathy, 85, with or without midline brain defects	X-linked dominant	76
Developmental and epileptic encephalopathy, 9	X-linked	1264
Developmental and epileptic encephalopathy-107	X-linked recessive	1
Developmental and/or epileptic encephalopathy with spike-wave activation in sleep	Autosomal dominant	4
Developmental cataract	Autosomal dominant	38
Developmental defect during embryogenesis	Autosomal recessive	1
Developmental delay	X-linked dominant	5
Developmental delay and seizures with or without movement abnormalities	Autosomal recessive	18
Developmental delay with autism spectrum disorder and gait instability	Autosomal recessive	123
Developmental delay with or without epilepsy	Autosomal dominant	15
Developmental delay with short stature, dysmorphic facial features, and sparse hair	Autosomal recessive	3
Developmental delay with short stature, dysmorphic facial features, and sparse hair 1	Autosomal recessive	24
Developmental delay with variable intellectual impairment and behavioral abnormalities	Isolated cases	1
Developmental delay, hypotonia, musculoskeletal defects, and behavioral abnormalities	Autosomal dominant	452
Developmental delay, impaired growth, dysmorphic facies, and axonal neuropathy	Autosomal dominant	45
Developmental disorder	Autosomal dominant	31
Developmental malformations-deafness-dystonia syndrome	Autosomal dominant	102
Developmental regression	Autosomal recessive	7
Deviated nasal septum	Autosomal dominant	2
Dextro-looped transposition of the great arteries	Autosomal dominant	986
Dextrocardia	Autosomal recessive	1
DiGeorge syndrome	Autosomal dominant	884
Diabetes insipidus	Autosomal dominant	2
Diabetes insipidus, nephrogenic, X-linked	X-linked recessive	204
Diabetes insipidus, nephrogenic, autosomal	Autosomal dominant	188
Diabetes mellitus	Autosomal dominant	48
Diabetes mellitus type 1	Autosomal dominant	316
Diabetes mellitus type 2, susceptibility to	Autosomal dominant	9
Diabetes mellitus, ketosis-prone	Autosomal dominant	44
Diabetes mellitus, ketosis-prone, susceptibility to	Autosomal dominant	1
Diabetes mellitus, noninsulin-dependent, association with	Autosomal dominant	1
Diabetes mellitus, permanent neonatal 2	Autosomal dominant	173
Diabetes mellitus, permanent neonatal 3	Autosomal dominant	1143
Diabetes mellitus, permanent neonatal 4	Autosomal dominant	85
Diabetes mellitus, transient neonatal, 2	Autosomal dominant	1235
Diabetes mellitus, transient neonatal, 3	Autosomal dominant	263
Diabetes, deafness, developmental delay, and short stature syndrome	Autosomal dominant	1
Diabetes-deafness syndrome maternally transmitted	Autosomal dominant	2
Diabetic retinopathy	Autosomal dominant	59
Diamond-Blackfan anemia	Autosomal dominant	69
Diamond-Blackfan anemia 1	Autosomal dominant	96
Diamond-Blackfan anemia 10	Autosomal dominant	153
Diamond-Blackfan anemia 11	Autosomal dominant	15
Diamond-Blackfan anemia 12	Autosomal dominant	21
Diamond-Blackfan anemia 13	Autosomal dominant	6
Diamond-Blackfan anemia 14 with mandibulofacial dysostosis	X-linked recessive	2
Diamond-Blackfan anemia 15 with mandibulofacial dysostosis	Autosomal dominant	7
Diamond-Blackfan anemia 21	Autosomal dominant	3
Diamond-Blackfan anemia 6	Autosomal dominant	3
Diaphanospondylodysostosis	Autosomal recessive	126
Diaphragmatic hernia 3	Autosomal dominant	28
Diaphyseal dysplasia	Autosomal recessive	8
Diaphyseal medullary stenosis-bone malignancy syndrome	Autosomal dominant	119
Diarrhea	Autosomal recessive	5
Dias-Logan syndrome	Autosomal dominant	80
Diastolic dysfunction	Autosomal dominant	1
Diastrophic dysplasia	Autosomal recessive	2969
Dicarboxylic aminoaciduria	Autosomal recessive	117
Differences in sex development	X-linked recessive	18
Difficulty climbing stairs	Autosomal recessive	4
Difficulty standing	Autosomal recessive	6
Difficulty walking	Autosomal recessive	18
Diffuse cerebellar atrophy	Autosomal recessive	1
Diffuse cerebral and cerebellar atrophy - intractable seizures - progressive microcephaly syndrome	Autosomal recessive	922
Diffuse gastric and lobular breast cancer syndrome with cleft lip and with or without cleft palate	Autosomal dominant	2
Diffuse hemispheric glioma, H3 G34-mutant	Autosomal dominant	1
Diffuse interstitial pulmonary fibrosis	Autosomal dominant	1
Diffuse intrinsic pontine glioma	Autosomal dominant	8
Diffuse mesangial sclerosis	Autosomal recessive	2
Diffuse midline glioma, H3 K27-altered	Autosomal dominant	34
Diffuse nonepidermolytic palmoplantar keratoderma	Autosomal dominant	46
Diffuse pediatric-type high-grade glioma, H3-wildtype and IDH-wildtype	Autosomal dominant	15
Dihydropteridine reductase deficiency	Autosomal recessive	354
Dihydropyrimidinase deficiency	Autosomal recessive	66
Dihydropyrimidine dehydrogenase deficiency	Autosomal recessive	282
Dilatation of aorta	Autosomal dominant	5
Dilatation of the cerebral artery	Autosomal dominant	1
Dilatation of the sinus of Valsalva	Autosomal dominant	1
Dilated Cardiomyopathy, Dominant	Autosomal dominant	516
Dilated and arrhythmogenic cardiomyopathy	Autosomal dominant	10
Dilated cardiomyopathy 1A	Autosomal dominant	1731
Dilated cardiomyopathy 1AA	Autosomal dominant	1425
Dilated cardiomyopathy 1BB	Autosomal dominant	125
Dilated cardiomyopathy 1C	Autosomal dominant	270
Dilated cardiomyopathy 1CC	Autosomal dominant	450
Dilated cardiomyopathy 1D	Autosomal dominant	2306
Dilated cardiomyopathy 1DD	Autosomal dominant	1967
Dilated cardiomyopathy 1E	Autosomal dominant	1923
Dilated cardiomyopathy 1EE	Autosomal dominant	234
Dilated cardiomyopathy 1FF	Autosomal dominant	55
Dilated cardiomyopathy 1G	Autosomal recessive	29756
Dilated cardiomyopathy 1GG	Autosomal dominant	327
Dilated cardiomyopathy 1HH	Autosomal dominant	2315
Dilated cardiomyopathy 1I	Autosomal dominant	229
Dilated cardiomyopathy 1II	Autosomal dominant	293
Dilated cardiomyopathy 1J	Autosomal dominant	122
Dilated cardiomyopathy 1JJ	Autosomal dominant	1443
Dilated cardiomyopathy 1KK	Autosomal dominant	1220
Dilated cardiomyopathy 1L	Autosomal recessive	182
Dilated cardiomyopathy 1M	Autosomal dominant	377
Dilated cardiomyopathy 1NN	Autosomal dominant	43
Dilated cardiomyopathy 1O	Autosomal dominant	182
Dilated cardiomyopathy 1P	Autosomal dominant	22
Dilated cardiomyopathy 1R	Autosomal dominant	1724
Dilated cardiomyopathy 1S	Autosomal dominant	1429
Dilated cardiomyopathy 1T	Autosomal dominant	5
Dilated cardiomyopathy 1U	Autosomal dominant	335
Dilated cardiomyopathy 1V	Autosomal dominant	156
Dilated cardiomyopathy 1W	?Autosomal dominant	3
Dilated cardiomyopathy 1X	Autosomal recessive	640
Dilated cardiomyopathy 1Y	Autosomal dominant	174
Dilated cardiomyopathy 1Z	Autosomal dominant	2
Dilated cardiomyopathy 2A	Autosomal dominant	107
Dilated cardiomyopathy 2B	Autosomal recessive	175
Dilated cardiomyopathy 3B	X-linked recessive	681
Dilated cardiomyopathy with left ventricular noncompaction	Autosomal dominant	1
Dilated cardiomyopathy-hypergonadotropic hypogonadism syndrome	Autosomal dominant	1336
Dimethylglycine dehydrogenase deficiency	Autosomal recessive	9
Disease of glomerular basement membrane	Autosomal dominant	1
Disorder of bone	Autosomal dominant	11
Disorder of eye	Autosomal recessive	1
Disorder of lung	Autosomal recessive	1
Disorder of sexual differentiation	Autosomal recessive	4
Disorders of GNAS Inactivation	Autosomal dominant	5
Disorders of Intracellular Cobalamin Metabolism	Autosomal recessive	203
Disproportionate short stature	Autosomal dominant	1
Disproportionate short-limb short stature	Autosomal dominant	10
Disproportionate short-trunk short stature	Autosomal recessive	2
Disproportionate tall stature	Autosomal dominant	16
Disrupted sleep-wake cycle with developmental delay and learning difficulty	X-linked recessive	1
Dissecting Aortic Aneurysm	Autosomal dominant	1
Disseminated atypical mycobacterial infection	Autosomal recessive	39
Distal amyotrophy	Autosomal dominant	1
Distal arthrogryposis	Autosomal dominant	8
Distal arthrogryposis type 2B1	Autosomal dominant	385
Distal arthrogryposis type 5D	Autosomal recessive	84
Distal hereditary motor neuropathy type 2	Autosomal dominant	26
Distal lower limb amyotrophy	Autosomal dominant	4
Distal lower limb muscle weakness	Autosomal dominant	5
Distal muscle weakness	Autosomal dominant	18
Distal myopathy	Autosomal dominant	13
Distal myopathy with anterior tibial onset	Autosomal recessive	627
Distal myopathy with posterior leg and anterior hand involvement	Autosomal dominant	15461
Distal myopathy with vocal cord weakness	Autosomal dominant	2
Distal myopathy, Tateyama type	Autosomal dominant	84
Distal renal tubular acidosis	Autosomal dominant	15
Distal sensory impairment	Autosomal dominant	2
Distal spinal muscular atrophy	Autosomal dominant	176
Distal symphalangism	Autosomal dominant	1
Distichiasis-lymphedema syndrome	Autosomal dominant	49
Disturbance in speech	Autosomal dominant	1
Dizygotic twins	Autosomal recessive	6
Dolichocephaly	Autosomal dominant	1
Dominant beta-thalassemia	Autosomal dominant	219
Dominant dystrophic epidermolysis bullosa with absence of skin	Autosomal dominant	1360
Dominant hypophosphatemia with nephrolithiasis or osteoporosis	Autosomal dominant	1
Donnai-Barrow syndrome	Autosomal recessive	1246
Dopa-responsive dystonia	Autosomal recessive	2
Dopa-responsive dystonia due to sepiapterin reductase deficiency	?Autosomal dominant	77
Dopamine agonists response	Autosomal recessive	1
Double outlet right ventricle	Autosomal dominant	11
Dowling-Degos disease 1	Autosomal dominant	34
Dowling-Degos disease 2	Autosomal dominant	87
Dowling-Degos disease 4	Autosomal dominant	8
Down syndrome	X-linked recessive	18
Down syndrome, susceptibility to	Autosomal dominant	1
Downslanted palpebral fissures	Autosomal dominant	6
Doyne honeycomb retinal dystrophy	Autosomal dominant	57
Drash syndrome	Somatic mutation	5733
Drooling	Autosomal dominant	1
Dry skin	Autosomal dominant	1
Duane retraction syndrome	Autosomal dominant	6
Duane retraction syndrome 2	Autosomal dominant	6
Duane retraction syndrome 3 with or without deafness	Autosomal dominant	71
Duane syndrome type 1	Autosomal dominant	7
Duane-radial ray syndrome	Autosomal dominant	571
Dubin-Johnson syndrome	Autosomal recessive	225
Duchenne and Becker muscular dystrophy	X-linked recessive	6
Duchenne muscular dystrophy	X-linked recessive	8925
Duchenne or Becker muscular dystrophy	X-linked recessive	2
Ductal carcinoma in situ	Autosomal dominant	4
Duffy Blood group system	Autosomal dominant	1
Duodenal adenocarcinoma	Autosomal dominant	2
Duodenal polyposis	Autosomal dominant	3
Duodenal stenosis	Autosomal dominant	2
Dural ectasia	Autosomal dominant	3
Dyggve-Melchior-Clausen syndrome	Autosomal recessive	52
Dynein arm defect of respiratory motile cilia	X-linked recessive	1
Dyneinopathy	Autosomal dominant	2
Dysarthria	Autosomal recessive	11
Dyschromatopsia	Autosomal dominant	1
Dyschromatosis universalis hereditaria 3	Autosomal dominant	28
Dysdiadochokinesis	Autosomal recessive	2
Dysembryoplastic neuroepithelial tumor	Autosomal dominant	2
Dysequilibrium syndrome	Autosomal recessive	1
Dysfibrinogenemia	Autosomal recessive	2
Dysgenesis of the cerebellar vermis	Autosomal recessive	2
Dysgerminoma	Autosomal dominant	4
Dyskeratosis congenita	Autosomal dominant	2721
Dyskeratosis congenita, X-linked	X-linked recessive	80
Dyskeratosis congenita, autosomal dominant 1	Autosomal dominant	682
Dyskeratosis congenita, autosomal dominant 2	Autosomal dominant	3099
Dyskeratosis congenita, autosomal dominant 3	Autosomal dominant	158
Dyskeratosis congenita, autosomal dominant 4	Autosomal dominant	3
Dyskeratosis congenita, autosomal dominant 6	Autosomal dominant	723
Dyskeratosis congenita, autosomal recessive 1	Autosomal recessive	81
Dyskeratosis congenita, autosomal recessive 2	Autosomal recessive	28
Dyskeratosis congenita, autosomal recessive 3	Autosomal recessive	86
Dyskeratosis congenita, autosomal recessive 5	Autosomal dominant	6835
Dyskeratosis congenita, autosomal recessive 6	Autosomal recessive	841
Dyskeratosis congenita, autosomal recessive 7	Autosomal dominant	2
Dyskinesia	Autosomal dominant	4
Dyskinesia with orofacial involvement	Autosomal dominant	1
Dyskinesia with orofacial involvement, autosomal dominant	Autosomal dominant	94
Dyskinesia with orofacial involvement, autosomal recessive	Autosomal dominant	31
Dyslexia, susceptibility to, 1	Autosomal dominant	14
Dyslexia, susceptibility to, 2	Autosomal recessive	2
Dyslipidemia	Autosomal dominant	99
Dysmetria	Autosomal recessive	4
Dysmorphism	Autosomal recessive	1
Dysmyelinating leukodystrophy	Autosomal recessive	2
Dysosteosclerosis	Autosomal recessive	1
Dysphagia	Autosomal recessive	1
Dysphonia	Autosomal dominant	1
Dysplasminogenemia	Autosomal recessive	1
Dysplastic pulmonary valve	Autosomal dominant	3
Dyspnea	Autosomal dominant	3
Dystonia 1, torsion, late-onset	Autosomal dominant	1
Dystonia 12	Autosomal dominant	1303
Dystonia 16	Autosomal recessive	137
Dystonia 23	Autosomal dominant	7
Dystonia 24	Autosomal dominant	75
Dystonia 25	Autosomal dominant	22
Dystonia 27	Autosomal dominant	129
Dystonia 28, childhood-onset	Autosomal recessive	1
Dystonia 32	Autosomal recessive	6
Dystonia 5	Autosomal dominant	503
Dystonia 9	Autosomal dominant	969
Dystonia, adult-onset	Mitochondrial	1
Dystonia, dopa-responsive, with or without hyperphenylalaninemia, autosomal recessive	Autosomal dominant	3
Dystonia, early-onset atypical, with myoclonic features	Autosomal dominant	1
Dystonia, early-onset, and/or spastic paraplegia	Autosomal dominant	9
Dystonic disorder	Autosomal dominant	73
Dystrophin deficiency	X-linked recessive	2334
EARS2-related disorder	Autosomal recessive	4
EAST syndrome	Autosomal recessive	571
EBP-related disorder	X-linked dominant	2
EBV-Positive Inflammatory Follicular Dendritic Cell Sarcoma	Autosomal dominant	1
EBV-positive nodal T- and NK-cell lymphoma	Autosomal dominant	16
ECEL1-related disorder	Autosomal recessive	1
ECHS1-related disorder	Autosomal recessive	6
ECM1-related disorder	Autosomal recessive	3
ECTODERMAL DYSPLASIA 11B, HYPOHIDROTIC/HAIR/TOOTH TYPE, AUTOSOMAL DOMINANT	Autosomal dominant	1
ECTODERMAL DYSPLASIA AND IMMUNODEFICIENCY 1, MALE-RESTRICTED	X-linked dominant	4
EDA-related disorder	X-linked recessive	13
EDAR-related disorder	Autosomal dominant	7
EDARADD-related disorder	Autosomal dominant	1
EDICT syndrome	Autosomal dominant	1
EDN3-related disorder	Autosomal dominant	3
EDNRA-related disorder	Autosomal dominant	4
EDNRB-related disorder	Autosomal dominant	2
EEF1A2-related developmental and degenerative epileptic-dyskinetic encephalopathy	Autosomal dominant	12
EEF1A2-related disorder	Autosomal dominant	16
EEG abnormality	Autosomal recessive	9
EEG with focal epileptiform discharges	Autosomal dominant	2
EEG with generalized epileptiform discharges	Autosomal dominant	3
EEG with generalized slow activity	Autosomal dominant	4
EEM syndrome	Autosomal recessive	122
EFEMP1-related disorder	Autosomal dominant	1
EFEMP2-related disorder	Autosomal recessive	17
EFHC1-related disorder	Autosomal dominant	12
EFNB1-related disorder	X-linked dominant	1
EGFR-related disorder	Autosomal recessive	28
EGFR-related lung cancer	Autosomal recessive	238
EGLN1-related disorder	Autosomal dominant	5
EGR2-related disorder	Autosomal dominant	1
EHHADH-related disorder	Autosomal dominant	5
EHMT1-related disorder	Autosomal dominant	65
EIF2AK3-related disorder	Autosomal recessive	11
EIF2AK4-related disorder	Autosomal recessive	4
EIF2B2-related disorder	Autosomal recessive	1
EIF2B5-related disorder	Autosomal recessive	1
EIF4G1-related disorder	Autosomal dominant	1
ELAC2-related disorder	Autosomal recessive	18
ELANE-related disorder	Autosomal dominant	50
ELMO2-related disorder	Autosomal recessive	1
ELN-related disorder	Autosomal dominant	82
ELOVL4-related disorder	Autosomal dominant	6
ELOVL5-related disorder	Autosomal dominant	1
ELP1-Associated Medulloblastoma	Autosomal recessive	23
ELP1-related disorder	Autosomal recessive	16
EMC1-related disorder	Autosomal recessive	2
EMD-related disorder	X-linked recessive	2
EMG abnormality	Autosomal dominant	18
EMG: axonal abnormality	Autosomal dominant	4
EMG: myopathic abnormalities	Autosomal dominant	7
EMG: myotonic discharges	Autosomal dominant	3
EMG: myotonic runs	Autosomal recessive	2
EMG: neuropathic changes	Autosomal recessive	4
ENAM-related disorder	Autosomal dominant	2
ENG-related disorder	Autosomal dominant	29
ENHANCED S-CONE SYNDROME 1	Autosomal recessive	10
ENO3-related disorder	Autosomal recessive	10
ENPP1-related disorder	Autosomal dominant	24
ENTPD1-related disorder	Autosomal recessive	3
EOGT-related disorder	Autosomal recessive	3
EP300-related disorder	Autosomal dominant	411
EPCAM-related disorder	Autosomal recessive	5
EPG5-related disorder	Autosomal recessive	74
EPHA2-related disorder	Autosomal dominant	22
EPIDERMAL NEVUS WITH UROTHELIAL CANCER, SOMATIC	Autosomal dominant	2
EPILEPSY, CHILDHOOD ABSENCE, SUSCEPTIBILITY TO, 2	Autosomal dominant	530
EPILEPSY, JUVENILE ABSENCE, SUSCEPTIBILITY TO, 2	Autosomal recessive	1
EPILEPSY, JUVENILE MYOCLONIC, SUSCEPTIBILITY TO, 8	Autosomal recessive	2
EPM2A-related disorder	Autosomal recessive	3
EPOR-related disorder	Autosomal dominant	1
EPOXIDE HYDROLASE 1 POLYMORPHISM	Autosomal recessive	1
EPS8-related disorder	Autosomal recessive	1
ER BLOOD GROUP SYSTEM, ER(a-b-)	Autosomal dominant	1
ERBB3-related disorder	Autosomal recessive	1
ERBB4-related disorder	Autosomal dominant	3
ERCC1-related disorder	Autosomal recessive	2
ERCC2-related disorder	Autosomal recessive	30
ERCC3-related disorder	Autosomal recessive	5
ERCC4-Related Disorders	Autosomal recessive	4
ERCC4-related disorder	Autosomal recessive	48
ERCC5-related disorder	Autosomal recessive	17
ERCC6-related disorder	Autosomal recessive	65
ERCC6L2-related disorder	Autosomal recessive	12
ERCC8-related disorder	Autosomal recessive	3
ERF-related disorder	Autosomal dominant	7
ERG2-related disorder	Autosomal dominant	1
ERG: Reduced dark-adapted b-wave amplitude	Autosomal dominant	1
ERLIN1-related disorder	Autosomal recessive	1
ESCO2-related disorder	Autosomal recessive	12
ESOPHAGEAL CANCER, ALCOHOL-RELATED, SUSCEPTIBILITY TO	Multifactorial	1
ESPN-related disorder	Autosomal recessive	2
ESR1-related disorder	Autosomal dominant	2
ESRRB-related disorder	Autosomal recessive	3
ETFA-related disorder	Autosomal recessive	7
ETFB-related disorder	Autosomal recessive	10
ETFDH-related disorder	Autosomal recessive	25
ETHE1-related disorder	Autosomal recessive	5
ETV6-related disorder	Autosomal dominant	6
EVC-associated disorder	Autosomal recessive	1
EVC-related disorder	Autosomal recessive	51
EVC2-related disorder	Autosomal recessive	61
EXOSC3-related disorder	Autosomal recessive	7
EXT1-related disorder	Autosomal dominant	8
EXT2-related disorder	Autosomal dominant	39
EYA1-related disorder	Autosomal dominant	37
EYA4-related disorder	Autosomal dominant	4
EYS-related disorder	Autosomal recessive	2
EZH2-related disorder	Autosomal dominant	15
Ear malformation	Autosomal recessive	43
Early Infantile Epileptic Encephalopathy, Autosomal Dominant	Autosomal dominant	10
Early Infantile Epileptic Encephalopathy, Autosomal Recessive	Autosomal recessive	3
Early Myoclonic Encephalopathy	Autosomal recessive	5
Early T cell progenitor acute lymphoblastic leukemia	Autosomal dominant	3
Early age onset of sporadic thoracic aortic dissections	Autosomal dominant	6
Early onset Alzheimer disease with behavioral disturbance	Autosomal dominant	6
Early onset epileptic encephalopathy	Autosomal dominant	2
Early onset severe obesity	Autosomal recessive	23
Early-infantile DEE	Autosomal dominant	1538
Early-infantile developmental and epileptic encephalopathy	Autosomal dominant	14
Early-onset Lafora body disease	Autosomal recessive	437
Early-onset Parkinson disease 20	Autosomal recessive	1382
Early-onset autosomal dominant Alzheimer disease	Autosomal dominant	5
Early-onset chronic pancreatitis	Autosomal dominant	1
Early-onset coronary artery disease	Autosomal dominant	4
Early-onset dementia of unclear type	Autosomal dominant	1
Early-onset epileptic encephalopathy and intellectual disability due to GRIN2A mutation	Autosomal dominant	2
Early-onset familial hypoaldosteronism	Autosomal recessive	2
Early-onset generalized limb-onset dystonia	Autosomal dominant	62
Early-onset myopathy with fatal cardiomyopathy	Autosomal recessive	7275
Early-onset non-syndromic cataract	Autosomal dominant	4
Early-onset parkinsonism-intellectual disability syndrome	X-linked recessive	11
Early-onset progressive diffuse brain atrophy-microcephaly-muscle weakness-optic atrophy syndrome	Autosomal dominant	2
Early-onset progressive neurodegeneration-blindness-ataxia-spasticity syndrome	Autosomal recessive	13
Early-onset retinal dystrophy	Autosomal recessive	3
Ectodermal dysplasia	Autosomal recessive	10
Ectodermal dysplasia 10A, hypohidrotic/hair/nail type, autosomal dominant	Autosomal dominant	194
Ectodermal dysplasia 10B, hypohidrotic/hair/tooth type, autosomal recessive	Autosomal recessive	41
Ectodermal dysplasia 10a, hypohidrotic/hair/tooth type, autosomal dominant	Autosomal recessive	4
Ectodermal dysplasia 11A, hypohidrotic/hair/tooth type, autosomal dominant	Autosomal dominant	44
Ectodermal dysplasia 11B, hypohidrotic/hair/tooth type, autosomal recessive	Autosomal recessive	46
Ectodermal dysplasia 14, hair/tooth type with or without hypohidrosis	Autosomal recessive	18
Ectodermal dysplasia 14, hair/tooth type, with hypohidrosis	Autosomal recessive	1
Ectodermal dysplasia 4, hair/nail type	Autosomal recessive	7
Ectodermal dysplasia 7, hair/nail type	Autosomal recessive	4
Ectodermal dysplasia 9, hair/nail type	Autosomal recessive	7
Ectodermal dysplasia WNT10A related	Autosomal recessive	8
Ectodermal dysplasia and immunodeficiency 1	X-linked recessive	7
Ectodermal dysplasia and immunodeficiency 2	Autosomal dominant	350
Ectopia lentis	Autosomal dominant	9
Ectopia lentis 1, isolated, autosomal dominant	Autosomal dominant	2952
Ectopia lentis 2, isolated, autosomal recessive	Autosomal recessive	323
Ectopia lentis et pupillae	Autosomal recessive	259
Ectopic thyroid	Autosomal recessive	1
Ectopic tissue	X-linked	16
Ectrodactyly, ectodermal dysplasia, and cleft lip-palate syndrome 3	Autosomal dominant	599
Eculizumab, poor response to	Autosomal dominant	101
Eczematoid dermatitis	Autosomal dominant	2
Edema of the dorsum of feet	Autosomal dominant	1
Ehlers-Danlos syndrome	Autosomal dominant	726
Ehlers-Danlos syndrome due to tenascin-X deficiency	Autosomal recessive	276
Ehlers-Danlos syndrome progeroid type	Autosomal recessive	13
Ehlers-Danlos syndrome, arthrochalasia type	Autosomal dominant	894
Ehlers-Danlos syndrome, arthrochalasia type, 2	Autosomal dominant	416
Ehlers-Danlos syndrome, cardiac valvular type	Autosomal dominant	248
Ehlers-Danlos syndrome, classic type	Autosomal dominant	213
Ehlers-Danlos syndrome, classic type, 1	Autosomal dominant	8686
Ehlers-Danlos syndrome, classic type, 2	Autosomal dominant	186
Ehlers-Danlos syndrome, dermatosparaxis type	Autosomal recessive	1751
Ehlers-Danlos syndrome, dominant type 4	Autosomal dominant	4
Ehlers-Danlos syndrome, kyphoscoliotic type 1	Autosomal recessive	1009
Ehlers-Danlos syndrome, kyphoscoliotic type, 2	Autosomal recessive	186
Ehlers-Danlos syndrome, musculocontractural type	Autosomal recessive	10
Ehlers-Danlos syndrome, musculocontractural type 1	Autosomal recessive	25
Ehlers-Danlos syndrome, musculocontractural type 2	Autosomal recessive	304
Ehlers-Danlos syndrome, spondylocheirodysplastic type	Autosomal recessive	305
Ehlers-Danlos syndrome, spondylodysplastic type, 1	Autosomal recessive	21
Ehlers-Danlos syndrome, spondylodysplastic type, 2	Autosomal recessive	309
Ehlers-Danlos syndrome, type 3	Autosomal dominant	4
Ehlers-Danlos syndrome, type 4	Autosomal dominant	2953
Ehlers-Danlos/osteogenesis imperfecta syndrome	Autosomal dominant	3
Eichsfeld type congenital muscular dystrophy	Autosomal recessive	585
Eiken syndrome	Autosomal recessive	191
Elbow flexion contracture	Autosomal recessive	4
Elevated basal serum calcitonin	Autosomal dominant	3
Elevated circulating 7-dehydrocholesterol concentration	Autosomal recessive	1
Elevated circulating alkaline phosphatase concentration	Autosomal recessive	3
Elevated circulating creatine kinase activity	Autosomal dominant	100
Elevated circulating hepatic transaminase concentration	Autosomal recessive	3
Elevated right atrial pressure	Autosomal dominant	1
Elliptocytosis 2	Autosomal recessive	546
Elliptocytosis 3	Autosomal dominant	25
Ellis-van Creveld syndrome	Autosomal recessive	3727
Embryonal rhabdomyosarcoma	Autosomal dominant	2
Emery-Dreifuss muscular dystrophy	Autosomal dominant	218
Emery-Dreifuss muscular dystrophy 1, X-linked	X-linked recessive	49
Emery-Dreifuss muscular dystrophy 2, autosomal dominant	Autosomal dominant	1585
Emery-Dreifuss muscular dystrophy 3, autosomal recessive	Autosomal dominant	1355
Emery-Dreifuss muscular dystrophy 4, autosomal dominant	Autosomal dominant	4757
Emery-Dreifuss muscular dystrophy 5, autosomal dominant	Autosomal dominant	3948
Emery-Dreifuss muscular dystrophy 6	X-linked recessive	1
Emery-Dreifuss muscular dystrophy 7, autosomal dominant	Autosomal dominant	136
Emm-null phenotype	Autosomal recessive	3
Emotional lability	Autosomal dominant	1
Enamel hypoplasia	Autosomal recessive	1
Encephalitis	X-linked recessive	1
Encephalitis/encephalopathy, mild, with reversible myelin vacuolization	Autosomal dominant	2
Encephalocele	Autosomal recessive	13
Encephalocraniocutaneous lipomatosis	Autosomal dominant	855
Encephalomyopathy with respiratory failure and lactic acidosis	Autosomal recessive	1
Encephalopathy	Autosomal recessive	7
Encephalopathy due to GLUT1 deficiency	Autosomal dominant	1094
Encephalopathy due to defective mitochondrial and peroxisomal fission 2	Autosomal recessive	20
Encephalopathy, acute, infection-induced (herpes-specific), susceptibility to, 7	Autosomal dominant	7
Encephalopathy, acute, infection-induced (herpes-specific), susceptibility to, 8	Autosomal dominant	14
Encephalopathy, acute, infection-induced, susceptibility to, 4	Autosomal recessive	623
Encephalopathy, acute, infection-induced, susceptibility to, 9	Autosomal dominant	4
Encephalopathy, lethal, due to defective mitochondrial peroxisomal fission 1	Autosomal dominant	77
Encephalopathy, neonatal severeMental retardation, X-linked, syndromic 13Rett syndrome	X-linked recessive	4
Encephalopathy, porphyria-related	Autosomal dominant	8
Encephalopathy, progressive, early-onset, with brain edema and/or leukoencephalopathy, 1	Autosomal dominant	1
Encephalopathy, progressive, early-onset, with episodic rhabdomyolysis	Autosomal dominant	3
Encephalopathy, progressive, with amyotrophy and optic atrophy	Autosomal recessive	40
Encephalopathy-hypertrophic cardiomyopathy-renal tubular disease syndrome	Autosomal recessive	59
Enchondromatosis	Autosomal dominant	4
Endocardial fibroelastosis	X-linked recessive	18
Endocrine-cerebro-osteodysplasia syndrome	Autosomal recessive	10
Endometrial cancer	Somatic mutation	1
Endometrial carcinoma	Autosomal dominant	1095
Endometrial hyperplasia without atypia	Autosomal dominant	6
Endometriosis	Autosomal dominant	1
Enhanced S-cone syndrome	Autosomal dominant	82
Enhanced S-cone syndrome 2	Autosomal dominant	1
Enlarged Parietal Foramina	Autosomal dominant	13
Enlarged cisterna magna	Autosomal dominant	4
Enlarged kidney	Autosomal dominant	2
Enterokinase deficiency	Autosomal recessive	29
Eosinophil peroxidase deficiency	Autosomal recessive	5
Ependymoma	Autosomal dominant	2
Epicanthus	Autosomal dominant	13
Epidermal disease	Autosomal dominant	1
Epidermal nevus	Autosomal dominant	396
Epidermodysplasia verruciformis	Autosomal recessive	17
Epidermodysplasia verruciformis, susceptibility to, 1	Autosomal recessive	30
Epidermodysplasia verruciformis, susceptibility to, 2	Autosomal recessive	7
Epidermolysis bullosa	Autosomal dominant	6
Epidermolysis bullosa dystrophica	Autosomal dominant	665
Epidermolysis bullosa dystrophica inversa, autosomal recessive	Autosomal dominant	151
Epidermolysis bullosa dystrophica, autosomal recessive, localisata variant	Autosomal dominant	18
Epidermolysis bullosa pruriginosa	Autosomal dominant	1403
Epidermolysis bullosa pruriginosa, autosomal dominant	Autosomal dominant	3
Epidermolysis bullosa pruriginosa, autosomal recessive	Autosomal dominant	19
Epidermolysis bullosa simplex	Autosomal dominant	16
Epidermolysis bullosa simplex 1A, generalized severe	Autosomal dominant	111
Epidermolysis bullosa simplex 1C, localized	Autosomal dominant	81
Epidermolysis bullosa simplex 1D, generalized, intermediate or severe, autosomal recessive	Autosomal dominant	56
Epidermolysis bullosa simplex 2A, generalized severe	Autosomal dominant	28
Epidermolysis bullosa simplex 2B, generalized intermediate	Autosomal dominant	27
Epidermolysis bullosa simplex 2C, localized	Autosomal dominant	29
Epidermolysis bullosa simplex 2d, generalized, intermediate or severe, autosomal recessive	Autosomal dominant	23
Epidermolysis bullosa simplex 3, localized or generalized intermediate, with BP230 deficiency	Autosomal recessive	6756
Epidermolysis bullosa simplex 4, localized or generalized intermediate, autosomal recessive	Autosomal recessive	21
Epidermolysis bullosa simplex 5B, with muscular dystrophy	Autosomal recessive	22982
Epidermolysis bullosa simplex 5C, with pyloric atresia	Autosomal recessive	22983
Epidermolysis bullosa simplex 6, generalized, with scarring and hair loss	Autosomal dominant	4
Epidermolysis bullosa simplex with migratory circinate erythema	Autosomal dominant	29
Epidermolysis bullosa simplex with mottled pigmentation	Autosomal dominant	34
Epidermolysis bullosa simplex with nail dystrophy	Autosomal recessive	22991
Epidermolysis bullosa simplex, Koebner type	Autosomal dominant	74
Epidermolysis bullosa simplex, Ogna type	Autosomal recessive	22972
Epidermolysis bullosa, junctional 2A, intermediate	Autosomal recessive	91
Epidermolysis bullosa, junctional 2B, severe	Autosomal recessive	94
Epidermolysis bullosa, junctional 3A, intermediate	Autosomal recessive	20
Epidermolysis bullosa, junctional 3B, severe	Autosomal recessive	22
Epidermolysis bullosa, junctional 4, intermediate	Autosomal dominant	30
Epidermolysis bullosa, junctional 5A, intermediate	Autosomal recessive	391
Epidermolysis bullosa, junctional 6, with pyloric atresia	Autosomal recessive	16
Epidermolysis bullosa, junctional 7, with interstitial lung disease and nephrotic syndrome	Autosomal recessive	181
Epidermolysis bullosa, pretibial, autosomal recessive	Autosomal dominant	6
Epidermolytic acanthoma	Autosomal dominant	1
Epidermolytic hyperkeratosis 1	Autosomal dominant	12
Epidermolytic hyperkeratosis 2A, autosomal dominant	Autosomal dominant	11
Epidermolytic hyperkeratosis 2B, autosomal recessive	Autosomal dominant	8
Epidermolytic ichthyosis	Autosomal dominant	47
Epidermolytic nevus	Autosomal dominant	1
Epidermolytic palmoplantar keratoderma, 1	Autosomal dominant	25
Epilepsy	Autosomal dominant	50
Epilepsy due to perinatal stroke	Autosomal recessive	2
Epilepsy of infancy with migrating focal seizures	Autosomal dominant	9
Epilepsy syndrome	Autosomal dominant	2
Epilepsy with myoclonic atonic seizures	Autosomal dominant	806
Epilepsy, X-linked 1, with variable learning disabilities and behavior disorders	X-linked recessive	497
Epilepsy, benign neonatal, 1, and/or myokymia	Autosomal dominant	1
Epilepsy, childhood absence 4	Autosomal dominant	29
Epilepsy, childhood absence, susceptibility to, 1	Autosomal dominant	568
Epilepsy, childhood absence, susceptibility to, 5	Autosomal dominant	569
Epilepsy, childhood absence, susceptibility to, 6	Autosomal dominant	1003
Epilepsy, familial adult myoclonic, 1	Autosomal dominant	3
Epilepsy, familial adult myoclonic, 2	Autosomal dominant	10
Epilepsy, familial adult myoclonic, 3	Autosomal dominant	5
Epilepsy, familial adult myoclonic, 5	Autosomal recessive	826
Epilepsy, familial focal, with variable foci 1	Autosomal dominant	279
Epilepsy, familial focal, with variable foci 2	Autosomal dominant	50
Epilepsy, familial focal, with variable foci 3	Autosomal dominant	853
Epilepsy, familial temporal lobe, 1	Autosomal dominant	243
Epilepsy, idiopathic generalized, susceptibility to, 10	Autosomal dominant	37
Epilepsy, idiopathic generalized, susceptibility to, 11	Autosomal dominant	176
Epilepsy, idiopathic generalized, susceptibility to, 12	Autosomal dominant	824
Epilepsy, idiopathic generalized, susceptibility to, 13	Autosomal dominant	30
Epilepsy, idiopathic generalized, susceptibility to, 14	Autosomal dominant	27
Epilepsy, idiopathic generalized, susceptibility to, 16	Autosomal dominant	17
Epilepsy, idiopathic generalized, susceptibility to, 17	Autosomal dominant	28
Epilepsy, idiopathic generalized, susceptibility to, 18	Autosomal dominant	78
Epilepsy, idiopathic generalized, susceptibility to, 6	Autosomal dominant	2
Epilepsy, idiopathic generalized, susceptibility to, 7	Autosomal recessive	3
Epilepsy, idiopathic generalized, susceptibility to, 8	Autosomal dominant	401
Epilepsy, idiopathic generalized, susceptibility to, 9	Autosomal dominant	18
Epilepsy, juvenile absence, susceptibility to, 1	Autosomal dominant	8
Epilepsy, juvenile myoclonic, susceptibility to, 10	Autosomal recessive	1
Epilepsy, progressive myoclonic, 1B	Autosomal recessive	502
Epilepsy, progressive myoclonic, 3, with intracellular inclusions	Autosomal recessive	2
Epileptic encephalopathy	Autosomal dominant	66
Epileptic spasm	Autosomal recessive	2
Epiphyseal dysplasia, multiple, 2	Autosomal dominant	119
Epiphyseal dysplasia, multiple, 3	Autosomal dominant	57
Epiphyseal dysplasia, multiple, 3, with myopathy	Autosomal dominant	1
Epiphyseal dysplasia, multiple, 6	Autosomal dominant	53
Epiphyseal dysplasia, multiple, 7	Autosomal recessive	16
Episodic ataxia type 1	Autosomal dominant	635
Episodic ataxia type 2	Autosomal dominant	6340
Episodic ataxia type 5	Autosomal dominant	8
Episodic ataxia, type 2, and epilepsy	Autosomal dominant	2
Episodic ataxia, type 9	Autosomal dominant	132
Episodic flaccid weakness	Autosomal recessive	3
Episodic hemiplegia	Autosomal dominant	1
Episodic kinesigenic dyskinesia	Autosomal dominant	86
Episodic kinesigenic dyskinesia 1	Autosomal dominant	113
Episodic pain syndrome, familial, 2	Autosomal dominant	142
Episodic vomiting	X-linked recessive	1
Epistaxis	Autosomal dominant	1
Epithelial basement membrane dystrophy	Autosomal dominant	38
Epithelial recurrent erosion dystrophy	Autosomal dominant	57
Epithelial-stromal TGFBI dystrophy	Autosomal dominant	2
Epsilon-trimethyllysine hydroxylase deficiency	X-linked recessive	16
Equinovarus deformity	Autosomal dominant	1
Erythema	Autosomal recessive	2
Erythrocytosis	Autosomal dominant	2
Erythrocytosis, familial, 3	Autosomal dominant	572
Erythrocytosis, familial, 6	Autosomal dominant	220
Erythrocytosis, familial, 7	Autosomal dominant	52
Erythroderma	Autosomal recessive	2
Erythrokeratodermia variabilis	Autosomal dominant	2
Erythrokeratodermia variabilis et progressiva 1	Autosomal dominant	96
Erythrokeratodermia variabilis et progressiva 2	Autosomal dominant	1
Erythrokeratodermia variabilis et progressiva 3	Autosomal dominant	24
Erythrokeratodermia variabilis et progressiva 5	Autosomal dominant	3
Erythrokeratodermia variabilis et progressiva 6	Autosomal dominant	92
Erythroleukemia, familial, susceptibility to	Autosomal recessive	5
Esophageal and colonic dysmotility	Autosomal dominant	1
Esophageal atresia	Autosomal dominant	1
Esophageal atresia/tracheoesophageal fistula	Autosomal dominant	24
Esophageal squamous cell carcinoma	Autosomal recessive	2
Esophageal squamous cell carcinoma, somatic	X-linked recessive	1
Esotropia	Autosomal dominant	2
Essential fructosuria	Autosomal recessive	80
Essential hypertension, genetic	Multifactorial	80
Essential thrombocythemia	Autosomal recessive	42
Essential tremor	Isolated cases	1
Essential tremor, susceptibility to	Autosomal dominant	1
Estrogen resistance syndrome	Autosomal recessive	18
Ethylmalonic encephalopathy	Autosomal recessive	417
Euthyroid goiter	Autosomal dominant	222
Even-plus syndrome	Autosomal recessive	10
Everolimus response	Autosomal dominant	2
Ewing sarcoma	Autosomal dominant	7
Ewing sarcoma of soft tissue	Autosomal dominant	3
Exaggerated startle response	Autosomal dominant	1
Exercise intolerance, cardiomyopathy, and septooptic dysplasia	Mitochondrial	1
Exercise intolerance, muscle pain, and lactic acidemia	Mitochondrial	1
Exercise intolerance, riboflavin-responsive	Autosomal recessive	4
Exercise-induced hyperinsulinism	Autosomal dominant	91
Exercise-induced muscle cramps	X-linked	1
Exercise-induced muscle fatigue	X-linked	1
Exercise-induced muscle stiffness	X-linked	1
Exercise-induced myalgia	Autosomal dominant	11
Exercise-induced rhabdomyolysis	X-linked	1
Exertional myalgia, muscle stiffness and myoglobinuria	X-linked recessive	2
Exfoliative ichthyosis	Autosomal dominant	1
Exostoses	Autosomal dominant	1
Exostoses, multiple, type 1	Autosomal dominant	167
Exostoses, multiple, type 2	Autosomal dominant	883
Expressive language delay	Autosomal dominant	3
Exstrophy-epispadias complex	Autosomal recessive	1
External ophthalmoplegia	Autosomal recessive	2
Extracranial arteriovenous malformation	Isolated cases	1
Exudative vitreoretinopathy 1	Autosomal dominant	1412
Exudative vitreoretinopathy 2, X-linked	X-linked recessive	5
Exudative vitreoretinopathy 4	Autosomal dominant	2353
Exudative vitreoretinopathy 4, autosomal dominant	Autosomal recessive	2
Exudative vitreoretinopathy 5	Autosomal dominant	67
Exudative vitreoretinopathy 6	Autosomal dominant	11
Exudative vitreoretinopathy 7	Autosomal dominant	29
Exudative vitreoretinopathy, X-linked	X-linked recessive	1
Exudative vitreoretinopathy, digenic	Autosomal dominant	1
F10-related disorder	Autosomal recessive	6
F12 POLYMORPHISM	Autosomal recessive	1
F12-related disorder	Autosomal dominant	9
F13A1-related disorder	Autosomal recessive	8
F13B-related disorder	Autosomal recessive	8
F2-related disorder	Autosomal recessive	8
F5-related disorder	Autosomal recessive	33
F7-related disorder	Autosomal recessive	19
F8-related disorder	X-linked recessive	30
F9 POLYMORPHISM	X-linked recessive	2
F9-related disorder	X-linked recessive	21
FA2H-related disorder	Autosomal recessive	1
FACTOR IX POLYMORPHISM	X-linked recessive	1
FACTOR VII-ACTIVATING PROTEASE MARBURG I POLYMORPHISM	Autosomal dominant	1
FACTOR VIII (EAST HARTFORD)	X-linked recessive	1
FACTOR VIII (OKAYAMA)	X-linked recessive	2
FADD-related disorder	Autosomal recessive	1
FADD-related immunodeficiency	Autosomal recessive	134
FAH-related disorder	Autosomal recessive	44
FAM111A-related disorder	Autosomal dominant	1
FAM157B-related disorder	Autosomal recessive	2
FAM20A-related disorder	Autosomal recessive	5
FAM20C-related disorder	Autosomal recessive	3
FAM83H-related disorder	Autosomal dominant	2
FAMILIAL COLD AUTOINFLAMMATORY SYNDROME 2, SUSCEPTIBILITY TO	Autosomal dominant	1
FAN1-related disorder	Autosomal recessive	17
FANCA-related disorder	Autosomal recessive	116
FANCB-related disorder	X-linked recessive	11
FANCC-related disorder	Autosomal recessive	38
FANCD2-related disorder	Autosomal recessive	27
FANCE-related disorder	Autosomal recessive	19
FANCL-related disorder	Autosomal recessive	11
FANCM Fanconi-like genomic instability disorder	Autosomal dominant	1
FANCM-related disorder	Autosomal recessive	2
FAR1-related disorder	Autosomal recessive	1
FARS2-related disorder	Autosomal recessive	21
FAS-related autoimmune lymphoproliferative syndrome	Autosomal dominant	8
FAS-related disorder	Autosomal dominant	9
FASLG-Related Autoimmune Lymphoproliferative Syndrome	Autosomal dominant	3
FASLG-related disorder	Autosomal dominant	9
FASTKD2-related disorder	Mitochondrial	5
FAT3-related disorder	Autosomal dominant	1
FAT4-related disorder	Autosomal recessive	37
FBLN5-related disorder	Autosomal dominant	5
FBN1-related disorder	Autosomal dominant	379
FBN2-related disorder	Autosomal dominant	113
FBP1-related disorder	Autosomal recessive	6
FBXL4-related disorder	Autosomal recessive	7
FBXO38-related disorder	Autosomal dominant	1
FBXO7-related disorder	Autosomal recessive	4
FBXW4-related disorder	Autosomal dominant	1
FECH-related disorder	Autosomal recessive	4
FERMT1-related disorder	Autosomal recessive	11
FERMT3-related disorder	Autosomal recessive	15
FETAL HEMOGLOBIN QUANTITATIVE TRAIT LOCUS 6	Autosomal dominant	4
FG syndrome	X-linked recessive	133
FG syndrome 1	X-linked recessive	201
FG syndrome 2	X-linked dominant	287
FG syndrome 4	X-linked dominant	18
FGA-related disorder	Autosomal recessive	14
FGB-related disorder	Autosomal recessive	5
FGD1-related disorder	X-linked recessive	7
FGD4-related disorder	Autosomal recessive	10
FGF10-related disorder	Autosomal dominant	3
FGF14-related disorder	Autosomal dominant	1
FGF23-related disorder	Autosomal dominant	1
FGF3-related disorder	Autosomal recessive	3
FGFR1-related craniosynostosis syndrome	Autosomal dominant	2
FGFR1-related disorder	Autosomal dominant	187
FGFR2-realated disorder	Autosomal dominant	7
FGFR2-related craniosynostosis	Autosomal dominant	680
FGFR2-related disorder	Autosomal dominant	133
FGFR2-related syndromic and non-syndromic craniosynostoses	Autosomal dominant	1
FGFR3-related chondrodysplasia	Autosomal dominant	30
FGFR3-related disorder	Autosomal dominant	101
FGFR4-related disorder	Autosomal recessive	1
FGG-related disorder	Autosomal recessive	6
FH-related disorder	Autosomal dominant	38
FHL1-related disorder	X-linked recessive	12
FIBRINOGEN BALTIMORE 2	Autosomal recessive	1
FIBRINOGEN DUSART	Autosomal dominant	1
FIBRINOGEN HAIFA 1	Autosomal recessive	1
FIBRINOGEN NAPLES	Autosomal recessive	1
FIBRINOGEN PARIS 1	Autosomal recessive	1
FIBRINOGEN ROUEN 1	Autosomal dominant	1
FIG4-related disorder	Autosomal recessive	34
FKBP10-related disorder	Autosomal recessive	9
FKBP14-related disorder	Autosomal recessive	4
FKRP-related disorder	Autosomal recessive	21
FKRP-related muscular dystrophy-dystroglycanopathy	Autosomal recessive	4
FKTN-related disorder	Autosomal recessive	42
FLAD1-related disorder	Autosomal recessive	3
FLCN-related disorder	Autosomal dominant	133
FLG-related disorder	Autosomal dominant	10
FLNA related lung disease	X-linked dominant	3
FLNA-related disorder	X-linked dominant	595
FLNA-related periventricular nodular heterotopia	X-linked dominant	3
FLNB-Related Spectrum Disorders	Autosomal dominant	71
FLNB-related disorder	Autosomal dominant	13
FLNC-related disorder	Autosomal dominant	409
FLT4-related disorder	Autosomal dominant	9
FLVCR1-related disorder	Autosomal recessive	4
FLVCR2-related disorder	Autosomal recessive	4
FMN2-related disorder	Autosomal recessive	5
FMO3-related disorder	Autosomal recessive	5
FMR1-related disorder	X-linked dominant	4
FN1-related disorder	Autosomal dominant	17
FNB1 POLYMORPHISM	Autosomal dominant	4
FOLR1-related disorder	Autosomal recessive	9
FOXC1-related disorder	Autosomal dominant	29
FOXE3-related disorder	Autosomal recessive	16
FOXF1-related disorder	Autosomal dominant	3
FOXG1 disorder	Isolated cases	738
FOXG1-related disorder	Isolated cases	27
FOXI1-related disorder	Autosomal recessive	12
FOXL2-related disorder	Autosomal dominant	2
FOXN1-related disorder	Autosomal recessive	18
FOXP1-related disorder	Autosomal dominant	5
FOXP2-related disorder	Autosomal dominant	7
FOXP3-related disorder	X-linked recessive	8
FOXRED1-related disorder	Mitochondrial	1
FRAS1-related disorder	Autosomal recessive	88
FRAXE	X-linked recessive	61
FREM1-related disorder	Autosomal recessive	33
FREM2-related disorder	Autosomal recessive	3
FRMD4A-related disorder	Autosomal recessive	1
FRMPD4-related disorder	X-linked recessive	3
FRONTOTEMPORAL DEMENTIA WITH TDP43 INCLUSIONS, TARDBP-RELATED	Autosomal dominant	2
FRONTOTEMPORAL LOBAR DEGENERATION WITH TDP43 INCLUSIONS, TARDBP-RELATED	Autosomal dominant	156
FRONTOTEMPORAL LOBAR DEGENERATION WITH UBIQUITIN-POSITIVE INCLUSIONS, SUSCEPTIBILITY TO	Autosomal dominant	1
FRRS1L-related disorder	Autosomal recessive	6
FRZB-related disorder	Multifactorial	2
FSHB-related disorder	Autosomal recessive	1
FSHR-related disorder	Autosomal recessive	3
FTCD-AS1-related disorder	Autosomal recessive	3
FTCD-related disorder	Autosomal recessive	13
FTH1-related disorder	Autosomal dominant	2
FTL-related disorder	Autosomal dominant	20
FTO-related disorder	Autosomal recessive	1
FU1/FU2 POLYMORPHISM	Autosomal recessive	1
FUCA1-related disorder	Autosomal recessive	12
FUS-related disorder	Autosomal dominant	61
FXYD2-related disorder	Autosomal dominant	2
FYCO1-related disorder	Autosomal recessive	21
FZD4-related disorder	X-linked recessive	1
Fabry disease	X-linked	1866
Fabry disease, cardiac variant	X-linked	8
Facial asymmetry	Autosomal dominant	17
Facial dysmorphism-immunodeficiency-livedo-short stature syndrome	Autosomal recessive	411
Facial dysmorphism-lens dislocation-anterior segment abnormalities-spontaneous filtering blebs syndrome	Autosomal recessive	34
Facial paresis, hereditary congenital, 3	Autosomal recessive	6
Facioscapulohumeral muscular dystrophy 4, digenic	Autosomal recessive	9
Factor 5 and Factor VIII, combined deficiency of, 2	Autosomal recessive	1
Factor B fast/slow polymorphism	Autosomal dominant	2
Factor H deficiency	Autosomal dominant	1180
Factor I deficiency	Autosomal dominant	281
Factor V Hong Kong	Autosomal recessive	1
Factor V and factor VIII, combined deficiency of, type 1	Autosomal recessive	111
Factor V deficiency	Autosomal recessive	321
Factor VII Padua	Autosomal recessive	1
Factor VII deficiency	Autosomal recessive	31
Factor VII-activating protease marburg I	Autosomal dominant	5
Factor VIII deficiency	X-linked recessive	7
Factor X deficiency	Autosomal recessive	6
Factor XII deficiency disease	Autosomal recessive	55
Factor XIII deficiency	Autosomal recessive	2
Factor XIII, A subunit, deficiency of	Autosomal recessive	130
Factor XIII, b subunit, deficiency of	Autosomal recessive	64
Failure to thrive	Autosomal dominant	19
Failure to thrive in infancy	Isolated cases	1
Fair hair	Autosomal recessive	2
Falls	Autosomal dominant	3
Familial Atypical Hemolytic-Uremic Syndrome	Autosomal dominant	6
Familial Autism Spectrum Disorder	Autosomal recessive	7
Familial GGE	X-linked	1
Familial Hypertrophic Cardiomyopathy with Wolff-Parkinson-White Syndrome	Autosomal dominant	49
Familial Interstitial Pneumonia	Autosomal recessive	10
Familial Mediterranean fever	Autosomal recessive	1181
Familial Mediterranean fever, autosomal dominant	Autosomal dominant	347
Familial Otitis Media	Autosomal recessive	2
Familial X-linked hypophosphatemic vitamin D refractory rickets	X-linked dominant	455
Familial acute necrotizing encephalopathy	Autosomal dominant	830
Familial adenomatous polyposis 1	Autosomal dominant	12712
Familial adenomatous polyposis 2	Somatic mutation	15
Familial adenomatous polyposis 3	Autosomal recessive	289
Familial adenomatous polyposis 4	Autosomal recessive	557
Familial amyloid nephropathy with urticaria AND deafness	Autosomal dominant	508
Familial amyloid neuropathy	Autosomal dominant	1
Familial amyloid polyneuropathy, Iowa type	Autosomal dominant	6
Familial aortic aneurysms	Autosomal dominant	1
Familial aortopathy	Autosomal dominant	42
Familial apolipoprotein C-II deficiency	Autosomal recessive	50
Familial atrial fibrillation	Autosomal dominant	3
Familial atrial myxoma	Autosomal dominant	76
Familial atrioventricular septal defect	Autosomal recessive	3
Familial benign flecked retina	Autosomal recessive	6
Familial benign pemphigus	Autosomal dominant	86
Familial breast and ovarian cancer	Autosomal dominant	1
Familial cancer of breast	Autosomal dominant	30691
Familial cardiofaciocutaneous syndrome	Autosomal dominant	1
Familial cardiomyopathy	Autosomal dominant	11
Familial cavitary optic disk anomaly	Autosomal dominant	8
Familial chronic mucocutaneous candidiasis	Autosomal recessive	5
Familial cold autoinflammatory syndrome 1	Autosomal dominant	578
Familial cold autoinflammatory syndrome 2	Autosomal dominant	1256
Familial cold autoinflammatory syndrome 3	Autosomal dominant	1788
Familial cold autoinflammatory syndrome 4	Autosomal dominant	1558
Familial colorectal cancer	Autosomal dominant	84
Familial colorectal cancer type X	Autosomal dominant	169
Familial congenital nasolacrimal duct obstruction	Autosomal recessive	3
Familial cutaneous telangiectasia and oropharyngeal predisposition cancer syndrome	Autosomal dominant	409
Familial cylindromatosis	Autosomal dominant	272
Familial cystic renal disease	Autosomal recessive	1
Familial digital arthropathy-brachydactyly	Autosomal dominant	147
Familial dilated cardiomyopathy and peripheral neuropathy	Autosomal dominant	3
Familial dysautonomia	Autosomal recessive	1188
Familial dysfibrinogenemia	Autosomal recessive	111
Familial early-onset deep venous thrombosis	Autosomal dominant	1
Familial ectopia lentis	Autosomal dominant	15
Familial encephalopathy with neuroserpin inclusion bodies	Autosomal dominant	359
Familial episodic pain syndrome with predominantly lower limb involvement	Autosomal dominant	2744
Familial episodic pain syndrome with predominantly upper body involvement	Autosomal dominant	23
Familial expansile osteolysis	Autosomal dominant	17
Familial exudative vitreoretinopathy	Autosomal dominant	4
Familial focal epilepsy with variable foci	Autosomal dominant	139
Familial gestational hyperthyroidism	Autosomal dominant	31
Familial hemiplegic migraine	Autosomal dominant	232
Familial hemolytic anemia	Autosomal dominant	2
Familial hemophagocytic lymphohistiocytosis	Autosomal recessive	38
Familial hemophagocytic lymphohistiocytosis 2	Autosomal recessive	669
Familial hemophagocytic lymphohistiocytosis 4	Autosomal recessive	385
Familial hemophagocytic lymphohistiocytosis type 1	Autosomal recessive	5
Familial hyperaldosteronism type II	Autosomal recessive	165
Familial hyperaldosteronism type III	Autosomal dominant	240
Familial hypercholesterolemia	Autosomal dominant	2023
Familial hyperinsulinemia	Autosomal dominant	1
Familial hyperinsulinism	Autosomal dominant	290
Familial hyperparathyroidism or Hypocalciuric hypercalcaemia	Autosomal dominant	42
Familial hyperphosphatemic tumoral calcinosis/hyperphosphatemic hyperostosis syndrome	Autosomal dominant	1
Familial hyperprolactinemia	Autosomal dominant	11
Familial hyperthyroidism due to mutations in TSH receptor	Autosomal dominant	125
Familial hypertrophic cardiomyopathy 22	Autosomal dominant	2
Familial hypertrophic cardiomyopathy 24	Autosomal dominant	5
Familial hypoalphalipoproteinemia	Autosomal recessive	1
Familial hypobetalipoproteinemia	Autosomal recessive	9
Familial hypobetalipoproteinemia 1	Autosomal dominant	3400
Familial hypobetalipoproteinemia 2	Autosomal recessive	17
Familial hypocalciuric hypercalcemia	Autosomal dominant	2543
Familial hypocalciuric hypercalcemia 1	Autosomal dominant	688
Familial hypocalciuric hypercalcemia 2	Autosomal dominant	113
Familial hypocalciuric hypercalcemia 3	Autosomal dominant	17
Familial hypodysfibrinogenemia	Autosomal dominant	1
Familial hypokalemia-hypomagnesemia	Autosomal recessive	865
Familial hypoparathyroidism	Autosomal dominant	126
Familial idiopathic hypercalciuria	Autosomal dominant	55
Familial idiopathic inflammatory myopathy	Autosomal recessive	1
Familial idiopathic steroid-resistant nephrotic syndrome	Somatic mutation	8
Familial infantile bilateral striatal necrosis	Autosomal recessive	5
Familial infantile myasthenia	Autosomal recessive	931
Familial infantile myoclonic epilepsy	Autosomal recessive	293
Familial intrahepatic cholestasis	Autosomal recessive	618
Familial intrahepatic cholestasis type 1	Autosomal recessive	4
Familial intrahepatic cholestasis type 2	Autosomal recessive	6
Familial intrahepatic cholestasis type 3	Autosomal dominant	3
Familial isolated arrhythmogenic right ventricular dysplasia	Autosomal dominant	456
Familial isolated congenital asplenia	Autosomal dominant	16
Familial isolated deficiency of vitamin E	Autosomal recessive	168
Familial isolated dilated cardiomyopathy	Autosomal dominant	6
Familial isolated hyperparathyroidism	Autosomal dominant	1
Familial isolated pituitary adenoma	Somatic mutation	7
Familial juvenile hyperuricemic nephropathy type 1	Autosomal dominant	302
Familial juvenile hyperuricemic nephropathy type 2	Autosomal dominant	98
Familial medullary thyroid carcinoma	Autosomal dominant	1780
Familial melanoma	Autosomal dominant	683
Familial meningioma	Autosomal dominant	1571
Familial multiple polyposis syndrome	Autosomal dominant	200
Familial multiple trichoepitheliomata	Autosomal dominant	226
Familial ovarian cancer	Autosomal dominant	206
Familial pancreatic carcinoma	Autosomal dominant	426
Familial partial lipodystrophy	Autosomal dominant	15
Familial partial lipodystrophy, Dunnigan type	Autosomal dominant	1539
Familial periodic paralysis	Autosomal dominant	1
Familial porphyria cutanea tarda	Autosomal dominant	83
Familial progressive retinal dystrophy-iris coloboma-congenital cataract syndrome	Autosomal dominant	1
Familial prostate cancer	Autosomal dominant	1364
Familial pseudohyperkalemia	Autosomal dominant	20
Familial pulmonary capillary hemangiomatosis	Autosomal recessive	112
Familial renal glucosuria	Autosomal dominant	264
Familial renal hypouricemia	Autosomal recessive	2
Familial restrictive cardiomyopathy	Autosomal dominant	27
Familial retinal arterial macroaneurysm	Autosomal recessive	3
Familial scaphocephaly syndrome, McGillivray type	Autosomal dominant	868
Familial sleep-related hypermotor epilepsy	Autosomal dominant	124
Familial spontaneous pneumothorax	Autosomal dominant	655
Familial steroid-resistant nephrotic syndrome with sensorineural deafness	Autosomal recessive	109
Familial temporal lobe epilepsy 5	Autosomal dominant	72
Familial temporal lobe epilepsy 7	Autosomal dominant	3424
Familial temporal lobe epilepsy 8	Autosomal dominant	54
Familial thoracic aortic aneurysm and aortic dissection	Autosomal dominant	18334
Familial thyroid dyshormonogenesis	Autosomal recessive	19
Familial type 3 hyperlipoproteinemia	Autosomal dominant	37
Familial type 5 hyperlipoproteinemia	Autosomal dominant	21
Familial ventricular tachycardia	Autosomal dominant	1
Familial visceral amyloidosis, Ostertag type	Autosomal dominant	218
Family history of cancer	Autosomal dominant	1
Family history of cardiomyopathy	Autosomal dominant	1
Family history of sudden cardiac death	Autosomal dominant	2
Fanconi anaemia or Bloom syndrome	Autosomal recessive	1
Fanconi anemia	Autosomal recessive	2566
Fanconi anemia complementation group A	Autosomal recessive	1787
Fanconi anemia complementation group B	X-linked recessive	68
Fanconi anemia complementation group C	Autosomal recessive	572
Fanconi anemia complementation group D1	Autosomal dominant	1670
Fanconi anemia complementation group D2	Autosomal recessive	608
Fanconi anemia complementation group E	Autosomal recessive	769
Fanconi anemia complementation group G	Autosomal recessive	2
Fanconi anemia complementation group I	Autosomal recessive	19
Fanconi anemia complementation group J	Autosomal dominant	4347
Fanconi anemia complementation group L	Autosomal recessive	217
Fanconi anemia complementation group N	Autosomal dominant	377
Fanconi anemia complementation group O	Autosomal recessive	1612
Fanconi anemia complementation group P	Autosomal recessive	819
Fanconi anemia complementation group Q	Autosomal recessive	1460
Fanconi anemia complementation group T	Autosomal recessive	9
Fanconi anemia complementation group U	Autosomal recessive	1
Fanconi anemia, complementation group S	Autosomal dominant	744
Fanconi renotubular syndrome 1	Autosomal recessive	82
Fanconi renotubular syndrome 2	Autosomal recessive	321
Fanconi renotubular syndrome 3	Autosomal dominant	18
Fanconi renotubular syndrome 4 with maturity-onset diabetes of the young	Autosomal dominant	286
Fanconi-Bickel syndrome	Autosomal recessive	293
Farber lipogranulomatosis	Autosomal recessive	218
Fatal familial insomnia	Autosomal dominant	62
Fatal infantile hypertonic myofibrillar myopathy	Autosomal dominant	52
Fatal mitochondrial disease due to combined oxidative phosphorylation defect type 3	Autosomal recessive	143
Fatal multiple mitochondrial dysfunctions syndrome	Autosomal recessive	1
Fatigue	Autosomal dominant	3
Fatty acyl-CoA reductase 1 deficiency	Autosomal recessive	11
Fatty replacement of skeletal muscle	Autosomal recessive	4
Febrile seizure (within the age range of 3 months to 6 years)	Autosomal dominant	11
Febrile seizures, familial, 1	Autosomal dominant	19
Febrile seizures, familial, 11	Autosomal recessive	134
Febrile seizures, familial, 2	Autosomal dominant	2
Febrile seizures, familial, 3a	Autosomal dominant	10
Febrile seizures, familial, 3b	Autosomal dominant	4
Febrile seizures, familial, 4	Autosomal dominant	216
Febrile seizures, familial, 8	Autosomal dominant	544
Feeding difficulties	Autosomal dominant	11
Feeding difficulties in infancy	Autosomal dominant	1
Feingold syndrome	Autosomal dominant	2
Feingold syndrome type 1	Autosomal dominant	125
Female infertility	Autosomal recessive	2
Female infertility due to zona pellucida defect	Autosomal recessive	19
Femoral bowing	Autosomal dominant	12
Fetal akinesia deformation sequence	Autosomal dominant	2
Fetal akinesia deformation sequence 1	Autosomal recessive	4764
Fetal akinesia deformation sequence 2	Autosomal recessive	148
Fetal akinesia deformation sequence 3	Autosomal recessive	125
Fetal akinesia, respiratory insufficiency, microcephaly, polymicrogyria, and dysmorphic facies	Autosomal dominant	154
Fetal akinesia-cerebral and retinal hemorrhage syndrome	Autosomal dominant	21
Fetal anomalies with a likely genetic cause	Autosomal recessive	93
Fetal ascites	Autosomal recessive	1
Fetal cystic hygroma	Autosomal dominant	8
Fetal growth restriction	Autosomal dominant	5
Fetal hemoglobin quantitative trait locus 1	Autosomal dominant	32
Fetal hemoglobin quantitative trait locus 5	Autosomal dominant	2
Fetal megacystis	Autosomal dominant	1
Fetal pyelectasis	Autosomal dominant	1
Fetomaternal alloimmune thrombocytopenia 2	Autosomal dominant	1
Fever	Autosomal dominant	1
Fibrinogen Milano XII, digenic	Autosomal recessive	1
Fibrochondrogenesis	Autosomal dominant	6
Fibrochondrogenesis 1	Autosomal dominant	253
Fibrochondrogenesis 2	Autosomal dominant	383
Fibromatosis, gingival, 1	Autosomal dominant	765
Fibromatosis, gingival, 5	Autosomal dominant	44
Fibromuscular dysplasia, multifocal	Autosomal dominant	236
Fibrosis of extraocular muscles, congenital, 2	Autosomal recessive	3
Fibrosis of extraocular muscles, congenital, 3A, with or without extraocular involvement	Autosomal dominant	38
Fibrosis of extraocular muscles, congenital, 3b	Autosomal dominant	2
Fibrosis of extraocular muscles, congenital, 5	Autosomal recessive	12
Fibrous dysplasia of jaw	Autosomal dominant	777
Filippi syndrome	Autosomal recessive	31
Finger syndactyly	Autosomal dominant	7
Finnish congenital nephrotic syndrome	Autosomal recessive	890
Finnish type amyloidosis	Autosomal dominant	247
Finnish upper limb-onset distal myopathy	Autosomal dominant	2
First degree atrioventricular block	Autosomal dominant	1
Fish-eye disease	Autosomal recessive	143
Flat face	Autosomal recessive	1
Flat nasal alae	Autosomal recessive	1
Flat occiput	Autosomal dominant	3
Fleck corneal dystrophy	Autosomal dominant	174
Flexed deformity	Autosomal dominant	1
Flexion contracture	Autosomal dominant	2
Floating-Harbor syndrome	Autosomal dominant	516
Floppy infant	Autosomal recessive	11
Fluorouracil response	Autosomal recessive	2
Flurbiprofen response	Autosomal dominant	2
Focal T2 hyperintense basal ganglia lesion	Autosomal dominant	4
Focal clonic seizure	Autosomal dominant	1
Focal cortical dysplasia	Autosomal dominant	1
Focal cortical dysplasia of Taylor type 2B	Autosomal dominant	1
Focal dermal hypoplasia	X-linked dominant	54
Focal epilepsy	Autosomal dominant	14
Focal facial dermal dysplasia type III	Autosomal recessive	3
Focal facial dermal dysplasia type IV	Autosomal recessive	7
Focal impaired awareness seizure	Autosomal dominant	5
Focal segmental glomerulosclerosis	Autosomal recessive	123
Focal segmental glomerulosclerosis 1	Autosomal dominant	201
Focal segmental glomerulosclerosis 5	Autosomal dominant	1483
Focal segmental glomerulosclerosis 6	Autosomal recessive	213
Focal segmental glomerulosclerosis 7	Autosomal dominant	802
Focal segmental glomerulosclerosis 8	Autosomal dominant	64
Focal segmental glomerulosclerosis 9	Autosomal recessive	79
Focal white matter lesions	Multifactorial	2
Focal-onset seizure	Autosomal dominant	13
Foot dorsiflexor weakness	Autosomal dominant	2
Foot polydactyly	Digenic recessive	1
Foveal hypoplasia	Autosomal recessive	5
Foveal hypoplasia - optic nerve decussation defect - anterior segment dysgenesis syndrome	Autosomal recessive	40
Foveal hypoplasia 1	Autosomal dominant	307
Foveal hypoplasia 1 with cataract	Autosomal dominant	1
Foveal hypoplasia 2 and optic nerve misrouting with or without anterior segment dysgenesis	Autosomal recessive	1
Fowler syndrome	Autosomal recessive	26
Fragile X syndrome	X-linked dominant	38
Fragile X-associated tremor/ataxia syndrome	X-linked dominant	13
Fragile site 11b	Autosomal dominant	1
Fragile skin	Autosomal dominant	7
Frank-Ter Haar syndrome	Autosomal recessive	209
Fraser syndrome 1	Autosomal recessive	1208
Fraser syndrome 2	Autosomal recessive	9
Fraser syndrome 3	Autosomal recessive	7
Frasier syndrome	Somatic mutation	5708
Freeman-Sheldon syndrome	Autosomal dominant	397
Frequent falls	Autosomal recessive	1
Fried syndrome	X-linked recessive	1
Friedreich ataxia	Autosomal recessive	3
Friedreich ataxia 1	Autosomal recessive	17
Frontal cortical atrophy	X-linked	1
Frontometaphyseal dysplasia	X-linked dominant	9434
Frontometaphyseal dysplasia 1	X-linked dominant	272
Frontonasal dysplasia with alopecia and genital anomaly	Autosomal recessive	18
Frontorhiny	Autosomal recessive	12
Frontotemporal dementia	Autosomal dominant	1395
Frontotemporal dementia and/or amyotrophic lateral sclerosis	Autosomal dominant	1
Frontotemporal dementia and/or amyotrophic lateral sclerosis 1	Autosomal dominant	1602
Frontotemporal dementia and/or amyotrophic lateral sclerosis 2	Autosomal dominant	639
Frontotemporal dementia and/or amyotrophic lateral sclerosis 3	Autosomal dominant	77
Frontotemporal dementia and/or amyotrophic lateral sclerosis 4	Autosomal dominant	463
Frontotemporal dementia and/or amyotrophic lateral sclerosis 6	Autosomal dominant	78
Frontotemporal dementia and/or amyotrophic lateral sclerosis 7	Autosomal dominant	145
Frontotemporal dementia and/or amyotrophic lateral sclerosis 8	Autosomal dominant	22
Fructose-biphosphatase deficiency	Autosomal recessive	285
Fuchs' endothelial dystrophy	Autosomal dominant	2
Fucosidosis	Autosomal recessive	414
Fuhrmann syndrome	Autosomal recessive	13
Fumarase deficiency	Autosomal recessive	363
Fumarylacetoacetase pseudodeficiency	Autosomal recessive	1
Functional abnormality of male internal genitalia	Autosomal dominant	1
Functional motor deficit	Autosomal dominant	4
Fundus albipunctatus, autosomal recessive	Autosomal dominant	7
Fundus dystrophy, pseudoinflammatory, recessive form	Autosomal dominant	1
Furrowed tongue	Autosomal dominant	1
G6PC1-related disorder	Autosomal recessive	11
G6PC3-related disorder	Autosomal recessive	7
G6PD A+	Autosomal dominant	1
G6PD CAGLIARI	X-linked recessive	1
G6PD GAOHE	Autosomal dominant	1
G6PD MEDITERRANEAN	X-linked recessive	1
G6PD SASSARI	X-linked recessive	1
G6PD deficiency	Autosomal dominant	2
G6PD deficient hemolytic anemia	X-linked recessive	1
G6PD-related disorder	X-linked recessive	1
GAA-related disorder	Autosomal recessive	77
GABBR2-related disorder	X-linked dominant	1
GABRB3-related disorder	Autosomal dominant	17
GABRD-Related Disorders	Autosomal dominant	1
GABRD-related disorder	Autosomal dominant	2
GABRG2-related disorder	Autosomal dominant	11
GAL-related disorder	Autosomal dominant	3
GALACTOSIALIDOSIS, ADULT	Autosomal recessive	1
GALACTOSIALIDOSIS, EARLY INFANTILE	Autosomal recessive	2
GALACTOSIALIDOSIS, LATE INFANTILE	Autosomal recessive	3
GALC-related disorder	Autosomal recessive	29
GALE-related disorder	Autosomal recessive	10
GALK1-related disorder	Autosomal recessive	9
GALNS-related disorder	Autosomal recessive	18
GALNT3-related disorder	Autosomal recessive	4
GALT POLYMORPHISM (DUARTE, D2)	Autosomal recessive	1
GALT-related disorder	Autosomal recessive	20
GAMT-related disorder	Autosomal recessive	11
GAN-related disorder	Autosomal recessive	9
GANAB-related disorder	Autosomal dominant	9
GAPO syndrome	Autosomal recessive	31
GARS-Associated Axonal Neuropathy	Autosomal dominant	2
GARS1-related disorder	Autosomal dominant	11
GAS8-related disorder	Autosomal recessive	15
GATA binding protein 1 related thrombocytopenia with dyserythropoiesis	X-linked recessive	45
GATA1-related disorder	X-linked recessive	6
GATA2 deficiency with susceptibility to MDS/AML	Autosomal dominant	245
GATA2-related disorder	Autosomal dominant	79
GATA3-related disorder	Autosomal dominant	9
GATA4-related dilated cardiomyopathy	Autosomal dominant	2
GATA4-related disorder	Autosomal dominant	47
GATA6-related disorder	Autosomal dominant	23
GATAD1-related disorder	Autosomal recessive	5
GATAD2B-related disorder	Autosomal dominant	7
GATAD2B-related intellectual disability syndrome	Autosomal dominant	1
GATM-related disorder	Autosomal recessive	5
GBA-related disorder	Autosomal recessive	4
GBA1-related disorder	Autosomal recessive	61
GBA1-related disorders	Autosomal recessive	10
GBA2-related disorder	Autosomal recessive	1
GBE1-related disorder	Autosomal recessive	54
GCDH-related disorder	Autosomal recessive	22
GCH1-related disorder	Autosomal dominant	10
GCK-related disorder	Autosomal dominant	57
GCNT2-related disorder	Autosomal recessive	3
GDAP1-related disorder	Autosomal recessive	12
GDF1-RELATED DISORDERS	Autosomal dominant	1
GDF1-related disorder	Autosomal dominant	2
GDF2-related disorder	Autosomal dominant	14
GDF2-related vasculopathy	Autosomal dominant	1
GDF5-related disorder	Autosomal recessive	6
GDF6-related disorder	Autosomal dominant	8
GFAP-related disorder	Autosomal dominant	5
GFI1B-related disorder	Autosomal dominant	2
GFM1-related disorder	Autosomal recessive	12
GFPT1-related disorder	Autosomal recessive	10
GFPT1-related myasthenic syndrome	Autosomal recessive	2
GFPT1-related myopathy with protein aggregates and rimmed vacuoles	Autosomal recessive	1
GGCX-related disorder	Autosomal recessive	7
GH1-related disorder	Autosomal dominant	3
GHR-related disorder	Autosomal recessive	2
GHSR-related disorder	Autosomal dominant	1
GIPC3-related disorder	Autosomal recessive	2
GJA1-related disorder	Autosomal recessive	6
GJA3-related disorder	Autosomal dominant	9
GJA5-related disorder	Autosomal dominant	2
GJA8-related disorder	Autosomal dominant	6
GJB1-related disorder	X-linked dominant	2
GJB2-related disorder	Autosomal dominant	198
GJB3-related disorder	Autosomal dominant	6
GJB6-related disorder	Autosomal dominant	15
GJC2-related disorder	Autosomal recessive	2
GLA-related disorder	X-linked	34
GLAUCOMA 3, PRIMARY CONGENITAL, A, DIGENIC	Autosomal dominant	1
GLB1-related disorder	Autosomal recessive	96
GLDC-related disorder	Autosomal recessive	11
GLE1-related disorder	Autosomal recessive	1
GLI2-related disorder	Autosomal dominant	186
GLI3-related disorder	Autosomal dominant	170
GLIS3-related disorder	Autosomal recessive	15
GLMN-related disorder	Autosomal dominant	9
GLRA1-related disorder	Autosomal dominant	9
GLUCOCORTICOID DEFICIENCY 4 WITH MINERALOCORTICOID DEFICIENCY	Autosomal recessive	1
GLUCOCORTICOID RESISTANCE, MILD	Autosomal dominant	1
GLUD1-related disorder	Autosomal dominant	9
GLUD2-related disorder	Isolated cases	1
GLUL-related disorder	Autosomal recessive	4
GLUT1 deficiency syndrome	Autosomal dominant	10
GLUT1 deficiency syndrome 1, autosomal recessive	Autosomal dominant	856
GLYCEROL QUANTITATIVE TRAIT LOCUS	Autosomal recessive	1
GLYCTK-related disorder	Autosomal recessive	1
GM1 gangliosidosis	Autosomal recessive	1303
GM1 gangliosidosis type 2	Autosomal recessive	613
GM1 gangliosidosis type 3	Autosomal recessive	613
GM1-gangliosidosis, type I, with cardiac involvement	Autosomal recessive	16
GM2-GANGLIOSIDOSIS, B1 VARIANT	Autosomal recessive	1
GM2-GANGLIOSIDOSIS, CHRONIC	Autosomal recessive	2
GM2-GANGLIOSIDOSIS, JUVENILE	Autosomal recessive	2
GM2-gangliosidosis, adult-onset	Autosomal recessive	1
GM2A-related condition	Autosomal recessive	1
GM3 synthase deficiency	Autosomal recessive	453
GMPPA-related disorder	Autosomal recessive	7
GMPPB-related disorder	Autosomal recessive	42
GNA11-related disorder	Autosomal dominant	8
GNAL-related disorder	Autosomal dominant	1
GNAO1-Related Neurodevelopmental Disorder	Autosomal dominant	1
GNAO1-related developmental delay-seizures-movement disorder spectrum	Autosomal dominant	1
GNAO1-related disorder	Autosomal dominant	5
GNAS-related disorder	Autosomal dominant	197
GNAT1-related disorder	Autosomal dominant	6
GNB1-related disorder	Autosomal dominant	2
GNB3 POLYMORPHISM	Autosomal recessive	1
GNB3-related condition	Autosomal recessive	1
GNB4-related disorder	Autosomal dominant	3
GNE myopathy	Autosomal recessive	1010
GNE-related disorder	Autosomal recessive	17
GNPAT-related disorder	Autosomal recessive	2
GNPTAB-Related Disorders	Autosomal recessive	51
GNPTAB-mucolipidosis	Autosomal recessive	27
GNPTG-mucolipidosis	Autosomal recessive	293
GNPTG-related disorder	Autosomal recessive	13
GNRHR-related disorder	Autosomal recessive	4
GNS-related disorder	Autosomal recessive	10
GORAB-related disorder	Autosomal recessive	3
GOSR2-related disorder	Autosomal recessive	2
GP1BA-related disorder	Autosomal dominant	11
GP1BB-related disorder	Autosomal recessive	2
GP6-related disorder	Autosomal recessive	1
GP9-related disorder	Autosomal recessive	5
GPC3-related disorder	Somatic mutation	28
GPC6-related disorder	Autosomal recessive	2
GPD1-related disorder	Autosomal recessive	2
GPD1L-related disorder	Autosomal recessive	1
GPHN-related disorder	Autosomal recessive	2
GPI-related disorder	Autosomal recessive	7
GPIHBP1-related disorder	Autosomal recessive	2
GPR143-related foveal hypoplasia	X-linked	1
GPR179-related disorder	Autosomal recessive	20
GPR89B-related condition	Autosomal recessive	1
GPSM2-related disorder	Autosomal recessive	7
GPT2-related disorder	Autosomal recessive	1
GPT2-related neurodevelopmental disorder	Autosomal recessive	1
GPX1 POLYMORPHISM	Autosomal recessive	1
GPX4-related disorder	Autosomal recessive	1
GRACILE syndrome	Autosomal recessive	217
GREM1-related disorder	Autosomal dominant	1
GRHL2-related disorder	Autosomal dominant	1
GRHL3-related disorder	Autosomal dominant	17
GRHPR-related disorder	Autosomal recessive	6
GRIA3-related disorder	X-linked recessive	1
GRID2-related disorder	Autosomal recessive	1
GRIN2A-Related Disorders	Autosomal dominant	1
GRIN2A-related complex neurodevelopmental disorder	Autosomal dominant	37
GRIN2B-related complex neurodevelopmental disorder	Autosomal dominant	1
GRIN2B-related disorder	Autosomal dominant	32
GRM6-related disorder	Autosomal recessive	3
GRN-related disorder	Autosomal dominant	43
GRN-related frontotemporal lobar degeneration with Tdp43 inclusions	Autosomal dominant	657
GROWTH HORMONE DEFICIENCY WITH PITUITARY ANOMALIES	Autosomal dominant	80
GRXCR1-related disorder	Autosomal recessive	3
GSDME-related disorder	Autosomal dominant	5
GSN-related disorder	Autosomal dominant	17
GSS-related disorder	Autosomal recessive	5
GTP cyclohydrolase I deficiency	Autosomal dominant	470
GTP cyclohydrolase I deficiency with hyperphenylalaninemia	Autosomal recessive	22
GTPBP3-related disorder	Autosomal recessive	2
GUCY2D retinopathy	Autosomal dominant	1
GUCY2D-related disorder	Autosomal recessive	29
GUCY2D-related recessive retinopathy	Autosomal recessive	57
GUF1-related disorder	Autosomal recessive	1
GUSB-related disorder	Autosomal recessive	17
GYG1-related disorder	Autosomal recessive	16
GYS1-related disorder	Autosomal recessive	21
GYS2-related disorder	Autosomal recessive	16
Gait ataxia	Autosomal dominant	10
Gait disturbance	Autosomal recessive	7
Gait imbalance	Autosomal recessive	6
Galactosemia	Autosomal recessive	197
Galactosemia III, severe	Autosomal recessive	1
Galactosylceramide beta-galactosidase deficiency	Autosomal recessive	1388
Gallbladder cancer	Autosomal dominant	14
Gallbladder disease 4	Autosomal recessive	17
Galloway-Mowat syndrome 1	Autosomal recessive	130
Galloway-Mowat syndrome 3	Autosomal dominant	1
Galloway-Mowat syndrome 7	Autosomal recessive	4
Gallstones	Autosomal recessive	1
Gamma-aminobutyric acid transaminase deficiency	Autosomal recessive	737
Gamma-glutamylcysteine synthetase deficiency	Autosomal recessive	34
Ganglioglioma	Autosomal dominant	1
Gardner syndrome	Autosomal dominant	20
Gastric adenocarcinoma	Autosomal dominant	1
Gastric adenocarcinoma and proximal polyposis of the stomach	Autosomal dominant	535
Gastric cancer	Autosomal dominant	1964
Gastric polyposis	Autosomal dominant	3
Gastroesophageal reflux	Autosomal recessive	6
Gastrointestinal carcinoma	Autosomal dominant	4
Gastrointestinal defect and immunodeficiency syndrome	Autosomal recessive	2
Gastrointestinal defects and immunodeficiency syndrome 1	Autosomal recessive	68
Gastrointestinal defects and immunodeficiency syndrome 2	Autosomal recessive	5
Gastrointestinal dysmotility	Autosomal recessive	3
Gastrointestinal polyposis	Autosomal dominant	4
Gastrointestinal stromal tumor	Autosomal dominant	11250
Gastrointestinal stromal tumor of small intestine	Autosomal dominant	2
Gastrointestinal stromal tumor, familial	Autosomal dominant	9
Gastrostomy tube feeding in infancy	X-linked dominant	1
Gaucher disease	Autosomal recessive	304
Gaucher disease due to saposin C deficiency	Autosomal recessive	282
Gaucher disease perinatal lethal	Autosomal recessive	279
Gaucher disease type I	Autosomal recessive	402
Gaucher disease type II	Autosomal recessive	327
Gaucher disease type III	Autosomal recessive	321
Gaucher disease-ophthalmoplegia-cardiovascular calcification syndrome	Autosomal recessive	312
Gaze palsy, familial horizontal, with progressive scoliosis 1	Autosomal recessive	151
Gaze palsy, familial horizontal, with progressive scoliosis, 2	Autosomal dominant	19
Gelatinous droplike corneal dystrophy	Autosomal recessive	56
Geleophysic dysplasia	Autosomal dominant	500
Geleophysic dysplasia 1	Autosomal recessive	163
Geleophysic dysplasia 2	Autosomal dominant	2245
Geleophysic dysplasia 3	Autosomal recessive	16
Gemcitabine response	?Autosomal dominant	1
Generalized cerebral atrophy/hypoplasia	Autosomal recessive	1
Generalized dominant dystrophic epidermolysis bullosa	Autosomal dominant	1430
Generalized dystonia	Autosomal dominant	7
Generalized epilepsy	Autosomal recessive	3
Generalized epilepsy with febrile seizures plus	Autosomal dominant	36
Generalized epilepsy with febrile seizures plus 3	Autosomal dominant	3
Generalized epilepsy with febrile seizures plus, type 1	Autosomal dominant	165
Generalized epilepsy with febrile seizures plus, type 10	Autosomal dominant	17
Generalized epilepsy with febrile seizures plus, type 2	Autosomal dominant	792
Generalized epilepsy with febrile seizures plus, type 7	Autosomal dominant	2969
Generalized epilepsy with febrile seizures plus, type 9	Autosomal dominant	364
Generalized epilepsy-paroxysmal dyskinesia syndrome	Autosomal dominant	1158
Generalized hyperreflexia	Autosomal recessive	4
Generalized hypopigmentation	Autosomal dominant	1
Generalized hypotonia	Autosomal recessive	22
Generalized joint hypermobility	Autosomal dominant	2
Generalized juvenile polyposis/juvenile polyposis coli	Autosomal dominant	468
Generalized muscle weakness	Autosomal recessive	5
Generalized myoclonic seizure	Autosomal recessive	5
Generalized non-motor (absence) seizure	Autosomal dominant	14
Generalized pustular psoriasis	Autosomal recessive	16
Generalized weakness of limb muscles	Autosomal recessive	1
Generalized-onset seizure	Autosomal recessive	1
Genetic developmental and epileptic encephalopathy	Autosomal dominant	14
Genetic hearing loss	Autosomal dominant	2
Genetic non-acquired premature ovarian failure	Autosomal dominant	14
Genetic syndrome with a Dandy-Walker malformation as major feature	Autosomal recessive	7
Genitopatellar syndrome	Autosomal dominant	1331
Genu valgum	Autosomal recessive	6
Genu varum	Autosomal dominant	9
Germ cell tumor of testis	Autosomal dominant	492
Geroderma osteodysplastica	Autosomal recessive	95
Gerstmann-Straussler-Scheinker syndrome	Autosomal dominant	85
Gestational diabetes	Autosomal dominant	6
Ghosal hematodiaphyseal dysplasia	Autosomal recessive	34
Giant axonal neuropathy	Autosomal recessive	1
Giant axonal neuropathy 1	Autosomal recessive	740
Giant axonal neuropathy 2	Autosomal dominant	7
Gigantism	Autosomal dominant	1
Gilbert syndrome	Autosomal recessive	311
Gilbert syndrome, susceptibility to	Autosomal recessive	4
Gillespie syndrome	Autosomal dominant	76
Gillessen-Kaesbach-Nishimura dysplasia	Autosomal recessive	1
Gillessen-Kaesbach-Nishimura syndrome	Autosomal recessive	77
Gingival overgrowth	Autosomal dominant	6
Glabellar hemangioma	Autosomal dominant	1
Glanzmann thrombasthenia	Autosomal recessive	82
Glanzmann thrombasthenia 1	Autosomal recessive	110
Glanzmann thrombasthenia 2	Autosomal dominant	6
Glaucoma	Autosomal dominant	47
Glaucoma 1, open angle, A	Autosomal dominant	78
Glaucoma 1, open angle, E	Autosomal dominant	359
Glaucoma 1, open angle, G	Autosomal recessive	1
Glaucoma 1, open angle, H	Autosomal dominant	2
Glaucoma 1, open angle, O	X-linked recessive	1
Glaucoma 1, open angle, P	Autosomal dominant	12
Glaucoma 3, primary congenital, D	Autosomal recessive	117
Glaucoma 3, primary congenital, E	Autosomal dominant	17
Glaucoma 3, primary infantile, B	Autosomal recessive	141
Glaucoma 3A	Autosomal recessive	222
Glaucoma of childhood	Autosomal recessive	1
Glaucoma, early-onset, digenic	Autosomal recessive	3
Glaucoma, normal tension, susceptibility to	Autosomal dominant	14
Glaucoma, primary open angle, juvenile-onset	Autosomal recessive	3
Glioblastoma	Autosomal dominant	1
Glioblastoma multiforme, somatic	Somatic mutation	1
Glioma	Autosomal dominant	3
Glioma susceptibility 1	Autosomal dominant	207
Glioma susceptibility 2	Autosomal dominant	298
Glioma susceptibility 3	Autosomal dominant	1351
Glipizide response	Autosomal dominant	1
Global brain atrophy	Autosomal recessive	2
Global developmental delay	Autosomal recessive	134
Global developmental delay - lung cysts - overgrowth - Wilms tumor syndrome	Autosomal dominant	194
Global proximal tubulopathy	Autosomal recessive	1
Glomerular sclerosis	Autosomal dominant	2
Glomerulonephritis	Autosomal dominant	5
Glomerulopathy	X-linked dominant	1
Glomerulopathy with fibronectin deposits 1	Autosomal dominant	1
Glomerulopathy with fibronectin deposits 2	Autosomal dominant	450
Glomuvenous malformation	Autosomal dominant	82
Glucocorticoid Deficiency	Autosomal recessive	7
Glucocorticoid deficiency 1	Autosomal recessive	133
Glucocorticoid deficiency 2	Autosomal recessive	36
Glucocorticoid deficiency 4	Autosomal recessive	35
Glucocorticoid deficiency with achalasia	Autosomal recessive	96
Glucocorticoid resistance	Autosomal dominant	194
Glucocorticoid-remediable aldosteronism	Autosomal recessive	457
Glucose intolerance	Autosomal dominant	2
Glucose-6-phosphate transport defect	Autosomal recessive	1106
Glutamate formiminotransferase deficiency	Autosomal recessive	296
Glutamate pyruvate transaminase 2 deficiency	Autosomal recessive	38
Glutaric acidaemia I newborn screening follow up	Autosomal recessive	2
Glutaric acidemia IIa	Autosomal recessive	5
Glutaric acidemia IIb	Autosomal recessive	2
Glutaric acidemia IIc	Autosomal recessive	10
Glutaric acidemia iic, late-onset	Autosomal recessive	3
Glutaric acidemia type 2A	Autosomal recessive	41
Glutaric acidemia type 2C	Autosomal recessive	118
Glutaric aciduria, type 1	Autosomal recessive	916
Glutaryl-CoA oxidase deficiency	Autosomal recessive	11
Glutathione synthetase deficiency with 5-oxoprolinuria	Autosomal recessive	324
Glutathione synthetase deficiency without 5-oxoprolinuria	Autosomal recessive	50
Gluthathione peroxidase deficiency	Autosomal recessive	30
Glycine N-methyltransferase deficiency	Autosomal recessive	5
Glycine encephalopathy	Autosomal recessive	204
Glycine encephalopathy 1	Autosomal recessive	264
Glycine encephalopathy 2	Autosomal recessive	20
Glycogen phosphorylase kinase deficiency	Autosomal recessive	14
Glycogen storage disease	Autosomal recessive	54
Glycogen storage disease IIIa	Autosomal recessive	14
Glycogen storage disease IIIb	Autosomal recessive	5
Glycogen storage disease IV, classic hepatic	Autosomal recessive	880
Glycogen storage disease IV, combined hepatic and myopathic	Autosomal recessive	1
Glycogen storage disease IV, nonprogressive hepatic	Autosomal recessive	4
Glycogen storage disease IXa1	X-linked recessive	433
Glycogen storage disease IXa2	X-linked recessive	6
Glycogen storage disease IXb	Autosomal recessive	1012
Glycogen storage disease IXc	Autosomal recessive	342
Glycogen storage disease IXd	X-linked recessive	568
Glycogen storage disease XV	Autosomal recessive	505
Glycogen storage disease due to acid maltase deficiency, late-onset	Autosomal recessive	17
Glycogen storage disease due to glucose-6-phosphatase deficiency type IA	Autosomal recessive	581
Glycogen storage disease due to glycogen branching enzyme deficiency, childhood neuromuscular form	Autosomal recessive	4
Glycogen storage disease due to glycogen branching enzyme deficiency, congenital neuromuscular form	Autosomal recessive	8
Glycogen storage disease due to glycogen branching enzyme deficiency, fatal perinatal neuromuscular form	Autosomal recessive	2
Glycogen storage disease due to lactate dehydrogenase M-subunit deficiency	Autosomal recessive	189
Glycogen storage disease due to muscle and heart glycogen synthase deficiency	Autosomal recessive	599
Glycogen storage disease due to muscle beta-enolase deficiency	Autosomal recessive	331
Glycogen storage disease due to phosphoglycerate kinase 1 deficiency	X-linked recessive	112
Glycogen storage disease type 1 due to SLC37A4 mutation	Autosomal recessive	4
Glycogen storage disease type III	Autosomal recessive	2802
Glycogen storage disease type IXc	Autosomal recessive	2
Glycogen storage disease type X	Autosomal recessive	157
Glycogen storage disease, type I	Autosomal recessive	25
Glycogen storage disease, type II	Autosomal recessive	2858
Glycogen storage disease, type IV	Autosomal recessive	1090
Glycogen storage disease, type V	Autosomal recessive	1474
Glycogen storage disease, type VI	Autosomal recessive	290
Glycogen storage disease, type VII	Autosomal recessive	957
Glycogen storage disorder due to hepatic glycogen synthase deficiency	Autosomal recessive	228
Glycoprotein storage disease	Autosomal recessive	1
Gm2-gangliosidosis, adult	Autosomal recessive	1
Gnathodiaphyseal dysplasia	Autosomal recessive	1193
Goldberg-Shprintzen syndrome	Autosomal recessive	69
Goldmann-Favre syndrome	Autosomal dominant	16
Gonadal dysgenesis	Autosomal recessive	1
Gonadotropin deficiency	Autosomal recessive	1
Gonadotropin-independent familial sexual precocity	Autosomal dominant	82
Gordon syndrome	Autosomal dominant	176
Gorham-Stout disease	Autosomal dominant	1
Gorlin syndrome	Autosomal dominant	1868
Gout	Autosomal dominant	2
Granulomatous disease, chronic, X-linked	X-linked recessive	676
Granulomatous disease, chronic, X-linked, variant	X-linked recessive	4
Granulomatous disease, chronic, autosomal recessive, cytochrome b-negative	Autosomal recessive	443
Granulomatous disease, chronic, autosomal recessive, cytochrome b-positive, type 1	Autosomal recessive	20
Granulomatous disease, chronic, autosomal recessive, cytochrome b-positive, type 2	Autosomal recessive	583
Granulomatous disease, chronic, autosomal recessive, cytochrome b-positive, type 3	Autosomal recessive	358
Graves disease, susceptibility to, 1	Autosomal dominant	1
Gray platelet syndrome	Autosomal recessive	294
Grebe syndrome	Autosomal recessive	146
Greek HPFH	Autosomal dominant	1
Greenberg dysplasia	Autosomal recessive	106
Greig cephalopolysyndactyly syndrome	Autosomal dominant	2469
Griscelli syndrome	Autosomal recessive	1
Griscelli syndrome type 1	Autosomal recessive	36
Griscelli syndrome type 2	Autosomal recessive	298
Griscelli syndrome type 3	Autosomal recessive	18
Groenouw corneal dystrophy type I	Autosomal dominant	41
Growth and developmental delay-hypotonia-vision impairment-lactic acidosis syndrome	Autosomal recessive	21
Growth delay	Autosomal dominant	17
Growth delay due to insulin-like growth factor I resistance	Autosomal dominant	493
Growth delay due to insulin-like growth factor type 1 deficiency	Autosomal recessive	127
Growth failure in early childhood	Autosomal recessive	4
Growth hormone insensitivity syndrome	Autosomal recessive	4
Growth hormone insensitivity with immune dysregulation 1, autosomal recessive	Autosomal recessive	1
Growth retardation, intellectual developmental disorder, hypotonia, and hepatopathy	Autosomal recessive	38
Guanidinoacetate Methyltransferase (GAMT) Deficiency	Autosomal recessive	1
Guillain-Barre syndrome, familial	Autosomal dominant	55
Guttmacher syndrome	Autosomal dominant	108
Gyrate atrophy of choroid and retina with pyridoxine-responsive ornithinemia	Autosomal recessive	2
H syndrome	Autosomal recessive	513
HABP2-related disorder	Autosomal dominant	2
HADH-related disorder	Autosomal recessive	17
HADHA-related disorder	Autosomal recessive	2
HADHB-related disorder	Autosomal recessive	1
HAIR MORPHOLOGY 1	Autosomal recessive	2
HAL-related disorder	Autosomal dominant	9
HAMP-related disorder	Autosomal recessive	1
HANAC-like syndrome	Autosomal dominant	3
HARS1-related ataxia condition	Autosomal recessive	1
HARS1-related disorder	Autosomal recessive	9
HARS1-related multi-system ataxia syndrome	Autosomal recessive	1
HARS2-related disorder	Autosomal recessive	2
HAX1-related disorder	Autosomal recessive	8
HBA1-related disorder	Autosomal dominant	3
HBA2-related alpha thalassemia spectrum	Autosomal dominant	6
HBA2-related disorder	Autosomal dominant	1
HBB-related disorder	Autosomal dominant	50
HBB-related hemoglobinopathies	Autosomal dominant	2
HBG1 POLYMORPHISM	Autosomal dominant	1
HCCS-related disorder	X-linked dominant	1
HCFC1-related disorder	X-linked recessive	32
HCN1-related disorder	Autosomal dominant	3
HCN2 related developmental and epileptic encephalopathy	Autosomal dominant	1
HCN4-related disorder	Autosomal dominant	12
HDAC4-related disorder	Autosomal dominant	1
HDAC8-related disorder	X-linked dominant	6
HECW2-related disorder	Autosomal dominant	2
HELLS-related disorder	Autosomal recessive	3
HEMIFACIAL MYOHYPERPLASIA, SOMATIC	Somatic mutation	1
HEMOGLOBIN A(2) YIALOUSA	Autosomal dominant	1
HEMOGLOBIN ADANA	Autosomal dominant	1
HEMOGLOBIN ARTA	Autosomal dominant	2
HEMOGLOBIN ATHENS-GEORGIA	Autosomal dominant	2
HEMOGLOBIN BEIRUT	Autosomal dominant	2
HEMOGLOBIN BEOGRAD	Autosomal dominant	2
HEMOGLOBIN BRESCIA	Autosomal dominant	2
HEMOGLOBIN C	Autosomal dominant	2
HEMOGLOBIN CHIBA	Autosomal dominant	1
HEMOGLOBIN CITY OF HOPE	Autosomal dominant	2
HEMOGLOBIN CLINICO-MADRID	Autosomal dominant	1
HEMOGLOBIN D (CAMPERDOWN)	Autosomal dominant	2
HEMOGLOBIN D (GRANADA)	Autosomal dominant	2
HEMOGLOBIN DETROIT	Autosomal dominant	2
HEMOGLOBIN DURHAM-N.C.	Autosomal dominant	2
HEMOGLOBIN EGYPT	Autosomal dominant	2
HEMOGLOBIN ERNZ	Autosomal dominant	2
HEMOGLOBIN F (BONAIRE)	Autosomal dominant	1
HEMOGLOBIN F (SARDINIA)	Autosomal dominant	1
HEMOGLOBIN F (TEXAS I)	Autosomal dominant	1
HEMOGLOBIN F (WOODSTOCK)	Autosomal dominant	1
HEMOGLOBIN HAMILTON	Autosomal dominant	2
HEMOGLOBIN HAMMERSMITH	Autosomal dominant	1
HEMOGLOBIN HASHARON	Autosomal dominant	1
HEMOGLOBIN HOFU	Autosomal dominant	2
HEMOGLOBIN INDIANAPOLIS	Autosomal dominant	1
HEMOGLOBIN KNOSSOS	Autosomal dominant	2
HEMOGLOBIN KOYA DORA	Autosomal dominant	1
HEMOGLOBIN L (FERRARA)	Autosomal dominant	1
HEMOGLOBIN LA DESIRADE	Autosomal dominant	2
HEMOGLOBIN O (ARAB)	Autosomal dominant	2
HEMOGLOBIN OLYMPIA	Autosomal dominant	2
HEMOGLOBIN PETAH TIKVA	Autosomal dominant	1
HEMOGLOBIN PLASENCIA	Autosomal dominant	1
HEMOGLOBIN ROCKFORD	Autosomal dominant	2
HEMOGLOBIN S	Autosomal dominant	2
HEMOGLOBIN SAKI	Autosomal dominant	2
HEMOGLOBIN SALLANCHES	Autosomal dominant	1
HEMOGLOBIN SEALY	Autosomal dominant	1
HEMOGLOBIN SHOWA-YAKUSHIJI	Autosomal recessive	1
HEMOGLOBIN SINAI	Autosomal dominant	1
HEMOGLOBIN ST. LOUIS	Autosomal dominant	1
HEMOGLOBIN SUN PRAIRIE	Autosomal dominant	1
HEMOGLOBIN TARRANT	Autosomal dominant	1
HEMOGLOBIN TAYBE	Autosomal dominant	1
HEMOGLOBIN TOYAMA	Autosomal dominant	1
HEMOGLOBIN TUNIS	Autosomal dominant	2
HEMOGLOBIN TUNIS-BIZERTE	Autosomal dominant	1
HEMOGLOBIN VALLETTA	Autosomal dominant	2
HEMOGLOBIN VILA REAL	Autosomal dominant	1
HEMOGLOBIN WESTMEAD	Autosomal dominant	1
HEPACAM-related disorder	Autosomal recessive	3
HERC1-related disorder	Autosomal recessive	9
HERC2-related disorder	Autosomal recessive	3
HESX1-Related Disorders	Autosomal dominant	2
HESX1-related disorder	Autosomal dominant	5
HEXA-related disorder	Autosomal recessive	19
HEXB POLYMORPHISM	Autosomal recessive	2
HEXB-related disorder	Autosomal recessive	8
HEXOSAMINIDASE B, HEAT-LABILE POLYMORPHISM	Autosomal recessive	1
HFE POLYMORPHISM	Autosomal recessive	2
HFE-related disorder	Autosomal dominant	9
HFM1-related disorder	Autosomal recessive	1
HGD-related disorder	Autosomal recessive	10
HGF-related disorder	Autosomal recessive	1
HGSNAT-related disorder	Autosomal recessive	36
HIBCH-related disorder	Autosomal recessive	6
HIKESHI-related disorder	Autosomal recessive	1
HINT1-related disorder	Autosomal recessive	2
HIVEP2-related disorder	Autosomal dominant	2
HK1-related disorder	Autosomal recessive	4
HLCS-related disorder	Autosomal recessive	6
HMBS-related disorder	Autosomal dominant	7
HMCN1-related disorder	Autosomal dominant	31
HMGCL-related disorder	Autosomal recessive	14
HNF1A-related disorder	Autosomal dominant	40
HNF1A-related disorders	Autosomal dominant	2
HNF1B-related disorder	Autosomal dominant	49
HNF1B-related renal cysts and diabetes syndrome	Autosomal dominant	1
HNF4A-related disorder	Autosomal dominant	36
HNMT-related disorder	Autosomal dominant	1
HNRNPDL-related disorder	Autosomal dominant	7
HNRNPDL-related myopathy with protein aggregates and rimmed vacuoles	Autosomal dominant	1
HNRNPK-related disorder	Autosomal dominant	1
HNSHA due to aldolase A deficiency	Autosomal recessive	266
HOXA11-related disorder	Autosomal dominant	1
HOXA13-related disorder	Autosomal dominant	8
HOXA2-related disorder	Autosomal dominant	2
HOXB1-related disorder	Autosomal recessive	1
HOXB13-Related Cancer Predisposition	Autosomal dominant	1
HOXB13-related disorder	Autosomal dominant	4
HOXD10-related disorder	Autosomal dominant	1
HOXD13-related disorder	Autosomal dominant	6
HPD-related disorder	Autosomal recessive	8
HPGD-related disorder	Autosomal recessive	4
HPRT ANN ARBOR	X-linked recessive	1
HPRT ARLINGTON	X-linked recessive	2
HPRT ASHVILLE	X-linked recessive	1
HPRT CHERMSIDE	X-linked recessive	2
HPRT CHICAGO	X-linked recessive	1
HPRT COORPAROO	X-linked recessive	1
HPRT DETROIT	X-linked recessive	1
HPRT EDINBURGH	X-linked recessive	2
HPRT EVANSVILLE	X-linked recessive	1
HPRT FLINT	X-linked recessive	1
HPRT FUJIMI	X-linked recessive	2
HPRT LONDON	X-linked recessive	2
HPRT MICHIGAN	X-linked recessive	1
HPRT MIDLAND	X-linked recessive	1
HPRT MILWAUKEE	X-linked recessive	2
HPRT MOOSE JAW	X-linked recessive	1
HPRT MUNICH	X-linked recessive	1
HPRT NEW BRITON	X-linked recessive	1
HPRT NEW HAVEN	X-linked recessive	2
HPRT PARIS	X-linked recessive	1
HPRT SWAN	X-linked recessive	1
HPRT TOKYO	X-linked recessive	2
HPRT TOOWONG	X-linked recessive	1
HPRT TORONTO	X-linked recessive	1
HPRT URANGAN	X-linked recessive	1
HPRT YALE	X-linked recessive	1
HPRT1-related disorder	X-linked recessive	10
HPS1-related disorder	Autosomal recessive	25
HPSE2-related disorder	Autosomal recessive	5
HR-related disorder	Autosomal recessive	16
HRAS-related disorder	Autosomal dominant	42
HRG-related disorder	Autosomal dominant	2
HS6ST1-related disorder	Autosomal dominant	1
HSD10 mitochondrial disease	X-linked dominant	31
HSD11B2-related disorder	Autosomal recessive	2
HSD17B3-related disorder	Autosomal recessive	4
HSD17B4-related disorder	Autosomal recessive	63
HSD3B2-related disorder	Autosomal recessive	11
HSD3B7-related disorder	Autosomal recessive	4
HSF4-related disorder	Autosomal dominant	10
HSPA1L-related disorder	Multifactorial	2
HSPA9-related disorder	Autosomal recessive	1
HSPB1-related axonal neuropathies	Autosomal dominant	4
HSPB1-related disorder	Autosomal dominant	12
HSPB8-related disorder	Autosomal dominant	2
HSPB8-related neuromuscular disorder	Autosomal dominant	1
HSPD1-related disorder	Autosomal dominant	2
HSPG2-related disorder	Autosomal recessive	67
HTRA1-related autosomal dominant cerebral small vessel disease	Autosomal dominant	1
HTRA1-related cerebral small vessel disease	Autosomal recessive	3
HTRA1-related disorder	Autosomal recessive	3
HUMAN IMMUNODEFICIENCY VIRUS DEMENTIA, SUSCEPTIBILITY TO	Autosomal dominant	1
HYAL1-related disorder	Autosomal recessive	8
HYCC1-related disorder	Autosomal recessive	8
HYDIN-related disorder	Autosomal recessive	1
HYLS1-related disorder	Autosomal recessive	1
HYPERHOMOCYSTEINEMIA, THROMBOTIC, CBS-RELATED	Autosomal recessive	271
HYPERLYSINEMIA, TYPE I	Autosomal recessive	2
HYPERTENSION, DIASTOLIC, RESISTANCE TO	Autosomal dominant	2
HYPOGONADOTROPIC HYPOGONADISM 15 WITH OR WITHOUT ANOSMIA, SUSCEPTIBILITY TO	Autosomal dominant	1
HYPOGONADOTROPIC HYPOGONADISM 26 WITH ANOSMIA	Autosomal dominant	1
HYPOGONADOTROPIC HYPOGONADISM 3 WITHOUT ANOSMIA	Autosomal dominant	2
Haddad syndrome	Autosomal dominant	15
Haemorrhagic telangiectasia 1	Autosomal dominant	7
Haemorrhagic telangiectasia 2	Autosomal dominant	4
Haim-Munk syndrome	Autosomal recessive	894
Hair morphology 1, hair thickness	Autosomal recessive	1
Hajdu-Cheney syndrome	Autosomal dominant	1968
Hamartoma	Autosomal dominant	10
Hammertoe	Autosomal recessive	5
Hand muscle atrophy	Autosomal dominant	3
Hand tremor	Autosomal dominant	5
Hand-foot-genital syndrome	Autosomal dominant	119
Handgrip myotonia	Autosomal dominant	1
Harderoporphyria	Autosomal dominant	6
Hartsfield-Bixler-Demyer syndrome	Autosomal dominant	893
Hashimoto thyroiditis	Autosomal dominant	15
Hashimoto thyroiditis, susceptibility to	Autosomal dominant	1
Hawkinsinuria	Autosomal dominant	359
Hb D-Los Angeles	Autosomal dominant	2
Hb SS disease	Autosomal dominant	219
Headache	Autosomal recessive	7
Hearing impairment	Autosomal dominant	244
Hearing loss	Autosomal dominant	148
Hearing loss and Retinal dystrophy	Autosomal recessive	2
Hearing loss, X-linked 1	X-linked recessive	80
Hearing loss, X-linked 4	X-linked dominant	21
Hearing loss, X-linked 6	X-linked recessive	65
Hearing loss, autosomal dominant 34, with or without inflammation	Autosomal dominant	328
Hearing loss, autosomal dominant 37	Autosomal dominant	115
Hearing loss, autosomal dominant 71	Autosomal recessive	19
Hearing loss, autosomal dominant 73	Autosomal recessive	19
Hearing loss, autosomal dominant 80	Autosomal recessive	2
Hearing loss, autosomal dominant 81	Autosomal recessive	3
Hearing loss, autosomal dominant 82	Autosomal recessive	1
Hearing loss, autosomal dominant 84	Autosomal dominant	1
Hearing loss, autosomal dominant 90	Autosomal recessive	3
Hearing loss, autosomal recessive	Autosomal recessive	178
Hearing loss, autosomal recessive 106	Autosomal recessive	1
Hearing loss, autosomal recessive 109	Autosomal recessive	1
Hearing loss, autosomal recessive 110	Autosomal dominant	6
Hearing loss, autosomal recessive 113	Autosomal dominant	5
Hearing loss, autosomal recessive 116	Autosomal recessive	1
Hearing loss, autosomal recessive 57	Autosomal recessive	31
Hearing loss, autosomal recessive 94	Autosomal recessive	7
Heart and brain malformation syndrome	Autosomal recessive	11
Heart block	Autosomal dominant	2
Heart defect - tongue hamartoma - polysyndactyly syndrome	Autosomal recessive	336
Heart disease	Autosomal dominant	5
Heart failure	Autosomal dominant	24
Heart-hand syndrome, Slovenian type	Autosomal dominant	1340
Hecht syndrome	Autosomal dominant	124
Heimler syndrome 1	Autosomal recessive	403
Heimler syndrome 2	Autosomal recessive	186
Heinz body anemia	Autosomal dominant	285
Helicobacter pylori infection, susceptibility to	Autosomal recessive	8
Helicoid peripapillary chorioretinal degeneration	Autosomal dominant	7
Hemangioma	Autosomal recessive	2
Hematologic neoplasm	Autosomal dominant	4
Hematuria	Autosomal recessive	29
Hematuria, benign familial, 1	Autosomal dominant	564
Hematuria, benign familial, 2	Autosomal dominant	448
Hemifacial myohyperplasia	Autosomal dominant	28
Hemihypertrophy	Autosomal dominant	3
Hemiparesis	Autosomal recessive	2
Hemiplegia	Autosomal dominant	13
Hemivertebrae	Autosomal dominant	3
Hemochromatosis type 1	Autosomal recessive	86
Hemochromatosis type 2A	Autosomal recessive	2
Hemochromatosis type 2B	Autosomal recessive	1
Hemochromatosis type 3	Autosomal recessive	2
Hemochromatosis type 4	Autosomal recessive	1
Hemochromatosis type 5	Autosomal dominant	23
Hemochromatosis, type 2a, modifier of	Autosomal recessive	1
Hemoglobin D disease	Autosomal dominant	2
Hemoglobin E	Autosomal recessive	15
Hemoglobin E disease	Autosomal dominant	2
Hemoglobin E/beta thalassemia disease	Autosomal dominant	2
Hemoglobin E/beta- thalassemia	Autosomal dominant	4
Hemoglobin H disease	Autosomal dominant	52
Hemoglobin H disease, nondeletional	Autosomal dominant	7
Hemoglobin Quong Sze	Autosomal dominant	1
Hemoglobin constant spring	Autosomal dominant	1
Hemoglobin, high altitude adaptation	Autosomal dominant	24
Hemoglobinopathy	Autosomal dominant	29
Hemolytic anemia	Autosomal dominant	273
Hemolytic anemia due to adenylate kinase deficiency	Autosomal recessive	51
Hemolytic anemia due to erythrocyte adenosine deaminase overproduction	X-linked recessive	21
Hemolytic anemia due to glucophosphate isomerase deficiency	Autosomal recessive	123
Hemolytic anemia due to hexokinase deficiency	Autosomal recessive	40
Hemolytic anemia due to pyrimidine 5' nucleotidase deficiency	Autosomal recessive	58
Hemolytic anemia, G6PD deficient (favism)	X-linked recessive	1
Hemolytic uremic syndrome, atypical, susceptibility to, 1	Autosomal dominant	936
Hemolytic uremic syndrome, atypical, susceptibility to, 7	Autosomal recessive	1
Hemophagocytic lymphohistiocytosis, familial, 2, susceptibility to	Autosomal recessive	1
Hemophagocytosis	Autosomal dominant	1
Hemophilia B leyden	X-linked recessive	2
Hemophilia b(m)	X-linked recessive	1
Hemorrhage	Autosomal dominant	5
Hemorrhage, intracerebral, susceptibility to	Autosomal dominant	926
Hemorrhagic disease due to alpha-1-antitrypsin Pittsburgh mutation	Autosomal recessive	1
Hennekam lymphangiectasia-lymphedema syndrome	Autosomal recessive	1
Hennekam lymphangiectasia-lymphedema syndrome 1	Autosomal recessive	227
Hennekam lymphangiectasia-lymphedema syndrome 2	Autosomal recessive	1186
Heparin cofactor II deficiency	Autosomal dominant	16
Hepatic adenomas, familial	Autosomal dominant	297
Hepatic cysts	Autosomal dominant	1
Hepatic methionine adenosyltransferase deficiency	Autosomal dominant	363
Hepatic steatosis	Autosomal recessive	1
Hepatic veno-occlusive disease-immunodeficiency syndrome	Autosomal recessive	501
Hepatitis B virus, susceptibility to	Autosomal recessive	14
Hepatitis C virus, susceptibility to	Autosomal recessive	8
Hepatoblastoma	Autosomal dominant	41
Hepatocellular carcinoma	Autosomal dominant	931
Hepatoencephalopathy due to combined oxidative phosphorylation defect type 1	Autosomal recessive	326
Hepatoerythropoietic porphyria	Autosomal dominant	1
Hepatomegaly	Autosomal dominant	1
Hepatosplenomegaly	Autosomal dominant	4
Hereditary C1 esterase inhibitor deficiency - dysfunctional factor	Autosomal dominant	3
Hereditary acrodermatitis enteropathica	Autosomal recessive	279
Hereditary amyloidosis	Autosomal dominant	4
Hereditary angioedema type 1	Autosomal dominant	334
Hereditary angioedema type 3	Autosomal dominant	58
Hereditary angioedema types I and II	Autosomal dominant	1
Hereditary angioedema with C1Inh deficiency	Autosomal dominant	4
Hereditary angioedema with normal C1Inh	Autosomal recessive	2
Hereditary angioneurotic edema	Autosomal recessive	2
Hereditary antithrombin deficiency	Autosomal dominant	393
Hereditary arterial and articular multiple calcification syndrome	Autosomal recessive	7
Hereditary ataxia	Autosomal dominant	40
Hereditary attention deficit-hyperactivity disorder	Autosomal dominant	21
Hereditary breast ovarian cancer syndrome	Autosomal dominant	12361
Hereditary cancer	Autosomal dominant	269
Hereditary cancer-predisposing syndrome	Autosomal dominant	89511
Hereditary cavernous hemangioma of brain	Autosomal dominant	3
Hereditary cerebral amyloid angiopathy, Icelandic type	Autosomal dominant	7
Hereditary cerebral hemorrhage with amyloidosis	Autosomal dominant	1
Hereditary coproporphyria	Autosomal dominant	110
Hereditary cryohydrocytosis with reduced stomatin	Autosomal dominant	830
Hereditary diffuse gastric adenocarcinoma	Autosomal dominant	5031
Hereditary diffuse leukoencephalopathy with spheroids	Autosomal dominant	13
Hereditary disease	Autosomal recessive	2
Hereditary disorder of connective tissue	Autosomal dominant	1
Hereditary episodic ataxia	Autosomal dominant	11
Hereditary factor I deficiency disease	Autosomal recessive	1
Hereditary factor IX deficiency disease	X-linked recessive	660
Hereditary factor VIII deficiency disease	X-linked recessive	792
Hereditary factor X deficiency disease	Autosomal recessive	74
Hereditary factor XIII deficiency disease	Autosomal recessive	2
Hereditary fructosuria	Autosomal recessive	513
Hereditary glaucoma, primary closed-angle	Autosomal recessive	27
Hereditary hemochromatosis	Autosomal recessive	37
Hereditary hemolytic uremic syndrome	Autosomal dominant	1
Hereditary hemorrhagic telangiectasia	Autosomal dominant	280
Hereditary hypercarotenemia and vitamin A deficiency	Autosomal dominant	4
Hereditary hyperekplexia	Autosomal dominant	60
Hereditary hyperferritinemia with congenital cataracts	Autosomal dominant	331
Hereditary hyperinsulinism	Autosomal dominant	421
Hereditary hypotrichosis with recurrent skin vesicles	Autosomal recessive	7
Hereditary inclusion body myopathy-joint contractures-ophthalmoplegia syndrome	Autosomal dominant	1
Hereditary inclusion-body myopathy	Autosomal recessive	2
Hereditary insensitivity to pain with anhidrosis	Autosomal recessive	1377
Hereditary intrinsic factor deficiency	Autosomal recessive	135
Hereditary leiomyomatosis and renal cell cancer	Autosomal dominant	567
Hereditary liability to pressure palsies	Autosomal dominant	115
Hereditary lymphedema type I	Autosomal dominant	75
Hereditary macular dystrophy	Autosomal recessive	9
Hereditary methemoglobinemia	Autosomal recessive	1
Hereditary mixed polyposis syndrome	Autosomal dominant	1
Hereditary motor and sensory neuropathy	Autosomal dominant	4
Hereditary motor and sensory neuropathy with optic atrophy	Autosomal dominant	27
Hereditary motor and sensory neuropathy, Okinawa type	Autosomal dominant	371
Hereditary motor neuron disease	Autosomal dominant	17
Hereditary mucoepithelial dysplasia	X-linked recessive	1
Hereditary myopathy with lactic acidosis due to ISCU deficiency	Autosomal recessive	14
Hereditary neuropathy or pain disorder	Autosomal dominant	8
Hereditary neutrophilia	Autosomal recessive	10
Hereditary nonpolyposis colon cancer	Autosomal dominant	442
Hereditary nonpolyposis colorectal carcinoma	Autosomal dominant	7
Hereditary nonpolyposis colorectal neoplasms	Autosomal dominant	5125
Hereditary orotic aciduria	Autosomal recessive	7
Hereditary orotic aciduria, type 1	Autosomal recessive	3
Hereditary palmoplantar keratoderma	Autosomal dominant	22
Hereditary pancreatitis	Autosomal dominant	3566
Hereditary papillary renal cell carcinoma	Autosomal recessive	4
Hereditary peripheral neuropathy	Autosomal dominant	1
Hereditary persistence of fetal hemoglobin	Autosomal dominant	245
Hereditary persistence of fetal hemoglobin-beta-thalassemia syndrome	Autosomal dominant	1
Hereditary pheochromocytoma and paraganglioma	Autosomal dominant	1495
Hereditary pulmonary alveolar proteinosis	Autosomal recessive	170
Hereditary renal cell carcinoma	Autosomal recessive	1
Hereditary retinoblastoma	Somatic mutation	52
Hereditary sclerosing poikiloderma with tendon and pulmonary involvement	Autosomal dominant	21
Hereditary sensorimotor neuropathy with hyperelastic skin	Autosomal recessive	1
Hereditary sensory and autonomic neuropathy	Autosomal recessive	5
Hereditary sensory and autonomic neuropathy type 1	Autosomal dominant	32
Hereditary sensory and autonomic neuropathy type 2	Autosomal recessive	5
Hereditary sensory and autonomic neuropathy type 6	Autosomal recessive	6772
Hereditary sensory and autonomic neuropathy type 7	Autosomal dominant	2746
Hereditary sensory and autonomic neuropathy with spastic paraplegia	Autosomal recessive	309
Hereditary sensory neuropathy-deafness-dementia syndrome	Autosomal dominant	1485
Hereditary site-specific ovarian cancer syndrome	Autosomal recessive	2
Hereditary skeletal muscle disorder	Autosomal recessive	10
Hereditary skin disorder	Autosomal dominant	4
Hereditary sodium channelopathy-related small fibers neuropathy	Autosomal dominant	1
Hereditary spastic paraplegia	Autosomal recessive	1393
Hereditary spastic paraplegia 10	Autosomal dominant	148
Hereditary spastic paraplegia 11	Autosomal recessive	3821
Hereditary spastic paraplegia 12	Autosomal dominant	36
Hereditary spastic paraplegia 13	Autosomal dominant	50
Hereditary spastic paraplegia 15	Autosomal recessive	482
Hereditary spastic paraplegia 17	Autosomal recessive	195
Hereditary spastic paraplegia 2	X-linked recessive	276
Hereditary spastic paraplegia 23	Autosomal recessive	12
Hereditary spastic paraplegia 26	Autosomal recessive	23
Hereditary spastic paraplegia 28	Autosomal recessive	395
Hereditary spastic paraplegia 30	Autosomal recessive	2703
Hereditary spastic paraplegia 31	Autosomal dominant	364
Hereditary spastic paraplegia 33	Autosomal dominant	78
Hereditary spastic paraplegia 35	Autosomal recessive	140
Hereditary spastic paraplegia 39	Autosomal recessive	1354
Hereditary spastic paraplegia 3A	Autosomal dominant	569
Hereditary spastic paraplegia 4	Autosomal dominant	1124
Hereditary spastic paraplegia 42	Autosomal dominant	11
Hereditary spastic paraplegia 43	Autosomal recessive	171
Hereditary spastic paraplegia 44	Autosomal recessive	28
Hereditary spastic paraplegia 45	Autosomal recessive	194
Hereditary spastic paraplegia 46	Autosomal recessive	49
Hereditary spastic paraplegia 47	Autosomal recessive	332
Hereditary spastic paraplegia 48	Autosomal recessive	897
Hereditary spastic paraplegia 49	Autosomal recessive	1334
Hereditary spastic paraplegia 50	Autosomal recessive	357
Hereditary spastic paraplegia 51	Autosomal recessive	42
Hereditary spastic paraplegia 52	Autosomal recessive	24
Hereditary spastic paraplegia 53	Autosomal recessive	155
Hereditary spastic paraplegia 54	Autosomal recessive	255
Hereditary spastic paraplegia 55	Autosomal recessive	17
Hereditary spastic paraplegia 56	Autosomal recessive	49
Hereditary spastic paraplegia 57	Autosomal recessive	370
Hereditary spastic paraplegia 5A	Autosomal recessive	124
Hereditary spastic paraplegia 6	Autosomal dominant	288
Hereditary spastic paraplegia 61	Autosomal recessive	62
Hereditary spastic paraplegia 62	Autosomal recessive	109
Hereditary spastic paraplegia 63	Autosomal recessive	749
Hereditary spastic paraplegia 64	Autosomal recessive	168
Hereditary spastic paraplegia 7	Autosomal dominant	872
Hereditary spastic paraplegia 72	Autosomal dominant	113
Hereditary spastic paraplegia 73	Autosomal dominant	332
Hereditary spastic paraplegia 74	Autosomal recessive	414
Hereditary spastic paraplegia 75	Autosomal recessive	271
Hereditary spastic paraplegia 77	Autosomal recessive	40
Hereditary spastic paraplegia 8	Autosomal dominant	464
Hereditary spastic paraplegia 9A	Autosomal dominant	76
Hereditary spherocytosis	Autosomal dominant	4
Hereditary spherocytosis type 1	Autosomal dominant	870
Hereditary spherocytosis type 2	Autosomal dominant	177
Hereditary spherocytosis type 3	Autosomal recessive	581
Hereditary spherocytosis type 4	Autosomal dominant	881
Hereditary syndromic Pierre Robin syndrome	Autosomal dominant	1
Hereditary thrombocytopenia and hematologic cancer predisposition syndrome	Autosomal dominant	1402
Hereditary thrombocytopenia and hematological cancer predisposition syndrome associated with RUNX1	Autosomal dominant	1514
Hereditary thrombophilia due to congenital histidine-rich (poly-L) glycoprotein deficiency	Autosomal dominant	17
Hereditary thrombophilia due to congenital protein C deficiency	Autosomal recessive	3
Hereditary thrombophilia due to congenital protein S deficiency	Autosomal recessive	2
Hereditary von Willebrand disease	Autosomal dominant	164
Hereditary xanthinuria type 1	Autosomal recessive	648
Heritable Thoracic Aortic Disease	Autosomal dominant	7
Heritable pulmonary arterial hypertension	Autosomal dominant	1
Heritable thoracic aortic disease without juvenile polyposis and hereditary hemorrhagic telangiectasia	Autosomal dominant	1
Hermansky-Pudlak syndrome	Autosomal recessive	101
Hermansky-Pudlak syndrome 1	Autosomal recessive	383
Hermansky-Pudlak syndrome 10	Autosomal recessive	15
Hermansky-Pudlak syndrome 2	Autosomal recessive	835
Hermansky-Pudlak syndrome 3	Autosomal recessive	8
Hermansky-Pudlak syndrome 7	Autosomal recessive	13
Hermansky-Pudlak syndrome 9	Autosomal recessive	179
Hernia, anterior diaphragmatic	X-linked dominant	1
Herpes simplex encephalitis, susceptibility to, 1	Autosomal dominant	2
Heterochromia iridis	Autosomal dominant	1
Heterotaxy	Autosomal recessive	3
Heterotaxy, visceral, 1, X-linked	X-linked recessive	141
Heterotaxy, visceral, 2, autosomal	Autosomal dominant	10
Heterotaxy, visceral, 5, autosomal	Autosomal dominant	130
Heterotaxy, visceral, 6, autosomal	Autosomal recessive	78
Heterotaxy, visceral, 7, autosomal	Autosomal recessive	32
Heterotopia, periventricular, X-linked dominant	X-linked dominant	9557
Hexosaminidase B (Paris)	Autosomal recessive	1
Heyn-Sproul-Jackson syndrome	Autosomal dominant	20
Hidrotic ectodermal dysplasia syndrome	Autosomal dominant	223
High anterior hairline	Autosomal dominant	1
High density lipoprotein cholesterol level quantitative trait locus 10	Autosomal dominant	1
High density lipoprotein cholesterol level quantitative trait locus 11	Autosomal recessive	1
High density lipoprotein cholesterol level quantitative trait locus 12	Autosomal dominant	11
High density lipoprotein cholesterol level quantitative trait locus 7	Autosomal recessive	1
High forehead	Autosomal dominant	5
High grade surface osteosarcoma	Autosomal recessive	3
High molecular weight kininogen deficiency	Autosomal recessive	9
High myopia	Autosomal dominant	13
High myopia, early-onset	Autosomal recessive	4
High myopia-sensorineural deafness syndrome	Autosomal recessive	11
High palate	Autosomal dominant	18
High, narrow palate	Autosomal dominant	1
High-frequency hearing impairment	Digenic recessive	1
High-grade astrocytoma with piloid features	Autosomal dominant	1
Highly elevated creatine kinase	?Autosomal dominant	1
Hip contracture	Autosomal dominant	1
Hip dysplasia, Beukes type	Autosomal dominant	9
Hip flexor weakness	Autosomal dominant	2
Hirschsprung disease, cardiac defects, and autonomic dysfunction	Multifactorial	1
Hirschsprung disease, protection against	Autosomal dominant	3
Hirschsprung disease, susceptibility to, 1	Autosomal dominant	2206
Hirschsprung disease, susceptibility to, 2	Autosomal recessive	91
Hirschsprung disease, susceptibility to, 4	Autosomal dominant	7
Hirschsprung disease-intellectual disability syndrome, late infantile	Autosomal dominant	1
Hirsutism	X-linked dominant	3
Histidinemia	Autosomal dominant	107
Histiocytic medullary reticulosis	Autosomal recessive	1284
Histiocytoid cardiomyopathy	Mitochondrial	4
History of neonatal hypotonia	Autosomal dominant	2
History of neurodevelopmental disorder	X-linked recessive	75
Holocarboxylase synthetase deficiency	Autosomal recessive	954
Holoprosencephaly 1	Autosomal dominant	11
Holoprosencephaly 11	Autosomal dominant	475
Holoprosencephaly 13, X-linked	X-linked recessive	1
Holoprosencephaly 2	Autosomal dominant	157
Holoprosencephaly 3	Autosomal dominant	440
Holoprosencephaly 4	Autosomal dominant	88
Holoprosencephaly 5	Autosomal dominant	398
Holoprosencephaly 7	Autosomal dominant	405
Holoprosencephaly 9	Autosomal dominant	1338
Holoprosencephaly sequence	Autosomal dominant	48
Holoprosencephaly spectrum disorder	Autosomal dominant	1
Holt-Oram syndrome	Autosomal dominant	277
Homocysteine level elevated	Autosomal recessive	1
Homocystinuria	Autosomal recessive	69
Homocystinuria due to methylene tetrahydrofolate reductase deficiency	Autosomal recessive	913
Homocystinuria without methylmalonic aciduria	Autosomal recessive	2
Homocystinuria, pyridoxine-nonresponsive	Autosomal recessive	3
Homocystinuria, pyridoxine-responsive	Autosomal recessive	10
Homocystinuria-megaloblastic anemia cblD type	Autosomal recessive	3
Homozygous familial hypercholesterolemia	Autosomal dominant	121
Horizontal nystagmus	Autosomal recessive	4
Houge-Janssens syndrome 1	Autosomal dominant	62
Houge-Janssens syndrome 2	Autosomal dominant	49
Houge-Janssens syndrome 4	Autosomal recessive	1
Hoyeraal-Hreidarsson syndrome	Autosomal dominant	5
Humeral cortical thickening	Autosomal dominant	1
Huntington disease	Autosomal dominant	16
Huntington disease-like 1	Autosomal dominant	166
Huntington disease-like 2	Autosomal dominant	4
Huntington disease-like syndrome	Autosomal dominant	1
Huppke-Brendel syndrome	Autosomal recessive	16
Hurler syndrome	Autosomal recessive	496
Hutchinson-Gilford progeria syndrome, atypical	Autosomal dominant	3
Hutchinson-Gilford progeria syndrome, childhood-onset	Autosomal dominant	1
Hutchinson-Gilford syndrome	Autosomal dominant	1465
Hyaline body myopathy	Autosomal dominant	5
Hyaline fibromatosis syndrome	Autosomal recessive	185
Hydatidiform mole	Autosomal recessive	6
Hydatidiform mole, recurrent, 1	Autosomal recessive	217
Hydatidiform mole, recurrent, 2	Autosomal recessive	5
Hydranencephaly	Autosomal recessive	1
Hydrocephalus	Autosomal dominant	10
Hydrocephalus, congenital, 3, with brain anomalies	Autosomal recessive	31
Hydrocephalus, nonsyndromic, autosomal recessive 1	Autosomal recessive	109
Hydrocephalus, nonsyndromic, autosomal recessive 2	Autosomal recessive	102
Hydrolethalus syndrome	Autosomal recessive	12
Hydrolethalus syndrome 1	Autosomal recessive	24
Hydrolethalus syndrome 2	Autosomal recessive	935
Hydronephrosis	X-linked dominant	3
Hydrops fetalis	Autosomal recessive	3
Hydrops-lactic acidosis-sideroblastic anemia-multisystemic failure syndrome	Autosomal recessive	44
Hydroureter	Autosomal dominant	2
Hydroxykynureninuria	Autosomal recessive	8
Hyper-IgE recurrent infection syndrome 1, autosomal dominant	Autosomal dominant	778
Hyper-IgE recurrent infection syndrome 3, autosomal recessive	Autosomal recessive	18
Hyper-IgE recurrent infection syndrome 4A, autosomal dominant	Autosomal dominant	1
Hyper-IgE syndrome	Autosomal recessive	3
Hyper-IgM syndrome type 1	X-linked recessive	280
Hyper-IgM syndrome type 2	Autosomal recessive	277
Hyper-IgM syndrome type 3	Autosomal recessive	42
Hyper-IgM syndrome type 5	Autosomal recessive	272
Hyperactivity	Autosomal dominant	6
Hyperaldosteronism, familial, type IV	Autosomal dominant	3642
Hyperalphalipoproteinemia 1	Autosomal dominant	67
Hyperammonemia	X-linked recessive	3
Hyperammonemia, type III	Autosomal recessive	638
Hyperammonemic encephalopathy due to carbonic anhydrase VA deficiency	Autosomal recessive	170
Hyperandrogenism, nonclassic type, due to 21-hydroxylase deficiency	Autosomal recessive	1
Hyperbilirubinemia	Autosomal recessive	28
Hyperbiliverdinemia	Autosomal dominant	7
Hypercalcemia	Autosomal dominant	5
Hypercalcemia, infantile, 1	Autosomal recessive	238
Hypercalcemia, infantile, 2	Autosomal recessive	342
Hypercalciuria	Autosomal recessive	1
Hypercholanemia, familial 1	Autosomal recessive	29
Hypercholesterolemia	Autosomal dominant	61
Hypercholesterolemia, autosomal dominant, 3	Autosomal dominant	97
Hypercholesterolemia, autosomal dominant, type B	Autosomal dominant	3450
Hypercholesterolemia, familial, 1	Autosomal dominant	3541
Hypercholesterolemia, familial, 4	Autosomal dominant	3
Hypercoagulability syndrome due to glycosylphosphatidylinositol deficiency	Autosomal recessive	102
Hyperechogenic kidneys	Autosomal dominant	7
Hyperekplexia	Autosomal dominant	1
Hyperekplexia 1	Autosomal dominant	106
Hyperekplexia 3	Autosomal dominant	765
Hypereosinophilic syndrome, idiopathic, resistant to imatinib	Autosomal dominant	1
Hyperextensibility at elbow	Autosomal recessive	6
Hyperextensibility of the finger joints	Autosomal recessive	6
Hyperextensible hand joints	Autosomal recessive	6
Hyperextensible skin	Autosomal dominant	2
Hyperglycemia	Autosomal dominant	1
Hyperglycinuria	Autosomal dominant	233
Hyperhomocysteinemia	Autosomal recessive	1
Hyperimmunoglobulin D with periodic fever	Autosomal recessive	1271
Hyperinsulinemia	Autosomal dominant	17
Hyperinsulinemic hypoglycemia	Autosomal recessive	104
Hyperinsulinemic hypoglycemia, familial, 1	Autosomal dominant	1561
Hyperinsulinemic hypoglycemia, familial, 2	Autosomal dominant	262
Hyperinsulinemic hypoglycemia, familial, 3	Autosomal dominant	460
Hyperinsulinemic hypoglycemia, familial, 4	Autosomal recessive	125
Hyperinsulinism due to HNF1A deficiency	Autosomal dominant	1
Hyperinsulinism due to HNF4A deficiency	Autosomal dominant	6
Hyperinsulinism due to INSR deficiency	Autosomal recessive	98
Hyperinsulinism-hyperammonemia syndrome	Autosomal dominant	212
Hyperkalemic periodic paralysis	Autosomal dominant	4035
Hyperlipidemia	Autosomal dominant	2
Hyperlipidemia due to hepatic triglyceride lipase deficiency	Autosomal recessive	67
Hyperlipidemia, familial combined, LPL related	Autosomal dominant	64
Hyperlipidemia, familial combined, susceptibility to	Autosomal recessive	2
Hyperlipoproteinemia	Autosomal dominant	2
Hyperlipoproteinemia, type 1D	Autosomal recessive	26
Hyperlipoproteinemia, type I	Autosomal recessive	278
Hyperlysinemia	Autosomal recessive	4
Hypermagnesemia	Autosomal recessive	2
Hypermanganesemia with dystonia 2	Autosomal recessive	23
Hypermanganesemia with dystonia, polycythemia, and cirrhosis	Autosomal recessive	62
Hypermethioninemia with deficiency of S-adenosylhomocysteine hydrolase	Autosomal recessive	296
Hypermetropia	Autosomal dominant	1
Hyperornithinemia	Autosomal recessive	14
Hyperornithinemia-hyperammonemia-homocitrullinuria syndrome	Autosomal recessive	438
Hyperostosis cranialis interna	Autosomal recessive	6
Hyperoxaluria	Autosomal recessive	1
Hyperparathyroidism	Autosomal dominant	49
Hyperparathyroidism 1	Autosomal dominant	407
Hyperparathyroidism 2 with jaw tumors	Autosomal dominant	386
Hyperphenylalaninemia	Autosomal recessive	27
Hyperphenylalaninemia due to tetrahydrobiopterin deficiency	Autosomal recessive	3
Hyperphenylalaninemia, bh4-deficient, a, due to partial pts deficiency	Autosomal recessive	3
Hyperphosphatasemia with bone disease	Autosomal recessive	60
Hyperphosphatasia with intellectual disability syndrome 1	Autosomal recessive	75
Hyperphosphatasia with intellectual disability syndrome 2	Autosomal recessive	926
Hyperphosphatasia with intellectual disability syndrome 3	Autosomal recessive	32
Hyperphosphatasia with intellectual disability syndrome 4	Autosomal recessive	46
Hyperphosphatasia with intellectual disability syndrome 5	Autosomal recessive	287
Hyperphosphatasia with intellectual disability syndrome 6	Autosomal recessive	5
Hyperphosphatasia-intellectual disability syndrome	Autosomal recessive	3
Hyperpigmentation of the skin	Autosomal dominant	8
Hyperpigmentation with or without hypopigmentation, familial progressive	Autosomal dominant	8
Hyperplastic colonic polyposis	Autosomal dominant	3
Hyperplastic polyposis syndrome	Autosomal dominant	8
Hyperproinsulinemia	Autosomal dominant	89
Hyperprolinemia type 2	Autosomal recessive	318
Hyperreflexia	Autosomal dominant	5
Hypersulfaturia	Autosomal recessive	185
Hypertelorism	Autosomal dominant	24
Hypertelorism and tetralogy of fallot	Autosomal dominant	1
Hypertension, early-onset, autosomal dominant, with exacerbation in pregnancy	Autosomal dominant	1
Hypertension, essential, susceptibility to	Autosomal recessive	3
Hypertensive disorder	Autosomal dominant	12
Hyperthyroidism	Autosomal dominant	10
Hyperthyroidism, Congenital hypothyroidism	Autosomal dominant	1
Hyperthyroxinemia, dystransthyretinemic	Autosomal dominant	148
Hypertonia	Autosomal recessive	5
Hypertrichosis	Autosomal dominant	5
Hypertrichotic osteochondrodysplasia Cantu type	Autosomal dominant	207
Hypertriglyceridemia	Autosomal dominant	2
Hypertriglyceridemia 1	Autosomal dominant	25
Hypertriglyceridemia 2	Autosomal dominant	1
Hypertrophic cardiomyopathy	Autosomal dominant	3806
Hypertrophic cardiomyopathy 1	Autosomal dominant	2656
Hypertrophic cardiomyopathy 10	Autosomal dominant	3
Hypertrophic cardiomyopathy 11	Autosomal dominant	1723
Hypertrophic cardiomyopathy 12	Autosomal dominant	398
Hypertrophic cardiomyopathy 13	Autosomal dominant	2
Hypertrophic cardiomyopathy 14	Autosomal dominant	241
Hypertrophic cardiomyopathy 15	?Autosomal dominant	2
Hypertrophic cardiomyopathy 16	Autosomal dominant	37
Hypertrophic cardiomyopathy 17	Autosomal dominant	97
Hypertrophic cardiomyopathy 18	Autosomal dominant	23
Hypertrophic cardiomyopathy 2	Autosomal dominant	2370
Hypertrophic cardiomyopathy 20	Autosomal dominant	451
Hypertrophic cardiomyopathy 25	Autosomal dominant	308
Hypertrophic cardiomyopathy 26	Autosomal dominant	15526
Hypertrophic cardiomyopathy 3	Autosomal dominant	170
Hypertrophic cardiomyopathy 4	Autosomal dominant	1085
Hypertrophic cardiomyopathy 6	Autosomal dominant	217
Hypertrophic cardiomyopathy 7	Autosomal dominant	156
Hypertrophic cardiomyopathy 8	Autosomal dominant	2
Hypertrophic cardiomyopathy 9	Autosomal recessive	3316
Hypertrophic osteoarthropathy, primary, autosomal dominant	Autosomal recessive	10
Hypertrophic osteoarthropathy, primary, autosomal recessive, 1	Autosomal recessive	78
Hypertrophic osteoarthropathy, primary, autosomal recessive, 2	Autosomal recessive	68
Hyperuricemia, pulmonary hypertension, renal failure, alkalosis syndrome	Autosomal recessive	168
Hyperuricemic nephropathy, familial juvenile type 3	Autosomal dominant	1
Hyperuricemic nephropathy, familial juvenile type 4	Autosomal dominant	15
Hyperzincemia and hypercalprotectinemia	Autosomal dominant	5
Hypoaldosteronism, congenital	Autosomal recessive	2
Hypoalphalipoproteinemia, primary, 1	Autosomal recessive	260
Hypoalphalipoproteinemia, primary, 2	Autosomal dominant	25
Hypoalphalipoproteinemia, primary, 2, intermediate	Autosomal dominant	25
Hypobetalipoproteinemia	Autosomal dominant	43
Hypocalcemia	Autosomal dominant	6
Hypocalciuria	Autosomal dominant	2
Hypoceruloplasminemia	Autosomal recessive	1
Hypocholesterolemia	Autosomal dominant	1
Hypochondrogenesis	Autosomal dominant	14
Hypochondroplasia	Autosomal dominant	332
Hypodontia	Autosomal dominant	17
Hypofibrinogenemia	Autosomal recessive	9
Hypoglycemia	Autosomal dominant	12
Hypoglycemic encephalopathy	Autosomal dominant	1
Hypogonadism	Autosomal recessive	1
Hypogonadism with anosmia	Autosomal dominant	2
Hypogonadotropic hypogonadism	Autosomal dominant	17
Hypogonadotropic hypogonadism 1 with or without anosmia	X-linked	247
Hypogonadotropic hypogonadism 10 with or without anosmia	Autosomal recessive	3
Hypogonadotropic hypogonadism 11 with or without anosmia	Autosomal recessive	51
Hypogonadotropic hypogonadism 12 with or without anosmia	Autosomal recessive	21
Hypogonadotropic hypogonadism 13 with or without anosmia	Autosomal recessive	5
Hypogonadotropic hypogonadism 14 with or without anosmia	Autosomal dominant	36
Hypogonadotropic hypogonadism 15 with or without anosmia	Autosomal dominant	5
Hypogonadotropic hypogonadism 16 with or without anosmia	Autosomal dominant	18
Hypogonadotropic hypogonadism 17 with or without anosmia	Autosomal dominant	8
Hypogonadotropic hypogonadism 18 with or without anosmia	Autosomal dominant	15
Hypogonadotropic hypogonadism 19 with or without anosmia	Autosomal dominant	7
Hypogonadotropic hypogonadism 2 with anosmia	Autosomal dominant	15
Hypogonadotropic hypogonadism 2 with or without anosmia	Autosomal dominant	2496
Hypogonadotropic hypogonadism 20 with or without anosmia	Autosomal dominant	3
Hypogonadotropic hypogonadism 21 with or without anosmia	Autosomal dominant	6
Hypogonadotropic hypogonadism 22 with or without anosmia	Autosomal recessive	4
Hypogonadotropic hypogonadism 24 without anosmia	Autosomal recessive	31
Hypogonadotropic hypogonadism 26 with or without anosmia	Autosomal dominant	9
Hypogonadotropic hypogonadism 3 with or without anosmia	Autosomal dominant	122
Hypogonadotropic hypogonadism 4 with or without anosmia	Autosomal dominant	14
Hypogonadotropic hypogonadism 5 with or without anosmia	Autosomal dominant	5
Hypogonadotropic hypogonadism 6 with or without anosmia	Autosomal dominant	1
Hypogonadotropic hypogonadism 7 with or without anosmia	Autosomal recessive	244
Hypogonadotropic hypogonadism 8 with or without anosmia	Autosomal recessive	16
Hypogonadotropic hypogonadism 8 without anosmia	Autosomal recessive	1
Hypohidrosis	Autosomal recessive	2
Hypohidrosis-enamel hypoplasia-palmoplantar keratoderma-intellectual disability syndrome	Autosomal recessive	306
Hypohidrotic Ectodermal Dysplasia, Dominant	Autosomal dominant	1
Hypohidrotic X-linked ectodermal dysplasia	X-linked recessive	537
Hypohidrotic ectodermal dysplasia	Autosomal dominant	33
Hypoinsulinemia	Autosomal dominant	1
Hypoinsulinemic hypoglycemia and body hemihypertrophy	Autosomal dominant	306
Hypointensity of cerebral white matter on MRI	Autosomal dominant	2
Hypokalemia	Autosomal recessive	2
Hypokalemic periodic paralysis	Autosomal dominant	5
Hypokalemic periodic paralysis, type 1	Autosomal dominant	3230
Hypokalemic periodic paralysis, type 2	Autosomal dominant	2594
Hypomagnesemia, seizures, and intellectual disability 1	Autosomal dominant	188
Hypomaturation-hypoplastic amelogenesis imperfecta with taurodontism	Autosomal dominant	81
Hypomimic face	Autosomal recessive	6
Hypomyelinating leukodystrophy 10	Autosomal recessive	44
Hypomyelinating leukodystrophy 11	Autosomal recessive	101
Hypomyelinating leukodystrophy 12	Autosomal recessive	20
Hypomyelinating leukodystrophy 13	Autosomal recessive	5
Hypomyelinating leukodystrophy 2	Autosomal recessive	101
Hypomyelinating leukodystrophy 3	Autosomal recessive	19
Hypomyelinating leukodystrophy 4	Autosomal recessive	18
Hypomyelinating leukodystrophy 6	Autosomal dominant	318
Hypomyelinating leukodystrophy 8 with or without oligodontia and-or hypogonadotropic hypogonadism	Autosomal recessive	189
Hypomyelinating leukodystrophy 9	Autosomal recessive	39
Hypomyelination and Congenital Cataract	Autosomal recessive	298
Hypomyelination with brain stem and spinal cord involvement and leg spasticity	Autosomal recessive	26
Hypoparathyroidism	Autosomal dominant	3
Hypoparathyroidism, deafness, renal disease syndrome	Autosomal dominant	210
Hypoparathyroidism, familial isolated 1	Autosomal dominant	12
Hypoparathyroidism-retardation-dysmorphism syndrome	Autosomal recessive	96
Hypophosphataemia or rickets	Autosomal recessive	22
Hypophosphatasia	Autosomal recessive	361
Hypophosphatemia	Autosomal dominant	2
Hypophosphatemic nephrolithiasis/osteoporosis 1	Autosomal recessive	317
Hypophosphatemic nephrolithiasis/osteoporosis 2	Autosomal dominant	17
Hypophosphatemic rickets	X-linked dominant	8
Hypophosphatemic rickets and hyperparathyroidism	Autosomal recessive	1
Hypophosphatemic rickets, X-linked recessive	X-linked recessive	372
Hypophosphatemic rickets, autosomal recessive, 1	Autosomal recessive	121
Hypophosphatemic rickets, autosomal recessive, 2	Autosomal dominant	376
Hypopigmentation of hair	Autosomal recessive	1
Hypopigmentation of the skin	Autosomal recessive	3
Hypopigmentation, organomegaly, and delayed myelination and development	Autosomal dominant	22
Hypopigmentation-punctate palmoplantar keratoderma syndrome	Autosomal dominant	378
Hypoplasia of scrotum	Autosomal recessive	2
Hypoplasia of the brainstem	Autosomal recessive	1
Hypoplasia of the corpus callosum	Autosomal recessive	5
Hypoplasia of the iris	Autosomal dominant	180
Hypoplasia of the pons	Autosomal recessive	2
Hypoplastic aortic arch	Autosomal recessive	1
Hypoplastic enamel-onycholysis-hypohidrosis syndrome	Autosomal dominant	87
Hypoplastic left heart syndrome	Autosomal dominant	10
Hypoplastic left heart syndrome 1	Autosomal dominant	120
Hypoplastic left heart syndrome 2	Autosomal dominant	201
Hypoplastic pancreas-intestinal atresia-hypoplastic gallbalder syndrome	Autosomal recessive	39
Hypoplastic right heart syndrome	?Autosomal dominant	1
Hypoprebetalipoproteinemia, acanthocytosis, retinitis pigmentosa, and pallidal degeneration	Autosomal recessive	11
Hypoproteinemia, hypercatabolic	Autosomal recessive	72
Hypospadias	Autosomal dominant	1
Hypospadias 1, X-linked	X-linked recessive	81
Hypospadias 2, X-linked	X-linked recessive	16
Hypothyroidism	Autosomal dominant	8
Hypothyroidism due to TSH receptor mutations	Autosomal recessive	153
Hypothyroidism, congenital, nongoitrous, 2	Autosomal dominant	129
Hypothyroidism, congenital, nongoitrous, 5	Autosomal dominant	199
Hypotonia	Autosomal recessive	29
Hypotonia with lactic acidemia and hyperammonemia	Autosomal recessive	37
Hypotonia, ataxia, and delayed development syndrome	X-linked recessive	1
Hypotonia, infantile, with psychomotor retardation and characteristic facies	Autosomal recessive	1
Hypotonia, infantile, with psychomotor retardation and characteristic facies 1	Autosomal recessive	92
Hypotonia, infantile, with psychomotor retardation and characteristic facies 2	Autosomal recessive	185
Hypotonia, infantile, with psychomotor retardation and characteristic facies 3	Autosomal recessive	110
Hypotonia-failure to thrive-microcephaly syndrome	Autosomal recessive	1
Hypotrichosis 11	Autosomal dominant	5
Hypotrichosis 12	Autosomal dominant	1
Hypotrichosis 13	Autosomal dominant	5
Hypotrichosis 14	Autosomal recessive	5
Hypotrichosis 2	Autosomal dominant	5
Hypotrichosis 3	Autosomal recessive	3
Hypotrichosis 4	Autosomal dominant	5
Hypotrichosis 6	Autosomal recessive	117
Hypotrichosis 7	Autosomal recessive	13
Hypotrichosis 8	Autosomal recessive	23
Hypotrichosis simplex	Autosomal recessive	3
Hypotrichosis with juvenile macular dystrophy	Autosomal recessive	1
Hypotrichosis-lymphedema-telangiectasia syndrome	Autosomal recessive	68
Hypotrichosis-lymphedema-telangiectasia-renal defect syndrome	Autosomal dominant	69
Hypouricemia, renal, 2	Autosomal dominant	104
Hypoventilation	Autosomal recessive	1
IARS1-related disorder	Autosomal recessive	1
IBA57-related disorder	Autosomal recessive	18
ICOS-related disorder	Autosomal recessive	6
IDS-related disorder	X-linked recessive	16
IDUA PSEUDODEFICIENCY	Autosomal recessive	1
IDUA-related core myopathy	Autosomal recessive	3
IDUA-related disorder	Autosomal recessive	19
IFAP syndrome 1, with or without BRESHECK syndrome	X-linked recessive	25
IFAP syndrome 2	X-linked recessive	3
IFIH1-related disorder	Autosomal dominant	104
IFIH1-related immunodeficiency	Autosomal dominant	4
IFIH1-related interferonopathy	Autosomal dominant	2
IFIH1-related type 1 interferonopathy	Autosomal dominant	6
IFITM5-related disorder	Autosomal dominant	2
IFN-gamma receptor 1 deficiency	Autosomal dominant	1
IFNGR1-related disorder	Autosomal recessive	6
IFNGR2-related disorder	Autosomal recessive	5
IFT122-related disorder	Autosomal recessive	13
IFT140-associated disorder	Autosomal recessive	1
IFT140-related disorder	Autosomal recessive	101
IFT172-related disorder	Autosomal recessive	713
IFT27-related disorder	Autosomal recessive	2
IFT43-related disorder	Autosomal recessive	1
IFT74-related disorder	Autosomal recessive	6
IFT80-related disorder	Autosomal recessive	7
IFT80-related skeletal disorders	Autosomal recessive	2
IGF1-related disorder	Autosomal recessive	3
IGF1R-related disorder	Autosomal dominant	22
IGHMBP2-related disorder	Autosomal recessive	55
IGLL1-related condition	Autosomal recessive	3
IHH-related disorder	Autosomal dominant	4
IKBKB-related disorder	Autosomal recessive	10
IKBKG-related disorder	X-linked dominant	1
IKZF1-related disorder	Autosomal dominant	4
IL10RA-related disorder	Autosomal recessive	11
IL10RB-related disorder	Autosomal recessive	9
IL12B-related disorder	Autosomal recessive	6
IL12RB1-related disorder	Autosomal recessive	20
IL13-related disorder	Autosomal dominant	1
IL17RC-related disorder	Autosomal recessive	12
IL1RAPL1-related disorder	X-linked recessive	2
IL1RN-related disorder	Autosomal recessive	2
IL21-related infantile inflammatory bowel disease	Autosomal recessive	3
IL21R-related disorder	Autosomal recessive	8
IL2RA-related disorder	Autosomal recessive	3
IL2RG-related disorder	X-linked recessive	9
IL31RA-related disorder	Autosomal dominant	1
IL36RN-related disorder	Autosomal recessive	3
IL4R-related disorder	Autosomal dominant	1
IL7R-related disorder	Autosomal recessive	9
IMAGe syndrome	Autosomal dominant	240
IMMUNODEFICIENCY 104, SEVERE COMBINED, SUSCEPTIBILITY TO	Autosomal recessive	1
IMMUNODEFICIENCY 26 WITHOUT NEUROLOGIC ABNORMALITIES	Autosomal recessive	1
IMMUNODEFICIENCY 33, MALE-RESTRICTED	X-linked dominant	1
IMPDH1-related disorder	Autosomal dominant	2
IMPG1-related disorder	Autosomal dominant	1
IMPG2-related disorder	Autosomal recessive	2
INCLUSION BODY MYOPATHY WITHOUT EARLY-ONSET PAGET DISEASE AND FRONTOTEMPORAL DEMENTIA 1	Autosomal dominant	1
INF2-related disorder	Autosomal dominant	58
INPP5E-related disorder	Autosomal recessive	98
INS-IGF2-related disorder	Autosomal dominant	3
INS-related disorder	Autosomal dominant	19
INSR-related disorder	Autosomal recessive	25
INSULIN RESISTANCE, DIGENIC	Autosomal dominant	21
INTELLECTUAL DEVELOPMENTAL DISORDER WITH LANGUAGE IMPAIRMENT AND AUTISTIC FEATURES	Autosomal dominant	4
INVS-related disorder	Autosomal recessive	30
IQCB1-related disorder	Autosomal recessive	10
IQCE-related disorder	Autosomal dominant	2
IQSEC2-related disorder	X-linked dominant	25
IRF3-related disorder	Autosomal dominant	3
IRF6-related condition	Isolated cases	10
IRF7-related disorder	Autosomal recessive	11
IRF8-related disorder	Autosomal dominant	13
IRS1-related disorder	Autosomal dominant	2
IRS2-related disorder	Autosomal dominant	1
ISCU-related disorder	Autosomal recessive	1
ISG15-related disorder	Autosomal recessive	3
ISPD-related disorder	Autosomal recessive	4
ITCH-related disorder	Autosomal recessive	13
ITGA2-related disorder	Autosomal dominant	10
ITGA2B-related disorder	Autosomal recessive	10
ITGA3-related disorder	Autosomal recessive	9
ITGA6-related disorder	Autosomal recessive	3
ITGA7-related disorder	Autosomal recessive	26
ITGA8-related disorder	Autosomal recessive	1
ITGB2-related disorder	Autosomal recessive	28
ITGB3-related disorder	Autosomal dominant	1
ITGB4-related disorder	Autosomal recessive	39
ITK-related disorder	Autosomal recessive	11
ITPA-related disorder	Autosomal recessive	2
ITPR1-associated cerebellar ataxia spectrum disorder	Autosomal dominant	1
ITPR1-related disorder	Autosomal dominant	9
ITPR1-related disorders	Autosomal dominant	3
ITPR1-related syndromic and non-syndromic hereditary ataxias	Autosomal dominant	1
IVD-related disorder	Autosomal recessive	15
IYD-related disorder	Autosomal recessive	2
Ichthyosis	Autosomal recessive	9
Ichthyosis and erythrokeratoderma	Autosomal dominant	20
Ichthyosis bullosa of Siemens	Autosomal dominant	83
Ichthyosis hystrix gravior	Autosomal dominant	11
Ichthyosis hystrix of Curth-Macklin	Autosomal dominant	6
Ichthyosis linearis circumflexa	Autosomal recessive	108
Ichthyosis vulgaris	Autosomal dominant	232
Ichthyosis, annular epidermolytic 1	Autosomal dominant	13
Ichthyosis, congenital, autosomal recessive 13	Autosomal recessive	1
Ichthyosis, congenital, autosomal recessive 14	Autosomal recessive	4
Ichthyosis, hystrix-like, with hearing loss	Autosomal dominant	731
Idiopathic CD4 lymphocytopenia	Autosomal dominant	4
Idiopathic Pulmonary Fibrosis	Autosomal dominant	3019
Idiopathic and/or familial pulmonary arterial hypertension	Autosomal dominant	52
Idiopathic basal ganglia calcification 1	Autosomal dominant	188
Idiopathic camptocormia	Autosomal dominant	5
Idiopathic generalized epilepsy	Autosomal dominant	3506
Idiopathic growth hormone deficiency	Autosomal dominant	1
Idiopathic hemiconvulsion-hemiplegia syndrome	Autosomal dominant	3
Idiopathic hypereosinophilic syndrome	Somatic mutation	170
Idiopathic nephrotic syndrome	Autosomal recessive	8
Idiopathic pulmonary arterial hypertension	Autosomal recessive	1
Idiopathic spontaneous coronary artery dissection	Autosomal dominant	1
Idiopathic transverse myelitis	Autosomal recessive	1
IgA nephropathy, susceptibility to, 3	Autosomal dominant	3
IgAD1	Autosomal dominant	2
IgE responsiveness, atopic	Autosomal dominant	9
Imagawa-Matsumoto syndrome	Autosomal dominant	1
Imerslund-Grasbeck syndrome	Autosomal recessive	480
Imerslund-Grasbeck syndrome type 1	Autosomal recessive	978
Imerslund-Grasbeck syndrome type 2	Autosomal recessive	1
Iminoglycinuria	Autosomal recessive	140
Iminoglycinuria, digenic	Autosomal dominant	1
Immune deficiency, familial variable	Autosomal dominant	1
Immunodeficiency	Autosomal dominant	9
Immunodeficiency 104	Autosomal recessive	1653
Immunodeficiency 105	Autosomal recessive	16
Immunodeficiency 107, susceptibility to invasive staphylococcus aureus infection	Autosomal recessive	3
Immunodeficiency 11b with atopic dermatitis	Autosomal recessive	42
Immunodeficiency 120	Autosomal dominant	188
Immunodeficiency 14	Autosomal dominant	954
Immunodeficiency 14b, autosomal recessive	Autosomal dominant	18
Immunodeficiency 15a	Autosomal recessive	14
Immunodeficiency 18	Autosomal recessive	255
Immunodeficiency 19	Autosomal recessive	199
Immunodeficiency 23	Autosomal recessive	549
Immunodeficiency 25	Autosomal recessive	163
Immunodeficiency 27A	Autosomal recessive	95
Immunodeficiency 28	Autosomal recessive	225
Immunodeficiency 31B	Autosomal dominant	1184
Immunodeficiency 32B	Autosomal dominant	402
Immunodeficiency 33	X-linked recessive	16
Immunodeficiency 35	Autosomal recessive	939
Immunodeficiency 36 with lymphoproliferation	Autosomal dominant	1075
Immunodeficiency 37	Autosomal recessive	111
Immunodeficiency 39	Autosomal recessive	726
Immunodeficiency 45	Autosomal recessive	16
Immunodeficiency 47	X-linked recessive	33
Immunodeficiency 61	X-linked	2
Immunodeficiency 62	Autosomal dominant	1
Immunodeficiency 69	Autosomal dominant	1
Immunodeficiency 88	Autosomal recessive	6
Immunodeficiency 95	Autosomal dominant	102
Immunodeficiency 98 with autoinflammation, X-linked	Autosomal dominant	1
Immunodeficiency due to CD25 deficiency	Autosomal recessive	335
Immunodeficiency due to MASP-2 deficiency	Autosomal recessive	78
Immunodeficiency due to ficolin3 deficiency	Autosomal recessive	12
Immunodeficiency, common variable, 1	Autosomal recessive	183
Immunodeficiency, common variable, 10	Autosomal dominant	797
Immunodeficiency, common variable, 12	Autosomal dominant	85
Immunodeficiency, common variable, 15	Autosomal dominant	2
Immunodeficiency, common variable, 2	Autosomal dominant	343
Immunodeficiency, common variable, 3	Autosomal recessive	60
Immunodeficiency, common variable, 4	Autosomal recessive	192
Immunodeficiency, common variable, 5	Autosomal recessive	9
Immunodeficiency, common variable, 6	Autosomal recessive	12
Immunodeficiency, common variable, 7	Autosomal recessive	774
Immunodeficiency, developmental delay, and hypohomocysteinemia	Autosomal dominant	1
Immunodeficiency-centromeric instability-facial anomalies syndrome 1	Autosomal recessive	139
Immunodeficiency-centromeric instability-facial anomalies syndrome 2	Autosomal recessive	478
Immunodeficiency-centromeric instability-facial anomalies syndrome 4	Autosomal recessive	23
Immunoglobulin A deficiency 2	Autosomal dominant	24
Immunoglobulin-mediated membranoproliferative glomerulonephritis	Autosomal recessive	60
Impaired ADP-induced platelet aggregation	Autosomal recessive	1
Impaired intellectual development and distinctive facial features with cardiac defects	Autosomal dominant	2
Impaired ristocetin-induced platelet aggregation	Autosomal dominant	1
Impaired temperature sensation	Autosomal dominant	2
Impaired vibration sensation in the lower limbs	Autosomal dominant	3
Imperforate anus	X-linked recessive	3
Inability to walk	Autosomal recessive	7
Inability to walk by childhood/adolescence	Autosomal recessive	1
Inborn aminoacylase deficiency	Autosomal recessive	1
Inborn disorder of lysine and hydroxylysine metabolism	Autosomal recessive	1
Inborn error of immunity	Autosomal recessive	70
Inborn errors of metabolism	Autosomal recessive	1
Inborn genetic diseases	Autosomal recessive	52318
Inborn glycerol kinase deficiency	X-linked recessive	17
Inborn mitochondrial myopathy	Autosomal recessive	10
Incidental Discovery	Autosomal dominant	16
Inclusion body myopathy with Paget disease of bone and frontotemporal dementia	Autosomal dominant	41
Inclusion body myopathy with Paget disease of bone and frontotemporal dementia type 1	Autosomal dominant	78
Inclusion body myopathy with early-onset Paget disease with or without frontotemporal dementia 3	Autosomal dominant	8
Inclusion body myositis	Autosomal recessive	1
Incontinentia pigmenti syndrome	X-linked dominant	27
Increased CSF lactate	Autosomal recessive	3
Increased analgesia from kappa-opioid receptor agonist, female-specific	Autosomal recessive	50
Increased body weight	Autosomal dominant	1
Increased circulating IgE concentration	Autosomal recessive	2
Increased circulating aldosterone concentration	Autosomal dominant	2
Increased circulating lactate concentration	Mitochondrial	1
Increased circulating pyruvate concentration	Autosomal recessive	2
Increased hepatic glycogen content	X-linked recessive	1
Increased left ventricular wall thickness	Autosomal dominant	7
Increased mean platelet volume	Autosomal recessive	1
Increased muscle glycogen content	Autosomal dominant	5
Increased nuchal translucency	Autosomal dominant	2
Increased pulmonary vascular resistance	Autosomal dominant	1
Increased risk to develop myelodysplastic syndrome, acute myeloid leukemia, or chronic myelomonocytic leukemia	Autosomal dominant	2
Increased susceptibility to fractures	Autosomal dominant	8
Infant-type hemispheric glioma	Autosomal dominant	2
Infantile GM1 gangliosidosis	Autosomal recessive	692
Infantile Nephrotic syndrome	Autosomal recessive	3
Infantile axial hypotonia	Autosomal dominant	13
Infantile bilateral striatal necrosis	Autosomal recessive	1
Infantile cerebellar-retinal degeneration	Autosomal recessive	74
Infantile cerebral and cerebellar atrophy with postnatal progressive microcephaly	Autosomal recessive	158
Infantile convulsions and choreoathetosis	Autosomal dominant	98
Infantile cortical hyperostosis	Autosomal dominant	807
Infantile encephalopathy	Mitochondrial	3
Infantile epilepsy syndrome	Autosomal dominant	21
Infantile epileptic dyskinetic encephalopathy	Autosomal recessive	4
Infantile hypertrophic cardiomyopathy due to MRPL44 deficiency	Autosomal recessive	8
Infantile hypophosphatasia	Autosomal recessive	534
Infantile liver failure	Autosomal recessive	3
Infantile liver failure syndrome 1	Autosomal recessive	28
Infantile liver failure syndrome 2	Autosomal recessive	213
Infantile myofibromatosis	Autosomal dominant	1404
Infantile nephronophthisis	Autosomal recessive	295
Infantile nephropathic cystinosis	Autosomal recessive	9
Infantile neuroaxonal dystrophy	Autosomal recessive	1074
Infantile onset spinocerebellar ataxia	Autosomal recessive	192
Infantile osteopetrosis	Autosomal recessive	1
Infantile osteopetrosis with neuroaxonal dysplasia	Autosomal recessive	3
Infantile spasms	Autosomal dominant	6
Infantile-onset X-linked spinal muscular atrophy	X-linked recessive	592
Infantile-onset ascending hereditary spastic paralysis	Autosomal recessive	912
Infantile-onset generalized dyskinesia with orofacial involvement	Autosomal recessive	20
Infertility associated with multi-tailed spermatozoa and excessive DNA	Autosomal recessive	31
Infertility disorder	Autosomal recessive	16
Infiltrating duct carcinoma of breast	Autosomal dominant	12
Inflammatory bowel disease 1	Multifactorial	177
Inflammatory bowel disease 25	Autosomal recessive	249
Inflammatory bowel disease 28	Autosomal recessive	446
Inflammatory bowel disease, immunodeficiency, and encephalopathy	Autosomal recessive	8
Inflammatory skin and bowel disease, neonatal, 1	Autosomal recessive	529
Inflammatory skin and bowel disease, neonatal, 2	Autosomal recessive	118
Inguinal freckling	Autosomal dominant	6
Inguinal hernia	Autosomal dominant	2
Inherited Creutzfeldt-Jakob disease	Autosomal dominant	64
Inherited Immunodeficiency Diseases	Autosomal dominant	32
Inherited MMR deficiency (Lynch syndrome)	Autosomal dominant	103
Inherited acute myeloid leukemia	Autosomal recessive	1
Inherited aplastic anemia	Autosomal dominant	1
Inherited bleeding disorder, platelet-type	Autosomal dominant	2
Inherited bone marrow failure syndrome	Autosomal recessive	5
Inherited breast cancer and ovarian cancer	Autosomal dominant	488
Inherited focal segmental glomerulosclerosis	Autosomal dominant	1
Inherited glutathione synthetase deficiency	Autosomal recessive	23
Inherited hemoglobinopathy	Autosomal dominant	2
Inherited obesity	Autosomal dominant	380
Inherited oocyte maturation defect	Autosomal dominant	1
Inherited ovarian cancer (without breast cancer)	Autosomal dominant	230
Inherited phaeochromocytoma and paraganglioma excluding NF1	Autosomal dominant	80
Inherited polyposis and early onset colorectal cancer - germline testing	Autosomal dominant	45
Inherited prekallikrein deficiency	Autosomal recessive	18
Inherited prion disease	Autosomal dominant	40
Inherited prostate cancer	Autosomal dominant	40
Inherited renal cancer	Autosomal dominant	11
Inherited renal tubular disease	Autosomal recessive	1
Inherited spastic paresis	Autosomal recessive	1
Inherited susceptibility to asthma	Autosomal dominant	13
Inosine triphosphatase deficiency	Autosomal recessive	23
Insomnia	Autosomal dominant	2
Insulin resistance	Autosomal recessive	1
Insulin resistance, susceptibility to	Autosomal dominant	6
Insulin-dependent diabetes mellitus secretory diarrhea syndrome	X-linked recessive	389
Insulin-resistant diabetes mellitus	Autosomal dominant	1
Insulin-resistant diabetes mellitus AND acanthosis nigricans	Autosomal recessive	434
Intellectual developmental disorder 59	Isolated cases	1
Intellectual developmental disorder 61	Autosomal dominant	1
Intellectual developmental disorder with autism and macrocephaly	Autosomal dominant	244
Intellectual developmental disorder with dysmorphic facies and behavioral abnormalities	Autosomal dominant	6
Intellectual developmental disorder with gastrointestinal difficulties and high pain threshold	Autosomal dominant	8
Intellectual developmental disorder with microcephaly and with or without ocular malformations or hypogonadotropic hypogonadism	Autosomal dominant	125
Intellectual developmental disorder with severe speech and ambulation defects	Isolated cases	2
Intellectual developmental disorder, X-linked 111	Autosomal recessive	2
Intellectual developmental disorder, autosomal dominant 63, with macrocephaly	Autosomal dominant	65
Intellectual developmental disorder, autosomal dominant 64	Autosomal recessive	1
Intellectual developmental disorder, autosomal dominant 70	Autosomal dominant	14
Intellectual developmental disorder, autosomal dominant 76	Isolated cases	1
Intellectual developmental disorder, autosomal recessive 75, with neuropsychiatric features and variant lissencephaly	Autosomal recessive	1
Intellectual developmental disorder, autosomal recessive 77	Autosomal recessive	20
Intellectual developmental disorder, autosomal recessive 78	Autosomal dominant	6
Intellectual disability	Autosomal dominant	637
Intellectual disability and myopathy syndrome	Autosomal dominant	95
Intellectual disability with episodic ataxia and congenital arthrogryposis	Autosomal dominant	1
Intellectual disability, CASK-related, X-linked	X-linked dominant	19
Intellectual disability, FRA12A type	Autosomal dominant	32
Intellectual disability, Wolff type	Autosomal recessive	1
Intellectual disability, X-linked 1	X-linked dominant	1100
Intellectual disability, X-linked 100	X-linked recessive	30
Intellectual disability, X-linked 101	X-linked recessive	18
Intellectual disability, X-linked 102	X-linked recessive	241
Intellectual disability, X-linked 103	X-linked recessive	14
Intellectual disability, X-linked 104	X-linked recessive	79
Intellectual disability, X-linked 105	X-linked recessive	20
Intellectual disability, X-linked 19	X-linked dominant	498
Intellectual disability, X-linked 21	X-linked recessive	59
Intellectual disability, X-linked 30	X-linked recessive	65
Intellectual disability, X-linked 41	X-linked dominant	29
Intellectual disability, X-linked 45	X-linked	1
Intellectual disability, X-linked 46	X-linked recessive	6
Intellectual disability, X-linked 49	X-linked recessive	103
Intellectual disability, X-linked 50	X-linked	19
Intellectual disability, X-linked 58	X-linked recessive	10
Intellectual disability, X-linked 61	X-linked recessive	32
Intellectual disability, X-linked 63	X-linked dominant	42
Intellectual disability, X-linked 72	X-linked recessive	43
Intellectual disability, X-linked 81	X-linked dominant	1
Intellectual disability, X-linked 88	X-linked	1
Intellectual disability, X-linked 9	X-linked recessive	15
Intellectual disability, X-linked 90	X-linked recessive	66
Intellectual disability, X-linked 91	X-linked dominant	1
Intellectual disability, X-linked 93	X-linked recessive	188
Intellectual disability, X-linked 96	X-linked dominant	22
Intellectual disability, X-linked 97	X-linked	59
Intellectual disability, X-linked 99	X-linked recessive	90
Intellectual disability, X-linked 99, syndromic, female-restricted	X-linked dominant	83
Intellectual disability, X-linked, syndromic 33	X-linked recessive	109
Intellectual disability, X-linked, syndromic, Bain type	X-linked	1
Intellectual disability, X-linked, with or without seizures, ARX-related	X-linked recessive	1385
Intellectual disability, X-linked, with panhypopituitarism	X-linked	5
Intellectual disability, anterior maxillary protrusion, and strabismus	Autosomal recessive	11
Intellectual disability, autosomal dominant	Autosomal dominant	1
Intellectual disability, autosomal dominant 1	Autosomal dominant	1428
Intellectual disability, autosomal dominant 13	Autosomal dominant	473
Intellectual disability, autosomal dominant 14	Autosomal dominant	231
Intellectual disability, autosomal dominant 15	Autosomal dominant	67
Intellectual disability, autosomal dominant 16	Autosomal dominant	1357
Intellectual disability, autosomal dominant 2	Autosomal recessive	2
Intellectual disability, autosomal dominant 22	Autosomal dominant	81
Intellectual disability, autosomal dominant 24	Autosomal dominant	83
Intellectual disability, autosomal dominant 29	Autosomal dominant	168
Intellectual disability, autosomal dominant 30	Autosomal dominant	92
Intellectual disability, autosomal dominant 33	Autosomal dominant	8
Intellectual disability, autosomal dominant 34	Autosomal dominant	35
Intellectual disability, autosomal dominant 38	Autosomal dominant	54
Intellectual disability, autosomal dominant 39	Autosomal dominant	118
Intellectual disability, autosomal dominant 40	Autosomal dominant	63
Intellectual disability, autosomal dominant 41	Autosomal dominant	95
Intellectual disability, autosomal dominant 42	Autosomal dominant	67
Intellectual disability, autosomal dominant 43	Autosomal dominant	176
Intellectual disability, autosomal dominant 45	Autosomal dominant	4
Intellectual disability, autosomal dominant 48	Autosomal dominant	2
Intellectual disability, autosomal dominant 5	Autosomal dominant	1492
Intellectual disability, autosomal dominant 55, with seizures	Autosomal recessive	10
Intellectual disability, autosomal dominant 56	Autosomal recessive	1
Intellectual disability, autosomal dominant 57	Autosomal dominant	1
Intellectual disability, autosomal dominant 6	Autosomal dominant	1238
Intellectual disability, autosomal dominant 9	Autosomal dominant	2724
Intellectual disability, autosomal recessive 1	Autosomal recessive	114
Intellectual disability, autosomal recessive 12	Autosomal recessive	31
Intellectual disability, autosomal recessive 13	Autosomal recessive	119
Intellectual disability, autosomal recessive 14	Autosomal recessive	4
Intellectual disability, autosomal recessive 18	Autosomal recessive	40
Intellectual disability, autosomal recessive 2	Autosomal recessive	16
Intellectual disability, autosomal recessive 24	Autosomal recessive	2
Intellectual disability, autosomal recessive 27	Autosomal recessive	48
Intellectual disability, autosomal recessive 3	Autosomal recessive	70
Intellectual disability, autosomal recessive 34	Autosomal recessive	13
Intellectual disability, autosomal recessive 42	Autosomal recessive	303
Intellectual disability, autosomal recessive 43	Autosomal recessive	27
Intellectual disability, autosomal recessive 44	Autosomal recessive	23
Intellectual disability, autosomal recessive 45	Autosomal recessive	7
Intellectual disability, autosomal recessive 46	Autosomal recessive	28
Intellectual disability, autosomal recessive 47	Autosomal recessive	55
Intellectual disability, autosomal recessive 5	Autosomal recessive	114
Intellectual disability, autosomal recessive 50	Autosomal recessive	3
Intellectual disability, autosomal recessive 51	Autosomal recessive	7
Intellectual disability, autosomal recessive 52	Autosomal recessive	12
Intellectual disability, autosomal recessive 53	Autosomal recessive	954
Intellectual disability, autosomal recessive 54	Autosomal recessive	14
Intellectual disability, autosomal recessive 56	Autosomal recessive	10
Intellectual disability, autosomal recessive 58	Autosomal recessive	1
Intellectual disability, autosomal recessive 6	Autosomal recessive	16
Intellectual disability, autosomal recessive 7	Autosomal recessive	84
Intellectual disability-cardiac anomalies-short stature-joint laxity syndrome	Autosomal dominant	1
Intellectual disability-epilepsy-extrapyramidal syndrome	Autosomal dominant	20
Intellectual disability-facial dysmorphism syndrome due to SETD5 haploinsufficiency	Autosomal dominant	253
Intellectual disability-hypotonia-spasticity-sleep disorder syndrome	Autosomal recessive	129
Intellectual disability-hypotonic facies syndrome, X-linked	X-linked dominant	3
Intellectual disability-hypotonic facies syndrome, X-linked, 1	X-linked recessive	120
Intellectual disability-microcephaly-strabismus-behavioral abnormalities syndrome	Autosomal dominant	254
Intellectual disability-severe speech delay-mild dysmorphism syndrome	Autosomal dominant	187
Intellectual disability-strabismus syndrome	Autosomal recessive	31
Intention tremor	Autosomal dominant	3
Interferon gamma receptor deficiency	Autosomal recessive	5
Intermediate muscular dystrophy	X-linked recessive	2
Intermediate severe Salla disease	Autosomal recessive	2
Intermittent diarrhea	Autosomal dominant	2
Interstitial lung disease 2	Autosomal dominant	370
Interstitial lung disease due to ABCA3 deficiency	Autosomal recessive	342
Interstitial pneumonitis	Autosomal recessive	3
Intervertebral disc disorder	Autosomal dominant	85
Intestinal hypomagnesemia 1	Autosomal recessive	424
Intestinal obstruction	Autosomal dominant	1
Intestinal obstruction in the newborn due to guanylate cyclase 2C deficiency	Autosomal recessive	23
Intestinal polyp	Autosomal dominant	3
Intestinal polyposis syndrome	Autosomal recessive	1
Intestinal pseudo-obstruction	Autosomal recessive	2
Intestinal pseudoobstruction, neuronal, chronic idiopathic, X-linked	X-linked dominant	256
Intracranial hemorrhage	Autosomal dominant	3
Intractable seizure	Autosomal recessive	1
Intrahepatic cholangiocarcinoma	Autosomal dominant	4
Intrahepatic cholestasis	Autosomal recessive	2
Intrahepatic cholestasis with episodic jaundice	Autosomal recessive	1
Intrauterine growth retardation, metaphyseal dysplasia, adrenal hypoplasia congenita, genital anomalies, and immunodeficiency	Autosomal dominant	337
Intraventricular hemorrhage	Autosomal dominant	3
Intrinsic cardiomyopathy	Autosomal dominant	6
Intrinsic factor deficiency, congenital, susceptibility to	Autosomal recessive	1
Invasive breast carcinoma	Autosomal dominant	1
Invasive lobular breast carcinoma	Autosomal dominant	2
Invasive medullary breast carcinoma	Autosomal dominant	2
Involuntary movements	X-linked dominant	1
Iodotyrosine deiodination defect	Autosomal recessive	12
Iodotyrosyl coupling defect	Autosomal recessive	384
Irido-corneo-trabecular dysgenesis	Autosomal dominant	704
Irinotecan response	Autosomal recessive	8
Iris coloboma	Autosomal recessive	5
Iris transillumination defect	Autosomal recessive	1
Iron accumulation in brain	Autosomal recessive	76
Iron deficiency anemia	Autosomal recessive	1
Iron metabolism disorders	Autosomal dominant	4
Iron-refractory iron deficiency anemia	Autosomal recessive	46
Irregular menstruation	Autosomal dominant	2
Irregular respiration	X-linked dominant	1
Ischemic stroke	Autosomal dominant	103
Isolated Coronal Synostosis	Autosomal dominant	310
Isolated GnRH Deficiency	Autosomal recessive	2
Isolated Noncompaction of the Ventricular Myocardium	Autosomal dominant	2
Isolated Nonsyndromic Congenital Heart Disease	Autosomal dominant	104
Isolated Pierre-Robin syndrome	Autosomal dominant	2
Isolated anhidrosis with normal sweat glands	Autosomal recessive	13
Isolated anophthalmia-microphthalmia syndrome	Autosomal dominant	1
Isolated asymptomatic elevation of creatine phosphokinase	Autosomal dominant	1
Isolated cleft palate	Autosomal dominant	19
Isolated congenital digital clubbing	Autosomal dominant	62
Isolated congenital hypogonadotropic hypogonadism	Autosomal recessive	1
Isolated congenital megalocornea	X-linked recessive	5
Isolated cryptophthalmia	Autosomal recessive	6
Isolated ectopia lentis	Autosomal dominant	2
Isolated focal cortical dysplasia type II	Autosomal dominant	1316
Isolated focal non-epidermolytic palmoplantar keratoderma	Autosomal dominant	219
Isolated growth hormone deficiency type IB	Autosomal recessive	13
Isolated hereditary giant platelet disorder	Autosomal recessive	1
Isolated hyperchlorhidrosis	Autosomal recessive	10
Isolated lutropin deficiency	Autosomal recessive	16
Isolated macular dystrophy	Autosomal dominant	7
Isolated methylmalonic aciduria cblD type	Autosomal recessive	3
Isolated microphthalmia 2	Autosomal recessive	1
Isolated microphthalmia 3	Autosomal recessive	115
Isolated microphthalmia 4	Autosomal dominant	389
Isolated microphthalmia 5	Autosomal recessive	643
Isolated microphthalmia 6	Autosomal recessive	112
Isolated microphthalmia 8	Autosomal recessive	67
Isolated neonatal sclerosing cholangitis	Autosomal recessive	309
Isolated optic nerve hypoplasia	Autosomal dominant	44
Isolated thoracic aortic aneurysm	Autosomal dominant	89
Isolated thyroid-stimulating hormone deficiency	Autosomal recessive	18
Isovaleric acidemia, type I	Autosomal recessive	1
Isovaleric acidemia, type III	Autosomal recessive	1
Isovaleryl-CoA dehydrogenase deficiency	Autosomal recessive	733
JAG1-related disorder	Autosomal dominant	165
JAG2-related disorder	Autosomal dominant	1
JAGN1-related disorder	Autosomal recessive	3
JAK2-related disorder	Autosomal dominant	10
JAK3-related disorder	Autosomal recessive	15
JAM3-related disorder	Autosomal recessive	1
JOUBERT SYNDROME 12/15, DIGENIC	Autosomal recessive	1
JPH2-related disorder	Autosomal dominant	8
JPH3-related disorder	Autosomal dominant	1
JUP-related disorder	Autosomal recessive	34
Jackson-Weiss syndrome	Autosomal dominant	1729
Jalili syndrome	Autosomal recessive	105
Jaundice	Autosomal recessive	7
Jawad syndrome	Autosomal recessive	36
Jeffries-Lakhani neurodevelopmental syndrome	Autosomal dominant	3
Jervell and Lange-Nielsen syndrome	Autosomal dominant	17
Jervell and Lange-Nielsen syndrome 1	Autosomal dominant	486
Jervell and Lange-Nielsen syndrome 2	Autosomal recessive	129
Jeune thoracic dystrophy	Autosomal recessive	418
Johanson-Blizzard syndrome	Autosomal recessive	47
Joint dislocation	Autosomal dominant	1
Joint hypermobility	Autosomal dominant	28
Joint laxity	Autosomal dominant	4
Joubert syndrome	Autosomal recessive	5797
Joubert syndrome 1	Autosomal recessive	464
Joubert syndrome 10	X-linked recessive	424
Joubert syndrome 12	Autosomal recessive	3
Joubert syndrome 13	Autosomal recessive	72
Joubert syndrome 14	Autosomal recessive	438
Joubert syndrome 15	Autosomal recessive	392
Joubert syndrome 16	Autosomal recessive	159
Joubert syndrome 17	Autosomal recessive	1452
Joubert syndrome 18	Autosomal recessive	960
Joubert syndrome 2	Autosomal recessive	221
Joubert syndrome 20	Autosomal recessive	857
Joubert syndrome 21	Autosomal recessive	1101
Joubert syndrome 22	Autosomal recessive	66
Joubert syndrome 23	Autosomal recessive	2626
Joubert syndrome 24	Autosomal recessive	414
Joubert syndrome 25	Autosomal recessive	308
Joubert syndrome 26	Autosomal recessive	32
Joubert syndrome 27	Autosomal recessive	8
Joubert syndrome 28	Autosomal recessive	343
Joubert syndrome 3	Autosomal recessive	487
Joubert syndrome 30	Autosomal recessive	2
Joubert syndrome 31	Autosomal recessive	13
Joubert syndrome 32	Autosomal dominant	80
Joubert syndrome 33	Autosomal recessive	2
Joubert syndrome 38	Autosomal recessive	16
Joubert syndrome 39	Autosomal recessive	1
Joubert syndrome 40	Autosomal recessive	2
Joubert syndrome 5	Autosomal recessive	3252
Joubert syndrome 6	Autosomal recessive	1259
Joubert syndrome 7	Autosomal recessive	961
Joubert syndrome 8	Autosomal recessive	343
Joubert syndrome 9	Autosomal recessive	865
Joubert syndrome 9/15, digenic	Autosomal recessive	4
Joubert syndrome and related disorders	Autosomal recessive	257
Joubert syndrome with Jeune asphyxiating thoracic dystrophy	Autosomal recessive	5
Joubert syndrome with ocular defect	Autosomal recessive	3
Joubert syndrome with renal defect	Autosomal recessive	700
Juberg-Hayward syndrome	Autosomal recessive	107
Junctional epidermolysis bullosa	Autosomal recessive	131
Junctional epidermolysis bullosa gravis of Herlitz	Autosomal recessive	926
Junctional epidermolysis bullosa with pyloric atresia	Autosomal recessive	1078
Junctional epidermolysis bullosa, non-Herlitz type	Autosomal recessive	524
Juvenile Polyposis	Autosomal dominant	1
Juvenile amyotrophic lateral sclerosis	Autosomal recessive	14
Juvenile cataract-microcornea-renal glucosuria syndrome	Autosomal dominant	60
Juvenile hemochromatosis	Autosomal recessive	3
Juvenile hyaline fibromatosis	Autosomal recessive	1
Juvenile myelomonocytic leukemia	Autosomal dominant	2950
Juvenile myoclonic epilepsy	Autosomal dominant	15
Juvenile nephropathic cystinosis	Autosomal recessive	1331
Juvenile neuronal ceroid lipofuscinosis	Autosomal recessive	35
Juvenile onset Parkinson disease 19A	Autosomal recessive	228
Juvenile onset psychosis	Autosomal dominant	2
Juvenile osteochondrosis of spine	Autosomal recessive	2
Juvenile polyposis of stomach	Autosomal dominant	2
Juvenile polyposis syndrome	Autosomal dominant	4155
Juvenile polyposis/hereditary hemorrhagic telangiectasia syndrome	Autosomal dominant	1690
Juvenile primary lateral sclerosis	Autosomal recessive	82
Juvenile retinitis pigmentosa, AIPL1-related	Autosomal recessive	2
Juvenile retinoschisis	X-linked dominant	213
Juvenile-onset diabetes mellitus-central and peripheral neurodegeneration syndrome	Autosomal recessive	14
KA-like vemurafenib-induced squamous lesions	Autosomal dominant	3
KANK2-related disorder	Autosomal recessive	2
KANSL1-related disorder	Autosomal dominant	9
KARS-related disorder	Autosomal recessive	2
KARS1-related disorder	Autosomal recessive	3
KAT6A-related disorder	Autosomal dominant	6
KAT6B-Related Spectrum Disorders	Autosomal dominant	1
KAT6B-realted disoder	Autosomal dominant	1
KAT6B-related disorder	Autosomal dominant	53
KAT6B-related multiple congenital anomalies syndrome	Autosomal dominant	1
KATNB1-related disorder	Autosomal recessive	1
KATNIP-related disorder	Autosomal recessive	2
KBG syndrome	Autosomal dominant	2276
KBTBD13-related disorder	Autosomal dominant	16
KCN2A-related disorder	Autosomal dominant	1
KCNA1-related disorder	Autosomal dominant	12
KCNA2-related developmental and epileptic encephalopathy	Autosomal dominant	1
KCNA2-related disorder	Autosomal dominant	6
KCNA5-related disorder	Autosomal dominant	12
KCNB1-related disorder	Autosomal dominant	19
KCNC1-related disorder	Autosomal dominant	12
KCNC3-related disorder	Autosomal dominant	2
KCND3-related disorder	Autosomal dominant	9
KCNE1-related disorder	Autosomal recessive	2
KCNE2-related disorder	Autosomal dominant	2
KCNH1-related disorder	Autosomal dominant	7
KCNH2-related disorder	Autosomal dominant	19
KCNJ1-related disorder	Autosomal recessive	4
KCNJ10-related disorder	Autosomal recessive	25
KCNJ11-related disorder	Autosomal dominant	19
KCNJ2-related disorder	Autosomal dominant	6
KCNJ5-related disorder	Autosomal dominant	12
KCNJ8-related disorder	Autosomal dominant	1
KCNK3-related disorder	Autosomal dominant	3
KCNMA1-related disorder	Autosomal dominant	47
KCNMB1-related disorder	Autosomal dominant	1
KCNN4-related disorder	Autosomal dominant	5
KCNQ1-related disorder	Autosomal dominant	69
KCNQ1-related epilepsy	Autosomal dominant	2
KCNQ2-Related Disorders	Autosomal dominant	34
KCNQ3-related Autism and developmental disability	Autosomal dominant	2
KCNQ3-related developmental disability	Autosomal dominant	2
KCNQ3-related disorder	Autosomal dominant	11
KCNQ4-related disorder	Autosomal dominant	7
KCNT1-related channelopathy	Autosomal dominant	1
KCNT1-related disorder	Autosomal dominant	129
KCNV2-related disorder	Autosomal recessive	11
KCQ1-related disorders	Autosomal dominant	3
KCTD1-related disorder	Autosomal dominant	1
KCTD17-related disorder	Autosomal dominant	4
KCTD7-related disorder	Autosomal recessive	4
KDM1A-related disorder	Autosomal dominant	2
KDM5C-related disorder	X-linked recessive	2
KDM6A-related disorder	X-linked dominant	32
KHDC3L-related condition	Autosomal recessive	1
KHK-related disorder	Autosomal recessive	3
KIAA0586-related disorder	Autosomal recessive	95
KIAA0753-related disorder	Autosomal recessive	2
KIF11-related disorder	Autosomal dominant	1
KIF14-related disorder	Autosomal recessive	4
KIF1A related neurological disorder	Autosomal recessive	5
KIF1A-related disorder	Autosomal recessive	89
KIF1B-related disorder	Autosomal dominant	11
KIF1C-related disorder	Autosomal recessive	13
KIF21A-related disorder	Autosomal dominant	8
KIF2A-related disorder	Autosomal dominant	2
KIF4A-related disorder	X-linked recessive	2
KIF5A-related disorder	Autosomal dominant	20
KIF7-related ciliopathy spectrum disorder	Autosomal recessive	4
KIF7-related disorder	Autosomal recessive	73
KIFBP-related disorder	Autosomal recessive	4
KININOGEN DEFICIENCY, TOTAL	Autosomal recessive	1
KISS1R-related disorder	Autosomal recessive	2
KIT-related disorder	Autosomal dominant	115
KIZ-related disorder	Autosomal recessive	2
KLF1-related disorder	Autosomal dominant	4
KLHL24-related disorder	Autosomal dominant	1
KLHL3-related disorder	Autosomal dominant	3
KLHL41-related disorder	Autosomal recessive	8
KLHL7-related disorder	Autosomal dominant	2
KLKB1-related disorder	Autosomal recessive	2
KMT2A-related disorder	Autosomal dominant	10
KMT2C-related NDD	Autosomal dominant	1
KMT2D-related disorder	Autosomal dominant	152
KNL1-related disorder	Autosomal recessive	8
KPTN-related disorder	Autosomal recessive	10
KRAS-related RASopathy	Autosomal dominant	2
KRAS-related disorder	Autosomal dominant	13
KRIT1-related disorder	Autosomal dominant	23
KRT1-related disorder	Autosomal dominant	6
KRT10-related disorder	Autosomal dominant	7
KRT13-related disorder	Autosomal dominant	10
KRT14-related disorder	Autosomal dominant	11
KRT16-related disorder	Autosomal dominant	3
KRT17-related disorder	Autosomal dominant	2
KRT2-related disorder	Autosomal dominant	8
KRT4-related disorder	Autosomal dominant	7
KRT5-related disorder	Autosomal dominant	13
KRT6B-related disorder	Autosomal dominant	1
KRT6C-related disorder	Autosomal dominant	10
KRT74-related disorder	Autosomal recessive	2
Kabuki syndrome	Autosomal dominant	639
Kabuki syndrome 1	Autosomal dominant	1519
Kabuki syndrome 2	X-linked dominant	945
Kabuki-like syndrome	Autosomal dominant	2
Kahrizi syndrome	Autosomal recessive	19
Kallikrein, decreased urinary activity of	Autosomal recessive	2
Kaposi sarcoma	Autosomal dominant	1
Kaposi sarcoma, susceptibility to	Autosomal dominant	2
Karak syndrome	Autosomal recessive	3
Karayol-Borroto-Haghshenas neurodevelopmental syndrome	Isolated cases	1
Kartagener syndrome	Autosomal recessive	187
Karyomegalic interstitial nephritis	Autosomal recessive	211
Kayser-Fleischer ring	Autosomal recessive	1
Kearns-Sayre syndrome	Mitochondrial	1
Keipert syndrome	X-linked recessive	1
Kennedy disease	X-linked recessive	1364
Keppen-Lubinsky syndrome	Autosomal dominant	14
Keratitis fugax hereditaria	Autosomal dominant	334
Keratoacanthoma	Autosomal dominant	1
Keratoconus	Autosomal dominant	5
Keratoconus 1	Autosomal dominant	48
Keratoderma with scleroatrophy of the extremities	Autosomal dominant	12
Keratoderma-ichthyosis-deafness syndrome, autosomal recessive	Autosomal recessive	105
Keratolytic winter erythema	Autosomal dominant	3
Keratosis follicularis	Autosomal dominant	151
Keratosis follicularis spinulosa decalvans, X-linked	X-linked recessive	10
Keratosis linearis-ichthyosis congenita-sclerosing keratoderma syndrome	Autosomal recessive	4
Keratosis palmoplantaris striata 2	Autosomal recessive	560
Keratosis palmoplantaris striata 3	Autosomal dominant	2
Ketoacidosis due to monocarboxylate transporter-1 deficiency	Autosomal dominant	26
Ketotic hypoglycemia	Autosomal recessive	3
Keutel syndrome	Autosomal recessive	32
Kidney damage	Autosomal recessive	14
Kidney disorder	Autosomal recessive	226
Kidney failure	Autosomal recessive	10
Kidney stone	Autosomal recessive	21
Kindler syndrome	Autosomal recessive	189
King Denborough syndrome	Autosomal dominant	1193
Klatskin tumor	Autosomal dominant	1
Kleefstra syndrome	Autosomal dominant	2
Kleefstra syndrome 1	Autosomal dominant	2055
Kleefstra syndrome 2	Autosomal dominant	1
Klippel-Feil anomaly-myopathy-facial dysmorphism syndrome	Autosomal recessive	162
Klippel-Feil syndrome	Autosomal recessive	1
Klippel-Feil syndrome 1, autosomal dominant	Autosomal dominant	453
Klippel-Feil syndrome 2, autosomal recessive	Autosomal recessive	7
Klippel-Trenaunay-like-Syndrome	Somatic mutation	1
Knee flexion contracture	Autosomal recessive	2
Kniest dysplasia	Autosomal dominant	831
Knobloch syndrome	Autosomal recessive	11
Knobloch syndrome 1	Autosomal recessive	71
Knuckle pads, deafness AND leukonychia syndrome	Autosomal dominant	634
Koolen-de Vries syndrome	Autosomal dominant	1120
Kostmann syndrome	Autosomal recessive	427
Krabbe disease due to saposin A deficiency	Autosomal recessive	307
Kufor-Rakeb syndrome	Autosomal recessive	999
Kugelberg-Welander disease	Autosomal recessive	52
Kuru, susceptibility to	Autosomal dominant	55
Kury-Isidor syndrome	Autosomal dominant	49
Kyphoscoliosis	Isolated cases	1
Kyphosis	Autosomal recessive	1
L-2-hydroxyglutaric aciduria	Autosomal recessive	251
L-FERRITIN DEFICIENCY, AUTOSOMAL RECESSIVE	Autosomal dominant	1
L-ferritin deficiency	Autosomal dominant	17
L1 syndrome	X-linked recessive	12
L1CAM-related disorder	X-linked recessive	9
L1CAM-related disorders	X-linked recessive	2
L2HGDH-related disorder	Autosomal recessive	9
LADD syndrome 1	Autosomal dominant	551
LAMA1-related disorder	Autosomal recessive	6
LAMA2-related disorder	Autosomal recessive	20
LAMA2-related muscular dystrophy	Autosomal recessive	368
LAMA3-Related Junctional Epidermolysis Bullosa	Autosomal recessive	1
LAMA3-related disorder	Autosomal recessive	32
LAMA4-related disorder	Autosomal dominant	51
LAMB1-related disorder	Autosomal recessive	1
LAMB2-related disorder	Autosomal recessive	46
LAMB2-related infantile-onset nephrotic syndrome	Autosomal recessive	1120
LAMB3-related disorder	Autosomal recessive	13
LAMC2-related disorder	Autosomal recessive	6
LAMC3-related disorder	Autosomal recessive	6
LAMP2-related disorder	X-linked dominant	14
LARGE1-Related Disorders	Autosomal recessive	1
LARGE1-related disorder	Autosomal recessive	32
LARP7-related disorder	Autosomal recessive	1
LARS1-related disorder	Autosomal recessive	4
LARS2-Related Disorders	Autosomal recessive	2
LARS2-related disorder	Autosomal recessive	8
LAS1L-related disorder	X-linked recessive	3
LBR-related disorder	Autosomal recessive	11
LCAT deficiency	Autosomal recessive	18
LCAT-related disorder	Autosomal recessive	4
LCHAD deficiency with maternal acute fatty liver of pregnancy	Autosomal recessive	1
LCK-related disorder	Autosomal recessive	8
LCT-related disorder	Autosomal recessive	6
LDB3-related disorder	Autosomal dominant	48
LDHA-related disorder	Autosomal recessive	3
LDLR-related disorder	Autosomal dominant	75
LDLR-related familial hypercholesterolemia	Autosomal dominant	1
LEMD3-related disorder	Autosomal dominant	2
LEOPARD syndrome 1	Autosomal dominant	673
LEOPARD syndrome 2	Autosomal dominant	34
LEOPARD syndrome 3	Autosomal dominant	550
LEP-related disorder	Autosomal recessive	3
LEUKEMIA, ACUTE MYELOID, M0 SUBTYPE	Autosomal dominant	1
LEUKEMIA, CHRONIC LYMPHOCYTIC, SOMATIC	Autosomal dominant	1
LEUKOENCEPHALOPATHY, PROGRESSIVE, INFANTILE-ONSET, WITH DEAFNESS	Autosomal recessive	3
LGI1-related disorder	Autosomal dominant	2
LHCGR-related disorder	Autosomal dominant	6
LHFPL5-related disorder	Autosomal recessive	2
LHX3-related disorder	Autosomal recessive	3
LHX4-related disorder	Autosomal dominant	4
LIAS-related disorder	Autosomal recessive	6
LIFR-related disorder	Autosomal recessive	6
LIG4-related disorder	Somatic mutation	5
LIM2-related disorder	Autosomal recessive	4
LIMS2-related disorder	Autosomal recessive	5
LIPA-related disorder	Autosomal recessive	6
LIPC-related disorder	Autosomal recessive	4
LIPE-related disorder	Autosomal recessive	3
LIPE-related familial partial lipodystrophy	Autosomal recessive	12
LIPH-related disorder	Autosomal recessive	1
LIPOPROTEIN LIPASE (OLBIA)	Autosomal recessive	1
LITAF-related disorder	Autosomal dominant	1
LMAN1-related disorder	Autosomal recessive	4
LMBR1-related disorder	Autosomal dominant	1
LMBRD1-related disorder	Autosomal recessive	8
LMF1-related disorder	Autosomal recessive	7
LMNA-related disorder	Autosomal dominant	127
LMNB2-related disorder	Autosomal recessive	13
LMOD3-related disorder	Autosomal recessive	13
LMX1A-related disorder	Autosomal dominant	1
LMX1B-related disorder	Autosomal dominant	8
LONP1-related disorder	Autosomal recessive	7
LOW DENSITY LIPOPROTEIN CHOLESTEROL LEVEL QUANTITATIVE TRAIT LOCUS 6	Autosomal dominant	1
LOXHD1-related disorder	Autosomal recessive	45
LPA-related disorder	Autosomal dominant	1
LPIN1-related disorder	Autosomal recessive	14
LPL-related disorder	Autosomal recessive	19
LPP-related disorder	Autosomal dominant	1
LRAT-related disorder	Autosomal recessive	2
LRBA deficiency	Autosomal recessive	1
LRBA-related disorder	Autosomal recessive	64
LRIT3-related disorder	Autosomal recessive	5
LRMDA-related disorder	Autosomal recessive	1
LRP2-related disorder	Autosomal recessive	95
LRP4-related disorder	Autosomal recessive	92
LRP5-related disorder	Autosomal dominant	259
LRP5-related exudative vitreoretinopathy	Autosomal dominant	4
LRP5-related primary osteoporosis	Autosomal dominant	3
LRP6-related disorder	Autosomal dominant	7
LRPPRC-related disorder	Autosomal recessive	20
LRRC8A-related disorder	Autosomal dominant	8
LRRK2-related disorder	Autosomal dominant	30
LRSAM1-related disorder	Autosomal dominant	13
LRTOMT-related disorder	Autosomal recessive	6
LTBP2-related disorder	Autosomal recessive	17
LTBP3-related disorder	Autosomal recessive	50
LTBP4-related disorder	Autosomal recessive	9
LYST-related disorder	Autosomal recessive	83
LZTFL1-related disorder	Autosomal recessive	15
LZTR1-associated CaLMs-syndrome	Autosomal dominant	1
LZTR1-related disorder	Autosomal dominant	72
LZTR1-related schwannomatosis	Autosomal dominant	608
Lacrimoauriculodentodigital syndrome 2	Autosomal dominant	74
Lacrimoauriculodentodigital syndrome 3	Autosomal dominant	13
Lactic acidosis	Autosomal recessive	5
Lafora disease	Autosomal recessive	22
Lamb-Shaffer syndrome	Autosomal dominant	106
Lambdoidal craniosynostosis	Autosomal dominant	13
Lamellar ichthyosis	Autosomal recessive	83
Laminopathy	Autosomal dominant	45
Landau-Kleffner syndrome	Autosomal dominant	1937
Langer mesomelic dysplasia syndrome	Autosomal recessive	17
Langer-Giedion syndrome	Autosomal dominant	4
Langereis blood group	Autosomal dominant	18
Large cafe-au-lait macules with irregular margins	Autosomal dominant	4
Large congenital melanocytic nevus	Autosomal dominant	58
Large for gestational age	Autosomal dominant	2
Large hands	Autosomal recessive	1
Laron-type isolated somatotropin defect	Autosomal recessive	138
Larsen syndrome	Autosomal dominant	230
Larsen-like syndrome, B3GAT3 type	Autosomal recessive	255
Laryngo-onycho-cutaneous syndrome	Autosomal recessive	396
Late-infantile neuronal ceroid lipofuscinosis	Autosomal recessive	155
Late-onset junctional epidermolysis bullosa	Autosomal recessive	1
Late-onset retinal degeneration	Autosomal dominant	95
Lateral meningocele syndrome	Autosomal dominant	284
Lateral ventricle dilatation	Autosomal dominant	2
Lathosterolosis	Autosomal recessive	131
Lattice corneal dystrophy Type I	Autosomal dominant	38
Lattice retinal degeneration	Autosomal dominant	1
Laurence-Moon syndrome	Autosomal recessive	120
Laurin-Sandrow syndrome	Autosomal dominant	13
Leanness, inherited	Autosomal dominant	1
Learning disability	Autosomal recessive	1
Leber congenital amaurosis	Autosomal recessive	1939
Leber congenital amaurosis 1	Autosomal recessive	1541
Leber congenital amaurosis 10	Autosomal recessive	3150
Leber congenital amaurosis 11	Autosomal dominant	10
Leber congenital amaurosis 12	Autosomal recessive	228
Leber congenital amaurosis 13	Autosomal recessive	564
Leber congenital amaurosis 14	Autosomal recessive	102
Leber congenital amaurosis 15	Autosomal recessive	145
Leber congenital amaurosis 16	Autosomal recessive	60
Leber congenital amaurosis 17	Autosomal recessive	389
Leber congenital amaurosis 18	Autosomal dominant	2
Leber congenital amaurosis 2	Autosomal recessive	931
Leber congenital amaurosis 4	Autosomal recessive	517
Leber congenital amaurosis 5	Autosomal recessive	3
Leber congenital amaurosis 6	Autosomal recessive	11
Leber congenital amaurosis 7	Autosomal dominant	442
Leber congenital amaurosis 8	Autosomal recessive	1642
Leber congenital amaurosis 9	Autosomal recessive	188
Leber optic atrophy	Mitochondrial	48
Leber optic atrophy and dystonia	Mitochondrial	6
Leber plus disease	Mitochondrial	1
Leber-like hereditary optic neuropathy, autosomal recessive 2	Mitochondrial	2
Left ventricular diastolic dysfunction	Autosomal dominant	1
Left ventricular hypertrophy	Autosomal dominant	13
Left ventricular noncompaction	Autosomal dominant	45
Left ventricular noncompaction 1	Autosomal dominant	611
Left ventricular noncompaction 10	Autosomal dominant	701
Left ventricular noncompaction 2	Autosomal recessive	2
Left ventricular noncompaction 3	Autosomal dominant	2
Left ventricular noncompaction 4	Autosomal dominant	6
Left ventricular noncompaction 5	Autosomal dominant	6
Left ventricular noncompaction 7	Autosomal dominant	48
Left ventricular noncompaction 8	Autosomal dominant	1298
Left ventricular noncompaction 9	Autosomal dominant	5
Left ventricular noncompaction cardiomyopathy	Autosomal dominant	80
Legg-Calve-Perthes disease	Autosomal dominant	778
Legius syndrome	Autosomal dominant	804
Leigh Syndrome (mtDNA mutation)	Autosomal dominant	2
Leigh syndrome	Mitochondrial	3931
Leigh syndrome due to mitochondrial complex I deficiency	Mitochondrial	5
Leigh syndrome due to mitochondrial complex IV deficiency	Mitochondrial	2
Leigh syndrome, mitochondrial	Mitochondrial	6
Leiomyosarcoma	Autosomal dominant	5
Lennox-Gastaut syndrome	Autosomal dominant	17
Lens luxation	Autosomal dominant	1
Lens subluxation	Autosomal dominant	8
Lenz-Majewski hyperostosis syndrome	Autosomal dominant	17
Leprechaunism syndrome	Autosomal recessive	468
Leprosy, susceptibility to, 1	Autosomal dominant	2
Leprosy, susceptibility to, 2	Autosomal recessive	2
Leprosy, susceptibility to, 3	Autosomal dominant	11
Leptin dysfunction	Autosomal recessive	2
Leri-Weill dyschondrosteosis	Autosomal dominant	43
Lesch-Nyhan syndrome	X-linked recessive	371
Lesch-nyhan syndrome, neurologic variant	X-linked recessive	2
Lesinurad response	Autosomal dominant	2
Lethal Kniest-like syndrome	Autosomal recessive	636
Lethal acantholytic epidermolysis bullosa	Autosomal recessive	822
Lethal arthrogryposis-anterior horn cell disease syndrome	Autosomal recessive	83
Lethal congenital contractural syndrome Finnish type	Autosomal recessive	15
Lethal congenital contracture syndrome 1	Autosomal recessive	86
Lethal congenital contracture syndrome 11	Autosomal recessive	2
Lethal congenital contracture syndrome 12	Autosomal recessive	2
Lethal congenital contracture syndrome 2	Autosomal recessive	17
Lethal congenital contracture syndrome 3	Autosomal recessive	10
Lethal congenital contracture syndrome 4	Autosomal recessive	23
Lethal congenital contracture syndrome 6	Autosomal recessive	4
Lethal congenital contracture syndrome 7	Autosomal recessive	24
Lethal congenital contracture syndrome 8	Autosomal recessive	10
Lethal congenital glycogen storage disease of heart	Autosomal dominant	997
Lethal fetal cerebrorenogenitourinary agenesis/hypoplasia syndrome	Autosomal recessive	27
Lethal multiple pterygium syndrome	Autosomal recessive	1217
Lethal osteosclerotic bone dysplasia	Autosomal recessive	51
Lethal polymalformative syndrome, Boissel type	Autosomal recessive	114
Lethal short-limb skeletal dysplasia, Al Gazali type	Autosomal recessive	3
Lethal short-limbed short stature	Autosomal dominant	9
Lethal skeletal dysplasia	Autosomal recessive	3
Lethal tight skin contracture syndrome	Autosomal dominant	250
Letrozole response	Autosomal dominant	1
Leucine-induced hypoglycemia	Autosomal dominant	1152
Leukemia, acute lymphoblastic, susceptibility to	Autosomal recessive	1
Leukemia, acute lymphocytic, susceptibility to, 1	Autosomal recessive	1
Leukemia, acute myeloid, susceptibility to	Autosomal dominant	11
Leukemia, chronic lymphocytic, susceptibility to, 3	Autosomal recessive	1
Leukocyte adhesion deficiency	Autosomal recessive	2
Leukocyte adhesion deficiency 1	Autosomal recessive	828
Leukocyte adhesion deficiency 3	Autosomal recessive	553
Leukocyte adhesion deficiency type II	Autosomal recessive	303
Leukodystrophy	Autosomal recessive	40
Leukodystrophy and acquired microcephaly with or without dystonia%3B	Autosomal recessive	40
Leukodystrophy, Adult-Onset	Autosomal recessive	2
Leukodystrophy, adult-onset, autosomal dominant, without amyloid angiopathy	Autosomal dominant	1
Leukodystrophy, hypomyelinating, 27	Autosomal dominant	6
Leukodystrophy, hypomyelinating, 7, with or without oligodontia and/or hypogonadotropic hypogonadism	Autosomal recessive	323
Leukoencephalopathy	Autosomal recessive	2
Leukoencephalopathy with brain stem and spinal cord involvement-high lactate syndrome	Autosomal recessive	179
Leukoencephalopathy with calcifications and cysts	Autosomal recessive	1
Leukoencephalopathy with mild cerebellar ataxia and white matter edema	Autosomal recessive	198
Leukoencephalopathy with vanishing white matter 1	Autosomal recessive	40
Leukoencephalopathy with vanishing white matter 2	Autosomal recessive	2
Leukoencephalopathy with vanishing white matter 4	Autosomal recessive	2
Leukoencephalopathy with vanishing white matter 5	Autosomal recessive	3
Leukoencephalopathy, diffuse hereditary, with spheroids 1	Autosomal dominant	44
Leukoencephalopathy, hereditary diffuse, with spheroids 2	Autosomal dominant	8
Leukoencephalopathy, porphyria-related	Autosomal dominant	6
Leukoencephalopathy, progressive, infantile-onset, with or without deafness	Autosomal recessive	11
Leukoencephalopathy, progressive, with ovarian failure	Autosomal recessive	63
Leukoencephalopathy-thalamus and brainstem anomalies-high lactate syndrome	Autosomal recessive	130
Levy-Hollister syndrome	Autosomal dominant	580
Lewy body dementia	Autosomal recessive	231
Leydig cell agenesis	Autosomal recessive	86
Leydig hypoplasia, type I	Autosomal recessive	1
Lhermitte-Duclos disease	Autosomal dominant	2
Li-Fraumeni syndrome	Autosomal dominant	1347
Li-Fraumeni syndrome 1	Autosomal dominant	1613
Li-fraumeni-like syndrome	Autosomal dominant	9
Liang-Wang syndrome	Autosomal dominant	25
Lichtenstein-Knorr syndrome	Autosomal recessive	12
Liddle syndrome 1	Autosomal dominant	377
Liddle syndrome 2	Autosomal dominant	110
Liddle syndrome 3	Autosomal recessive	140
Likely inborn error of metabolism	Autosomal recessive	7
Limb ataxia	Mitochondrial	1
Limb dystonia	Autosomal dominant	2
Limb hypertonia	Autosomal dominant	3
Limb muscle weakness	Autosomal dominant	2
Limb pain	Autosomal dominant	5
Limb tremor	Autosomal recessive	1
Limb undergrowth	Autosomal recessive	2
Limb-girdle muscle atrophy	Autosomal recessive	2
Limb-girdle muscle weakness	Autosomal recessive	3
Limb-girdle muscular dystrophy	Autosomal recessive	84
Limb-girdle muscular dystrophy due to POMK deficiency	Autosomal recessive	475
Limb-girdle muscular dystrophy, recessive	Autosomal recessive	2
Limb-mammary syndrome	Autosomal dominant	485
Linear nevus sebaceous syndrome	Autosomal dominant	153
Linear porokeratosis	Autosomal dominant	2
Linear skin defects with multiple congenital anomalies 1	X-linked dominant	23
Linear skin defects with multiple congenital anomalies 2	X-linked dominant	7
Linear skin defects with multiple congenital anomalies 3	X-linked dominant	11
Lip and oral cavity carcinoma	Autosomal dominant	46
Lip telangiectasia	Autosomal dominant	1
Lipase deficiency, combined	Autosomal recessive	43
Lipid proteinosis	Autosomal recessive	48
Lipid storage myopathy	Autosomal recessive	1
Lipoatrophy with Diabetes, Hepatic Steatosis, Hypertrophic Cardiomyopathy, and Leukomelanodermic Papules	Autosomal dominant	222
Lipodystrophy	Autosomal dominant	18
Lipodystrophy - childhood onset	Autosomal dominant	14
Lipodystrophy, congenital generalized, type 5	Autosomal recessive	3
Lipodystrophy, partial, acquired, susceptibility to	Autosomal dominant	576
Lipoic acid synthetase deficiency	Autosomal recessive	363
Lipoma, somatic	Autosomal dominant	1
Lipoprotein glomerulopathy	Autosomal dominant	34
Lipoyl transferase 1 deficiency	Autosomal recessive	15
Lisch epithelial corneal dystrophy	Autosomal recessive	27
Lisch nodules	Autosomal dominant	5
Lissencephaly	Autosomal dominant	35
Lissencephaly 4	Autosomal recessive	147
Lissencephaly 6 with microcephaly	Autosomal recessive	23
Lissencephaly 7 with cerebellar hypoplasia	Autosomal recessive	3
Lissencephaly due to LIS1 mutation	Isolated cases	148
Lissencephaly due to TUBA1A mutation	Autosomal dominant	149
Lissencephaly type 1 due to doublecortin gene mutation	X-linked	64
Lissencephaly type 3	Autosomal recessive	2
Loeys-Dietz syndrome	Autosomal dominant	100
Loeys-Dietz syndrome 1	Autosomal dominant	185
Loeys-Dietz syndrome 2	Autosomal dominant	1035
Loeys-Dietz syndrome 4	Autosomal dominant	593
Long QT syndrome	Autosomal dominant	2028
Long QT syndrome 1	Autosomal dominant	1097
Long QT syndrome 1, recessive	Autosomal recessive	1
Long QT syndrome 1/2, digenic	Autosomal dominant	3
Long QT syndrome 10	Autosomal dominant	174
Long QT syndrome 11	Autosomal dominant	3
Long QT syndrome 12	Autosomal dominant	116
Long QT syndrome 13	Autosomal dominant	171
Long QT syndrome 14	Autosomal dominant	250
Long QT syndrome 15	Autosomal dominant	36
Long QT syndrome 16	Autosomal dominant	6
Long QT syndrome 2	Autosomal dominant	481
Long QT syndrome 2/3, digenic	Autosomal dominant	1
Long QT syndrome 2/5, digenic	Autosomal dominant	2
Long QT syndrome 2/9, digenic	Autosomal dominant	2
Long QT syndrome 3	Autosomal dominant	1992
Long QT syndrome 3, acquired, susceptibility to	Autosomal dominant	10
Long QT syndrome 3/6, digenic	Autosomal dominant	1
Long QT syndrome 4	Autosomal dominant	3
Long QT syndrome 5	Autosomal dominant	127
Long QT syndrome 5, acquired, susceptibility to	Autosomal recessive	1
Long QT syndrome 6	Autosomal dominant	111
Long QT syndrome 6, acquired, susceptibility to	Autosomal dominant	1
Long QT syndrome 8	Autosomal dominant	126
Long QT syndrome 9	Autosomal dominant	84
Long QT syndrome, bradycardia-induced	Autosomal dominant	1
Long QT syndrome, drug-associated	Autosomal dominant	3
Long chain 3-hydroxyacyl-CoA dehydrogenase deficiency	Autosomal recessive	99
Long ear	Isolated cases	1
Long eyelashes	Autosomal dominant	1
Long face	X-linked recessive	1
Long fingers	Autosomal dominant	1
Long neck	Isolated cases	1
Long palpebral fissure	X-linked	1
Long philtrum	Autosomal dominant	2
Long telomere syndrome	Autosomal dominant	24
Lopes-Maciel-Rodan syndrome	Autosomal dominant	6
Loricrin keratoderma	Autosomal dominant	9
Loss of ambulation	Autosomal recessive	3
Low anterior hairline	Autosomal dominant	1
Low density lipoprotein cholesterol level quantitative trait locus 1	Autosomal dominant	1
Low grade glioma	Autosomal dominant	3
Low phospholipid associated cholelithiasis	Autosomal dominant	379
Low renin, low aldosterone hypertension	Autosomal dominant	2
Low-output congestive heart failure	Autosomal dominant	1
Low-set ears	Autosomal recessive	6
Low-set, posteriorly rotated ears	Autosomal dominant	2
Lowe syndrome	X-linked recessive	787
Lower limb amyotrophy	Autosomal dominant	7
Lower limb hyperreflexia	Autosomal recessive	1
Lower limb muscle weakness	Autosomal recessive	9
Lower limb pain	Autosomal dominant	1
Lower limb spasticity	Autosomal recessive	1
Lower limb undergrowth	Autosomal dominant	9
Lower motor neuron syndrome with late-adult onset	Autosomal dominant	636
Lower-limb joint contracture	Autosomal recessive	2
Lowry-Wood syndrome	Autosomal recessive	29
LuLu phenotype	Autosomal recessive	1
Lucey-Driscoll syndrome	Autosomal recessive	282
Lumbar disk degeneration, susceptibility to	Autosomal dominant	1
Lumbar disk herniation, susceptibility to	Autosomal dominant	2
Lumbar scoliosis	Autosomal dominant	7
Lung adenocarcinoma	Autosomal dominant	11
Lung cancer	Autosomal recessive	905
Lung carcinoid tumor	Autosomal dominant	1
Lung carcinoma	Autosomal dominant	48
Lung disease, non-specific	Autosomal recessive	7
Lung lymphangioleiomyomatosis	Autosomal dominant	7
Lung sarcomatoid carcinoma	Autosomal dominant	3
Luscan-Lumish syndrome	Autosomal dominant	857
Luteinizing hormone resistance, female	Autosomal recessive	4
Lymphangioma	Somatic mutation	1
Lymphangiomyomatosis	Autosomal dominant	850
Lymphatic malformation 3	Autosomal dominant	22
Lymphatic malformation 4	Autosomal dominant	10
Lymphatic malformation 6	Autosomal recessive	213
Lymphedema	Autosomal dominant	11
Lymphedema-posterior choanal atresia syndrome	Autosomal recessive	26
Lymphoma	Autosomal dominant	10
Lymphoma, non-Hodgkin, familial	Autosomal recessive	66
Lymphoproliferative disorder	X-linked recessive	1
Lymphoproliferative syndrome 1	Autosomal recessive	540
Lymphoproliferative syndrome 2	Autosomal recessive	220
Lynch syndrome	Autosomal dominant	2301
Lynch syndrome 1	Autosomal dominant	3467
Lynch syndrome 4	Autosomal recessive	65
Lynch syndrome 5	Autosomal dominant	3335
Lynch syndrome 8	Autosomal recessive	12
Lynch-like syndrome	Autosomal dominant	77
Lysinuric protein intolerance	Autosomal recessive	792
Lysosomal acid lipase deficiency	Autosomal recessive	36
Lysosomal storage disease	Autosomal recessive	20
MACRODACTYLY, SOMATIC	Somatic mutation	1
MACROTHROMBOCYTOPENIA, FAMILIAL, BERNARD-SOULIER TYPE	Autosomal recessive	1
MACULAR DEGENERATION, AGE-RELATED, 1, SUSCEPTIBILITY TO	Autosomal dominant	1
MACULAR DEGENERATION, AGE-RELATED, 2, SUSCEPTIBILITY TO	Autosomal recessive	4
MACULAR DEGENERATION, AGE-RELATED, 9, SUSCEPTIBILITY TO	Autosomal dominant	3
MAF-related disorder	Autosomal dominant	9
MAFB-related disorder	Autosomal dominant	5
MAG-related disorder	Autosomal recessive	12
MAGED2-related disorder	X-linked recessive	1
MAGEL2-related disorder	Autosomal dominant	28
MAK-related disorder	Autosomal recessive	2
MALE GERM CELL TUMOR, SOMATIC	Autosomal recessive	1
MALT1-related disorder	Autosomal recessive	9
MAMLD1-related disorder	X-linked recessive	2
MAN1B1-congenital disorder of glycosylation	Autosomal recessive	1
MAN1B1-related disorder	Autosomal recessive	18
MAN2B1-related disorder	Autosomal recessive	27
MANBA-related disorder	Autosomal recessive	20
MAOA-related disorder	X-linked recessive	2
MAP2K1-related RASopathy	Isolated cases	1
MAP2K1-related disorder	Autosomal dominant	2
MAP2K2-related disorder	Autosomal dominant	1
MAP3K1-related disorder	Autosomal dominant	11
MAP3K15-related disorder	X-linked dominant	2
MAP3K20-related disorder	Autosomal recessive	1
MAPT-Related Spectrum Disorders	Autosomal dominant	27
MAPT-related disorder	Autosomal dominant	30
MARFAN SYNDROME, AUTOSOMAL RECESSIVE	Autosomal dominant	2
MARFAN SYNDROME, MILD	Autosomal dominant	1
MARFAN SYNDROME, MILD VARIABLE	Autosomal dominant	1
MARS-related disorder	Autosomal dominant	2
MARS1-related disorder	Autosomal dominant	23
MARS2-related disorder	Autosomal recessive	2
MARVELD2-related disorder	Autosomal recessive	3
MASA syndrome	X-linked recessive	97
MASP1-related disorder	Autosomal recessive	16
MASP2-related disorder	Autosomal recessive	5
MASS syndrome	Autosomal dominant	2220
MAST CELL LEUKEMIA, SOMATIC	Autosomal dominant	2
MASTOCYTOSIS WITH ASSOCIATED HEMATOLOGIC DISORDER, SOMATIC	Autosomal dominant	2
MASTOCYTOSIS, CUTANEOUS AND SYSTEMIC, SOMATIC	Autosomal dominant	2
MASTOCYTOSIS, SYSTEMIC, SOMATIC	Autosomal dominant	3
MAT1A-related disorder	Autosomal dominant	8
MATN3-related disorder	Autosomal dominant	3
MATR3-related disorder	Autosomal dominant	29
MAX-related disorder	Autosomal dominant	4
MBD5 associated neurodevelopmental disorder	Autosomal dominant	3
MBD5-related disorder	Autosomal dominant	31
MBL2-related disorder	Autosomal dominant	2
MBTPS2-related disorder	X-linked recessive	4
MC1R-related disorder	Autosomal recessive	6
MC2R-related disorder	Autosomal recessive	3
MC4R-related disorder	Autosomal dominant	1
MCADD - Medium-chain acyl-CoA dehydrogenase deficiency – full ACADM sequencing newborn screening follow up	Autosomal recessive	7
MCCC1-related disorder	Autosomal recessive	33
MCCC2-related disorder	Autosomal recessive	25
MCEE-related disorder	Autosomal recessive	2
MCFD2-related disorder	Autosomal recessive	1
MCM2-related disorder	Autosomal dominant	1
MCM4-related disorder	Autosomal recessive	9
MCOLN1-related disorder	Autosomal recessive	12
MCPH1-related disorder	Autosomal recessive	20
MECOM-associated syndrome	Autosomal dominant	1
MECOM-related disorder	Autosomal dominant	1
MECP2-related disorder	X-linked recessive	275
MED12-Related Disorders	X-linked recessive	20
MED12-related intellectual disability syndrome	X-linked recessive	15
MED13L-related disorder	Autosomal dominant	61
MED17-related disorder	Autosomal recessive	9
MED23-related disorder	Autosomal recessive	2
MED25-related disorder	Autosomal recessive	2
MEDNIK syndrome	Autosomal recessive	10
MEF2C-related disorder	Autosomal dominant	10
MEFV-related disorder	Autosomal recessive	36
MEGF10-related disorder	Autosomal recessive	21
MEGF10-related myopathy	Autosomal recessive	924
MEGF8-related Carpenter syndrome	Autosomal recessive	696
MEGF8-related disorder	Autosomal recessive	30
MELANESIAN BLOND HAIR	Autosomal recessive	29
MELAS syndrome	Mitochondrial	25
MEN1-related disorder	Autosomal dominant	59
MEN2 phenotype: Unclassified	Autosomal dominant	24
MEND syndrome	X-linked recessive	25
MERRF syndrome	Mitochondrial	6
MERRF/MELAS overlap syndrome	Mitochondrial	3
MERTK-related disorder	Autosomal recessive	5
MET-related disorder	Autosomal recessive	26
METABOLIC SYNDROME, PROTECTION AGAINST	Autosomal dominant	1
METACHROMATIC LEUKODYSTROPHY, LATE-ONSET	Autosomal recessive	1
METACHROMATIC LEUKODYSTROPHY, MILD	Autosomal recessive	2
METACHROMATIC LEUKODYSTROPHY, SEVERE	Autosomal recessive	9
METHEMOGLOBINEMIA, BETA TYPE	Autosomal dominant	219
METHEMOGLOBINEMIA, TYPE I	Autosomal recessive	3
METHEMOGLOBINEMIA, TYPE II	Autosomal recessive	2
METHYLMALONIC ACIDURIA AND HOMOCYSTINURIA, cblC TYPE, DIGENIC	Autosomal recessive	4
METHYLMALONIC ACIDURIA, mut(-) TYPE	Autosomal recessive	2
METHYLMALONIC ACIDURIA, mut(0) TYPE	Autosomal recessive	10
MF5D8-related disorder	Autosomal recessive	1
MFAP5-related disorder	Autosomal dominant	3
MFN2-related disorder	Autosomal dominant	9
MFRP-related disorder	Autosomal recessive	15
MFSD8-related disorder	Autosomal recessive	10
MGAT2-congenital disorder of glycosylation	Autosomal recessive	114
MGAT2-related disorder	Autosomal recessive	6
MGP-related disorder	Autosomal recessive	3
MHC class I deficiency	Autosomal recessive	8
MHC class I deficiency 1	Autosomal recessive	12
MHC class II deficiency	Autosomal recessive	28
MHC class II deficiency 1	Autosomal recessive	44
MHC class II deficiency 2	Autosomal recessive	2
MHC class II deficiency 4	Autosomal recessive	1
MIB1-related disorder	Autosomal dominant	3
MICROPHTHALMIA, SYNDROMIC 15	Autosomal recessive	2
MICU1-related disorder	Autosomal recessive	1
MID1-related disorder	X-linked recessive	1
MIRAGE syndrome	Autosomal dominant	73
MITF-related disorder	Autosomal dominant	103
MITOCHONDRIAL COMPLEX I DEFICIENCY, MITOCHONDRIAL TYPE 2	Mitochondrial	1
MITOCHONDRIAL COMPLEX I DEFICIENCY, MITOCHONDRIAL TYPE 3	Mitochondrial	1
MKKS-related ciliopathy	Autosomal recessive	2
MKKS-related disorder	Autosomal recessive	171
MKRN3-related disorder	Autosomal dominant	1
MKS1-related disorder	Autosomal recessive	181
MLC1-related disorder	Autosomal recessive	6
MLH1-related disorder	Autosomal dominant	45
MLH3-related disorder	Autosomal dominant	33
MLPH-related disorder	Autosomal recessive	2
MLYCD-related disorder	Autosomal recessive	16
MMAA-related disorder	Autosomal recessive	12
MMAB-related disorder	Autosomal recessive	14
MMACHC-related disorder	Autosomal recessive	19
MMADHC-related disorder	Autosomal recessive	8
MME-related autosomal dominant Charcot Marie Tooth disease type 2	Autosomal recessive	1
MME-related disorder	Autosomal recessive	4
MMP1-related disorder	Autosomal recessive	1
MMP20-related disorder	Autosomal recessive	4
MMP21-related disorder	Autosomal recessive	4
MMUT-related disorder	Autosomal recessive	18
MN1 C-terminal truncation (MCTT) syndrome	Autosomal dominant	1
MNX1-related disorder	Autosomal dominant	1
MOCOS-related disorder	Autosomal recessive	8
MOCS1-related disorder	Autosomal recessive	22
MOCS2-related disorder	Autosomal recessive	2
MOCS2-related molybdenum cofactor deficiency	Autosomal recessive	1
MOGS-congenital disorder of glycosylation	Autosomal recessive	535
MOGS-related disorder	Autosomal recessive	16
MORC2-related developmental disorder	Autosomal dominant	1
MORC2-related disorder	Autosomal dominant	17
MORC2-related neurodevelopmental disorders	Autosomal dominant	1
MORM syndrome	Autosomal recessive	244
MPDU1-congenital disorder of glycosylation	Autosomal recessive	82
MPDU1-related disorder	Autosomal recessive	3
MPDZ-related disorder	Autosomal recessive	9
MPI-congenital disorder of glycosylation	Autosomal recessive	562
MPI-related disorder	Autosomal recessive	9
MPL-related disorder	Somatic mutation	11
MPO-related disorder	Autosomal recessive	7
MPV17-related disorder	Autosomal recessive	11
MPV17-related mitochondrial DNA maintenance defect	Autosomal recessive	2
MPZ-related Charcot-Marie-Tooth	Autosomal dominant	1
MPZ-related disorder	Autosomal dominant	42
MPZ-related polyneuropathy	Autosomal dominant	1
MRAP-related disorder	Autosomal recessive	1
MRE11-related disorder	Autosomal recessive	16
MRPS22-related disorder	Autosomal recessive	5
MSH2 POLYMORPHISM	Autosomal dominant	1
MSH2-related disorder	Autosomal dominant	168
MSH3-related disorder	Autosomal recessive	50
MSH6-related disorder	Autosomal dominant	196
MSR1-related disorder	X-linked dominant	1
MST1R-related disorder	Autosomal dominant	1
MSX1-related disorder	Autosomal dominant	9
MSX2-related disorder	Autosomal dominant	2
MT-ATP6-related disorder	Mitochondrial	3
MT-ATP6-related mitochondrial disease	Autosomal dominant	1
MT-ATP6-related primary mitochondrial disease	Mitochondrial	1
MT-TK-related disorder	Mitochondrial	2
MT-TK-related mitochondrial disorder	Somatic mutation	1
MT-TL1-related disorder	Autosomal dominant	2
MT-TL1-related disorders	Autosomal dominant	2
MTAP-related disorder	Autosomal dominant	3
MTFMT-Related Disorders	Autosomal recessive	2
MTFMT-related disorder	Autosomal recessive	2
MTHFR THERMOLABILE POLYMORPHISM	Autosomal dominant	5
MTHFR-related disorder	Autosomal recessive	33
MTM1-related disorder	X-linked recessive	5
MTMR2-related disorder	Autosomal recessive	4
MTO1 deficiency	Autosomal recessive	1
MTO1-related disorder	Autosomal recessive	14
MTOR-related disorder	Autosomal dominant	4
MTOR-related megalencephaly and pigmentary mosaicism in skin	Autosomal dominant	1
MTPAP-related disorder	Autosomal recessive	1
MTR-related disorder	Autosomal recessive	24
MTRFR-related disorder	Autosomal recessive	5
MTRR-related disorder	Autosomal recessive	16
MTTP-related disorder	Autosomal recessive	13
MULTIPLE ENDOCRINE NEOPLASIA, TYPE IIA, WITH HIRSCHSPRUNG DISEASE	Autosomal dominant	3
MULTIPLE JOINT DISLOCATIONS, SHORT STATURE, AND CRANIOFACIAL DYSMORPHISM WITH CONGENITAL HEART DEFECTS	Autosomal recessive	2
MULTIPLE JOINT DISLOCATIONS, SHORT STATURE, AND CRANIOFACIAL DYSMORPHISM WITHOUT CONGENITAL HEART DEFECTS	Autosomal recessive	2
MUSCULAR DYSTROPHY, LIMB-GIRDLE, AUTOSOMAL RECESSIVE 6, DIGENIC	Autosomal recessive	1
MUSK-related disorder	Autosomal recessive	36
MUTYH-related disorder	Autosomal dominant	4
MVD-related disorder	Autosomal dominant	3
MVK-related disorder	Autosomal recessive	36
MYBPC1-related disorder	Autosomal recessive	1
MYBPC3-related cardiomyopathies	Autosomal dominant	9
MYBPC3-related disorder	Autosomal dominant	105
MYC-related disorder	Autosomal recessive	1
MYCN-related disorder	Autosomal dominant	7
MYF6-related disorder	Autosomal dominant	2
MYH11-related disorder	Autosomal dominant	84
MYH14-related disorder	Autosomal dominant	21
MYH2-related disorder	Autosomal dominant	37
MYH2-related myopathy	Autosomal dominant	1
MYH3-related disorder	Autosomal dominant	56
MYH6-related cardiovascular disease	Autosomal dominant	1
MYH6-related disorder	Autosomal dominant	31
MYH7-related cardiomyopathy	Autosomal dominant	4
MYH7-related disorder	Autosomal dominant	185
MYH7-related skeletal myopathy	Autosomal dominant	1392
MYH8-related disorder	Autosomal dominant	13
MYH9-related disorder	Autosomal dominant	295
MYLK-related disorder	Autosomal dominant	79
MYLK2-related disorder	Autosomal dominant	19
MYO15A-related disorder	Autosomal recessive	52
MYO18B-related disorder	Autosomal recessive	6
MYO1A-related disorder	Autosomal dominant	4
MYO1E-related disorder	Autosomal recessive	11
MYO3A-related disorder	Autosomal recessive	11
MYO5A-related disorder	Autosomal recessive	1
MYO5B-related disorder	Autosomal recessive	35
MYO6-related disorder	Autosomal recessive	8
MYO7A-related disorder	Autosomal recessive	134
MYOC-related disorder	Autosomal dominant	8
MYOT-related disorder	Autosomal dominant	11
MYOZ2-related disorder	Autosomal dominant	2
MYPN-related disorder	Autosomal dominant	44
MYPN-related myopathy	Autosomal dominant	135
MYRF-related disorder	Autosomal dominant	1
MYT1L-related disorder	Autosomal dominant	3
Macrocephaly	Autosomal dominant	17
Macrocephaly and epileptic encephalopathy	Autosomal dominant	2
Macrocephaly at birth	Autosomal dominant	1
Macrocephaly, dysmorphic facies, and psychomotor retardation	Autosomal recessive	85
Macrocephaly-autism syndrome	Autosomal dominant	395
Macrocephaly-developmental delay syndrome	Autosomal recessive	145
Macrocephaly-intellectual disability-neurodevelopmental disorder-small thorax syndrome	Autosomal dominant	115
Macrocephaly/megalencephaly syndrome, autosomal recessive	Autosomal recessive	6
Macrocytic anemia	Autosomal dominant	1
Macrodactyly of toe	Autosomal dominant	2
Macroglossia	Autosomal dominant	1
Macroscopic hematuria	Autosomal dominant	1
Macrothrombocytopenia	Autosomal dominant	23
Macrothrombocytopenia and granulocyte inclusions with or without nephritis or sensorineural hearing loss	Autosomal dominant	728
Macrothrombocytopenia, isolated, 1, autosomal dominant	Autosomal dominant	53
Macrotia	Autosomal dominant	3
Macular corneal dystrophy	Autosomal recessive	292
Macular corneal dystrophy, type II	Autosomal recessive	1
Macular degeneration	Autosomal dominant	41
Macular degeneration, X-linked atrophic	X-linked recessive	31
Macular degeneration, age-related, 13, susceptibility to	Autosomal dominant	4
Macular degeneration, age-related, 3	Autosomal dominant	67
Macular degeneration, early-onset	Autosomal dominant	173
Macular dystrophy	Autosomal recessive	47
Macular dystrophy with central cone involvement	Autosomal recessive	90
Macular dystrophy with or without cone dysfunction	Autosomal recessive	1
Macular dystrophy with or without extraocular features	Autosomal recessive	8
Macular dystrophy, retinal, 5	Autosomal recessive	3
Macular schisis	X-linked dominant	1
Madras motor neuron disease	Autosomal recessive	1
Maffucci syndrome	Autosomal dominant	6
Magnetic resonance imaging of brain abnormal	Autosomal recessive	5
Malan overgrowth syndrome	Autosomal dominant	518
Malaria, cerebral, resistance to	Autosomal dominant	4
Malaria, cerebral, susceptibility to	Autosomal dominant	1
Malaria, resistance to	Autosomal dominant	6
Malaria, susceptibility to	Autosomal dominant	841
Male infertility	X-linked recessive	38
Male infertility due to gonadal dysgenesis or sperm disorder	Autosomal recessive	1
Male infertility with azoospermia or oligozoospermia due to single gene mutation	Autosomal dominant	29
Male infertility with spermatogenesis disorder	Autosomal dominant	5
Male pseudohermaphroditism	Autosomal recessive	1
Male subfertility	Autosomal dominant	2
Malformation of the heart and great vessels	Autosomal dominant	5
Malignant fibrous histiocytoma	Autosomal recessive	1
Malignant germ cell tumor of ovary	Autosomal dominant	2
Malignant glioma	Autosomal dominant	9
Malignant hyperthermia	Autosomal dominant	4
Malignant hyperthermia and exertional rhabdomyolosis	Autosomal dominant	3
Malignant hyperthermia equivocal with halotane	Autosomal dominant	1
Malignant hyperthermia of anesthesia	Autosomal dominant	190
Malignant hyperthermia, susceptibility to	Autosomal dominant	4
Malignant hyperthermia, susceptibility to, 1	Autosomal dominant	6034
Malignant hyperthermia, susceptibility to, 5	Autosomal dominant	2313
Malignant hypothermia	Autosomal dominant	19
Malignant lymphoma, large B-cell, diffuse	Autosomal dominant	13
Malignant melanoma of skin	Autosomal recessive	1
Malignant migrating partial seizures of infancy	Autosomal dominant	8
Malignant neoplasm of brain	Autosomal dominant	1
Malignant neoplastic disease	Somatic mutation	2
Malignant tumor of ascending colon	Autosomal dominant	2
Malignant tumor of breast	Autosomal dominant	1977
Malignant tumor of esophagus	Autosomal dominant	156
Malignant tumor of pancreas	Autosomal dominant	34
Malignant tumor of testis	Autosomal dominant	109
Malignant tumor of thyroid gland	Autosomal dominant	1
Malignant tumor of unknown origin	Autosomal dominant	1
Malignant tumor of urinary bladder	Autosomal dominant	560
Mandibular hypoplasia-deafness-progeroid syndrome	Autosomal dominant	354
Mandibular prognathia	Isolated cases	1
Mandibuloacral dysplasia	Autosomal dominant	14
Mandibuloacral dysplasia with type A lipodystrophy	Autosomal dominant	1493
Mandibuloacral dysplasia with type A lipodystrophy, atypical	Autosomal dominant	21
Mandibuloacral dysplasia with type B lipodystrophy	Autosomal recessive	67
Mandibulofacial dysostosis	Autosomal dominant	1
Mandibulofacial dysostosis with alopecia	Autosomal dominant	22
Mandibulofacial dysostosis with mental deficiency	Autosomal recessive	1
Mandibulofacial dysostosis-microcephaly syndrome	Autosomal dominant	148
Mannose-binding lectin deficiency	Autosomal dominant	87
Mantle cell lymphoma	Autosomal recessive	2
Maple syrup urine disease	Autosomal recessive	276
Maple syrup urine disease type 1A	Autosomal recessive	381
Maple syrup urine disease type 1B	Autosomal recessive	56
Maple syrup urine disease type 2	Autosomal recessive	13
Marden-Walker syndrome	Autosomal dominant	166
Marfan Syndrome/Loeys-Dietz Syndrome/Familial Thoracic Aortic Aneurysms and Dissections	Autosomal dominant	248
Marfan syndrome	Autosomal dominant	9632
Marfan syndrome, atypical	Autosomal dominant	9
Marfan syndrome, incomplete	Autosomal dominant	7
Marfanoid habitus and intellectual disability	Autosomal dominant	16
Marinesco-Sjögren syndrome	Autosomal recessive	310
Marshall syndrome	Autosomal dominant	169
Marshall-Smith syndrome	Autosomal dominant	498
Martsolf syndrome	Autosomal recessive	548
Martsolf syndrome 1	Autosomal recessive	56
Martsolf syndrome 2	Autosomal recessive	14
Mask-like facies	Autosomal dominant	1
Mast syndrome	Autosomal recessive	106
Mastocytosis	Autosomal dominant	215
Maternal hypertension	Autosomal dominant	1
Maternal riboflavin deficiency	Autosomal dominant	1
Maternally-inherited mitochondrial myopathy	Autosomal dominant	2
Maternally-inherited spastic paraplegia	Mitochondrial	1
Matthew-Wood syndrome	Autosomal recessive	168
Maturity-onset diabetes of the young	Autosomal dominant	1474
Maturity-onset diabetes of the young type 1	Autosomal dominant	473
Maturity-onset diabetes of the young type 10	Autosomal dominant	108
Maturity-onset diabetes of the young type 11	Autosomal dominant	153
Maturity-onset diabetes of the young type 13	Autosomal dominant	252
Maturity-onset diabetes of the young type 14	Autosomal dominant	18
Maturity-onset diabetes of the young type 2	Autosomal dominant	754
Maturity-onset diabetes of the young type 3	Autosomal dominant	522
Maturity-onset diabetes of the young type 4	Autosomal dominant	56
Maturity-onset diabetes of the young type 6	Autosomal dominant	65
Maturity-onset diabetes of the young type 7	Autosomal dominant	1
Maturity-onset diabetes of the young type 8	Autosomal dominant	152
Maturity-onset diabetes of the young type 9	Autosomal dominant	51
Maturity-onset diabetes of the young, type 12	Autosomal dominant	6
Mauriac syndrome	Autosomal recessive	1
Mayer-Rokitansky-Kuster-Hauser syndrome	Autosomal dominant	1
McArdle disease, mild	Autosomal recessive	2
McCune-Albright syndrome	Autosomal dominant	398
McKusick-Kaufman syndrome	Autosomal recessive	724
Meacham syndrome	Somatic mutation	731
Meckel syndrome, type 1	Autosomal recessive	561
Meckel syndrome, type 10	Autosomal recessive	16
Meckel syndrome, type 11	Autosomal recessive	858
Meckel syndrome, type 2	Autosomal recessive	184
Meckel syndrome, type 3	Autosomal recessive	1252
Meckel syndrome, type 4	Autosomal recessive	3219
Meckel syndrome, type 5	Autosomal recessive	946
Meckel syndrome, type 6	Autosomal recessive	850
Meckel syndrome, type 8	Autosomal recessive	410
Meckel syndrome, type 9	Autosomal recessive	26
Meckel-Gruber syndrome	Autosomal recessive	5149
Meckel-Gruber-like syndrome	Autosomal recessive	1
Meconium ileus	Autosomal dominant	4
Mediastinal germ cell tumor	Autosomal dominant	2
Medium-chain acyl-coenzyme A dehydrogenase deficiency	Autosomal recessive	956
Medullary thyroid carcinoma	Autosomal dominant	26
Medulloblastoma	Autosomal dominant	3316
Meester-Loeys syndrome	X-linked recessive	13
Megabladder, congenital	Autosomal recessive	2
Megacolon	Autosomal dominant	1
Megaconial type congenital muscular dystrophy	Autosomal recessive	385
Megacystis	Autosomal dominant	2
Megacystis, microcolon, hypoperistalsis syndrome	Autosomal dominant	8
Megacystis-Microcolon Hypoperistalsis Syndrome 1	Autosomal dominant	1
Megacystis-microcolon-intestinal hypoperistalsis syndrome 1	Autosomal dominant	158
Megacystis-microcolon-intestinal hypoperistalsis syndrome 2	Autosomal dominant	162
Megacystis-microcolon-intestinal hypoperistalsis syndrome 3	Autosomal dominant	1
Megacystis-microcolon-intestinal hypoperistalsis syndrome 4	Autosomal dominant	1
Megacystis-microcolon-intestinal hypoperistalsis syndrome 5	Autosomal dominant	14
Megalencephalic leukoencephalopathy with subcortical cysts	Autosomal recessive	66
Megalencephalic leukoencephalopathy with subcortical cysts 1	Autosomal recessive	302
Megalencephalic leukoencephalopathy with subcortical cysts 2A	Autosomal recessive	34
Megalencephalic leukoencephalopathy with subcortical cysts 2B, remitting, with or without intellectual disability	Autosomal recessive	22
Megalencephaly with thick corpus callosum, cerebellar atrophy, and intellectual disability	Autosomal recessive	2
Megalencephaly-capillary malformation-polymicrogyria syndrome	Autosomal dominant	41
Megalencephaly-polydactyly syndrome	Autosomal dominant	62
Megalencephaly-polymicrogyria-polydactyly-hydrocephalus syndrome 1	Autosomal dominant	45
Megalencephaly-polymicrogyria-polydactyly-hydrocephalus syndrome 2	Autosomal dominant	119
Megalencephaly-polymicrogyria-polydactyly-hydrocephalus syndrome 3	Autosomal dominant	20
Megalencephaly-polymicrogyria-postaxial polydactyly-hydrocephalus syndrome	Autosomal dominant	16
Megaloblastic anemia, thiamine-responsive, with diabetes mellitus and sensorineural deafness	Autosomal recessive	160
Meier-Gorlin syndrome	Autosomal recessive	2
Meier-Gorlin syndrome 1	Autosomal recessive	87
Meier-Gorlin syndrome 2	Autosomal recessive	16
Meier-Gorlin syndrome 3	Autosomal recessive	45
Meier-Gorlin syndrome 4	Autosomal recessive	30
Meier-Gorlin syndrome 5	Autosomal recessive	34
Meier-Gorlin syndrome 7	Autosomal recessive	19
Melanoma	Autosomal dominant	23
Melanoma and neural system tumor syndrome	Autosomal dominant	246
Melanoma, cutaneous malignant, susceptibility to, 1	Autosomal dominant	733
Melanoma, cutaneous malignant, susceptibility to, 2	Autosomal dominant	165
Melanoma, cutaneous malignant, susceptibility to, 3	Autosomal dominant	383
Melanoma, cutaneous malignant, susceptibility to, 5	Autosomal recessive	60
Melanoma, cutaneous malignant, susceptibility to, 8	Autosomal dominant	1666
Melanoma, cutaneous malignant, susceptibility to, 9	Autosomal dominant	305
Melanoma, uveal, susceptibility to, 2	Autosomal dominant	55
Melanoma-pancreatic cancer syndrome	Autosomal dominant	565
Melnick-Fraser syndrome	Autosomal dominant	216
Melnick-Needles syndrome	X-linked dominant	9490
Melorheostosis	Isolated cases	37
Memory impairment	Autosomal recessive	4
Mendelian susceptibility to mycobacterial diseases due to complete IL12B deficiency	Autosomal recessive	222
Mendelian susceptibility to mycobacterial diseases due to complete IL12RB1 deficiency	Autosomal recessive	581
Mendelian susceptibility to mycobacterial diseases due to complete ISG15 deficiency	Autosomal recessive	145
Mendelian susceptibility to mycobacterial diseases due to partial IRF8 deficiency	Autosomal dominant	405
Mendelian susceptibility to mycobacterial diseases due to partial STAT1 deficiency	Autosomal dominant	1246
Mendelian syndromes with cleft lip/palate	Autosomal dominant	3
Meniere disease	Autosomal recessive	78
Meningioma	Autosomal dominant	6
Menke-Hennekam syndrome 1	Autosomal dominant	293
Menke-Hennekam syndrome 2	Autosomal dominant	90
Menkes disease, copper-replacement responsive	X-linked recessive	1
Menkes disease, mild	X-linked recessive	1
Menkes kinky-hair syndrome	X-linked recessive	5261
Menstrual cycle-dependent periodic fever	Autosomal dominant	3
Mental deterioration	Autosomal recessive	8
Merosin deficient congenital muscular dystrophy	Autosomal recessive	628
Mesangiocapillary glomerulonephritis	Autosomal recessive	20
Mesoaxial hand polydactyly	Autosomal dominant	4
Mesoaxial synostotic syndactyly with phalangeal reduction	Autosomal recessive	7
Mesomelic/rhizomelic limb shortening	Autosomal recessive	1
Mesothelioma, malignant	Somatic mutation	516
Metabolic crises with rhabdomyolysis, cardiac arrhythmias, and neurodegeneration	Autosomal recessive	1
Metabolic disease	Autosomal recessive	3
Metabolic myopathy	Autosomal recessive	1
Metabolic myopathy due to lactate transporter defect	Autosomal dominant	19
Metabolic syndrome X	Autosomal recessive	7
Metabolic syndrome, susceptibility to	Autosomal dominant	1
Metachondromatosis	Autosomal dominant	670
Metachromatic leukodystrophy	Autosomal recessive	1478
Metachromatic leukodystrophy, adult type	Autosomal recessive	6
Metachromatic leukodystrophy, juvenile type	Autosomal recessive	6
Metachromatic leukodystrophy, late infantile form	Autosomal recessive	5
Metaphyseal anadysplasia	Autosomal dominant	50
Metaphyseal anadysplasia 1, autosomal dominant	Autosomal recessive	2
Metaphyseal chondrodysplasia	Autosomal dominant	9
Metaphyseal chondrodysplasia, Jansen type	Autosomal dominant	231
Metaphyseal chondrodysplasia, McKusick type	Autosomal recessive	508
Metaphyseal chondrodysplasia, Schmid type	Autosomal dominant	147
Metaphyseal chondrodysplasia, Spahr type	Autosomal recessive	13
Metaphyseal chondromatosis	Somatic mutation	1
Metaphyseal chondromatosis with D-2-hydroxyglutaric aciduria	Somatic mutation	1
Metaphyseal dysplasia without hypotrichosis	Autosomal recessive	170
Metaphyseal dysplasia-maxillary hypoplasia-brachydacty syndrome	Autosomal dominant	28
Metastatic Prostate Small Cell Carcinoma	Autosomal dominant	3
Metatarsus adductus	X-linked dominant	1
Metatropic dysplasia	Autosomal dominant	798
Methemoglobinemia type 4	Autosomal recessive	3
Methemoglobinemia, alpha type	Autosomal dominant	22
Methotrexate response	Autosomal dominant	1
Methylcobalamin deficiency type cblE	Autosomal recessive	931
Methylcobalamin deficiency type cblG	Autosomal recessive	1043
Methylcrotonyl-CoA carboxylase deficiency	Autosomal recessive	97
Methylmalonate semialdehyde dehydrogenase deficiency	Autosomal recessive	97
Methylmalonic acidemia	Autosomal recessive	94
Methylmalonic acidemia due to methylmalonyl-CoA epimerase deficiency	Autosomal recessive	96
Methylmalonic acidemia with homocystinuria, type cblJ	Autosomal recessive	368
Methylmalonic acidemia with homocystinuria, type cblX	X-linked recessive	1179
Methylmalonic aciduria	Autosomal recessive	4
Methylmalonic aciduria and homocystinuria	Autosomal recessive	1
Methylmalonic aciduria and homocystinuria type cblD	Autosomal recessive	363
Methylmalonic aciduria and homocystinuria type cblF	Autosomal recessive	442
Methylmalonic aciduria and homocystinuria, cb1L type	X-linked recessive	1
Methylmalonic aciduria due to complete methylmalonyl-CoA mutase deficiency	Autosomal recessive	130
Methylmalonic aciduria due to methylmalonyl-CoA mutase deficiency	Autosomal recessive	407
Methylmalonic aciduria of the cblA complementation type	Autosomal recessive	1
Methylmalonic aciduria, cblA type	Autosomal recessive	589
Methylmalonic aciduria, cblB type	Autosomal recessive	540
Methylmalonic aciduria, type cblc	Autosomal recessive	1
Mevalonic aciduria	Autosomal recessive	1226
Microangiopathy and leukoencephalopathy, pontine, autosomal dominant	Autosomal dominant	905
Microcephalic osteodysplastic dysplasia, Saul-Wilson type	Autosomal recessive	17
Microcephalic osteodysplastic primordial dwarfism type II	Autosomal recessive	669
Microcephalic primordial dwarfism due to RTTN deficiency	Autosomal recessive	90
Microcephalic primordial dwarfism due to ZNF335 deficiency	Autosomal recessive	74
Microcephalic primordial dwarfism, Alazami type	Autosomal recessive	54
Microcephaly	Autosomal recessive	128
Microcephaly 1, primary, autosomal recessive	Autosomal recessive	247
Microcephaly 11, primary, autosomal recessive	Autosomal recessive	10
Microcephaly 12, primary, autosomal recessive	Autosomal recessive	1
Microcephaly 13, primary, autosomal recessive	Autosomal recessive	24
Microcephaly 14, primary, autosomal recessive	Autosomal recessive	14
Microcephaly 15, primary, autosomal recessive	Autosomal recessive	16
Microcephaly 16, primary, autosomal recessive	Autosomal recessive	31
Microcephaly 17, primary, autosomal recessive	Autosomal recessive	54
Microcephaly 2, primary, autosomal recessive, with or without cortical malformations	Autosomal recessive	283
Microcephaly 20, primary, autosomal recessive	Autosomal recessive	19
Microcephaly 27, primary, autosomal dominant	Autosomal dominant	7
Microcephaly 3, primary, autosomal recessive	Autosomal recessive	213
Microcephaly 4, primary, autosomal recessive	Autosomal recessive	138
Microcephaly 5, primary, autosomal recessive	Autosomal recessive	722
Microcephaly 6, primary, autosomal recessive	Autosomal recessive	279
Microcephaly 7, primary, autosomal recessive	Autosomal recessive	129
Microcephaly 8, primary, autosomal recessive	Autosomal recessive	34
Microcephaly 9, primary, autosomal recessive	Autosomal recessive	308
Microcephaly and chorioretinopathy 1	Autosomal recessive	101
Microcephaly and chorioretinopathy 2	Autosomal recessive	16
Microcephaly and chorioretinopathy 3	Autosomal recessive	13
Microcephaly and chorioretinopathy with or without intellectual disability	Autosomal recessive	1
Microcephaly with or without chorioretinopathy, lymphedema or intellectual disability (MCLID)	Autosomal dominant	1
Microcephaly with or without chorioretinopathy, lymphedema, or intellectual disability	Autosomal dominant	132
Microcephaly, epilepsy, and diabetes syndrome	Autosomal recessive	6
Microcephaly, epilepsy, and diabetes syndrome 1	Autosomal recessive	7
Microcephaly, normal intelligence and immunodeficiency	Autosomal recessive	2936
Microcephaly, seizures, and developmental delay	Autosomal recessive	267
Microcephaly, short stature, and impaired glucose metabolism 1	Autosomal recessive	21
Microcephaly, short stature, and impaired glucose metabolism 2	Autosomal recessive	7
Microcephaly-capillary malformation syndrome	Autosomal recessive	34
Microcephaly-complex motor and sensory axonal neuropathy syndrome	Autosomal recessive	1
Microcephaly-congenital cataract-psoriasiform dermatitis syndrome	Autosomal recessive	7
Microcephaly-intellectual disability-sensorineural hearing loss-epilepsy-abnormal muscle tone syndrome	Autosomal recessive	762
Microcephaly-thin corpus callosum-intellectual disability syndrome	Autosomal recessive	35
Microcornea-myopic chorioretinal atrophy	Autosomal recessive	17
Microcytic anemia	Autosomal recessive	12
Microcytic anemia with liver iron overload	Autosomal recessive	89
Microform holoprosencephaly	Autosomal dominant	3
Micrognathia	Autosomal recessive	8
Micrognathia-recurrent infections-behavioral abnormalities-mild intellectual disability syndrome	Autosomal dominant	217
Micromelia	Autosomal recessive	2
Micropenis	Autosomal recessive	2
Microphallus	Autosomal dominant	2
Microphthalmia	Autosomal dominant	3
Microphthalmia and cataract	Autosomal dominant	1
Microphthalmia with brain and digit anomalies	Autosomal dominant	205
Microphthalmia with limb anomalies	Autosomal recessive	22
Microphthalmia, isolated, with coloboma	Autosomal recessive	1
Microphthalmia, isolated, with coloboma 10	Autosomal dominant	7
Microphthalmia, isolated, with coloboma 5	Autosomal dominant	27
Microphthalmia, isolated, with coloboma 6	Autosomal dominant	389
Microphthalmia, isolated, with coloboma 7	Autosomal dominant	29
Microphthalmia, isolated, with coloboma 8	Autosomal recessive	1
Microphthalmia, isolated, with coloboma 9	Autosomal recessive	26
Microphthalmia, syndromic 1	X-linked	22
Microphthalmia, syndromic 11	Autosomal recessive	38
Microphthalmia, syndromic 12	Autosomal dominant	64
Microprolactinoma	Autosomal dominant	1
Microretrognathia	Autosomal dominant	10
Microscopic hematuria	Autosomal recessive	5
Microspherophakia	Autosomal recessive	19
Microspherophakia and/or megalocornea, with ectopia lentis and with or without secondary glaucoma	Autosomal recessive	115
Microtia	Autosomal dominant	9
Microvascular complications of diabetes, susceptibility to, 3	Autosomal recessive	302
Microvascular complications of diabetes, susceptibility to, 4	Autosomal recessive	6
Microvascular complications of diabetes, susceptibility to, 7	Autosomal dominant	32
Midface retrusion	Autosomal recessive	1
Migalastat response	X-linked	46
Migraine	Autosomal dominant	17
Migraine with aura	Autosomal recessive	2
Migraine with or without aura, susceptibility to	Autosomal dominant	2
Migraine with or without aura, susceptibility to, 1	Autosomal dominant	27
Migraine without aura	Autosomal dominant	3
Migraine, familial basilar	Autosomal dominant	1
Migraine, familial hemiplegic, 1	Autosomal dominant	618
Migraine, familial hemiplegic, 2	Autosomal dominant	418
Migraine, familial hemiplegic, 3	Autosomal dominant	509
Migraine, sporadic hemiplegic, with progressive cerebellar ataxia	Autosomal dominant	4
Mild Canavan disease	Autosomal recessive	2
Mild fetal ventriculomegaly	Autosomal dominant	2
Mild global developmental delay	Autosomal dominant	2
Mild hearing impairment	Autosomal recessive	1
Mild hemophilia A	X-linked recessive	2
Mild hyperphenylalaninemia	Autosomal recessive	3
Mild intellectual disability	Autosomal dominant	5
Mild macrothrombocytopenia	Autosomal recessive	1
Mild non-PKU hyperphenylalanemia	Autosomal recessive	2
Mild proteinuria	X-linked dominant	1
Mildly elevated creatine kinase	Autosomal dominant	3
Miller Dieker syndrome	Autosomal dominant	1
Miller syndrome	Autosomal recessive	96
Mineralocorticoid deficiency, isolated	X-linked	1
Mirror movements 1	Autosomal dominant	58
Mirror movements 2	Autosomal dominant	7
Mirror movements 3	Autosomal recessive	1
Mirror movements 4	Autosomal dominant	2
Mismatch repair cancer syndrome 1	Autosomal recessive	350
Mismatch repair cancer syndrome 2	Autosomal dominant	450
Mismatch repair cancer syndrome 3	Autosomal dominant	313
Mismatch repair cancer syndrome 4	Autosomal recessive	24
Missing ribs	Autosomal dominant	1
Mitchell syndrome	Autosomal recessive	31
Mitochondrial DNA deletion syndrome with progressive myopathy	Autosomal dominant	31
Mitochondrial DNA depletion syndrome	Autosomal recessive	111
Mitochondrial DNA depletion syndrome 1	Autosomal recessive	714
Mitochondrial DNA depletion syndrome 11	Autosomal recessive	16
Mitochondrial DNA depletion syndrome 12A (cardiomyopathic type), autosomal dominant	Autosomal dominant	20
Mitochondrial DNA depletion syndrome 12B (cardiomyopathic type), autosomal recessive	Autosomal recessive	30
Mitochondrial DNA depletion syndrome 13	Autosomal recessive	420
Mitochondrial DNA depletion syndrome 14B (cardioencephalomyopathic type)	Autosomal dominant	34
Mitochondrial DNA depletion syndrome 15 (hepatocerebral type)	Autosomal recessive	5
Mitochondrial DNA depletion syndrome 16 (hepatic type)	Autosomal dominant	8
Mitochondrial DNA depletion syndrome 16A	Autosomal dominant	1
Mitochondrial DNA depletion syndrome 2, myopathic form	Autosomal recessive	2
Mitochondrial DNA depletion syndrome 3 (hepatocerebral type)	Autosomal recessive	99
Mitochondrial DNA depletion syndrome 4b	Autosomal recessive	918
Mitochondrial DNA depletion syndrome 6 (hepatocerebral type)	Autosomal recessive	100
Mitochondrial DNA depletion syndrome 8B (MNGIE type)	Autosomal recessive	1
Mitochondrial DNA depletion syndrome 8a	Autosomal recessive	157
Mitochondrial DNA depletion syndrome 9	Autosomal recessive	284
Mitochondrial DNA depletion syndrome, encephalomyopathic form with methylmalonic aciduria	Autosomal recessive	341
Mitochondrial DNA depletion syndrome, hepatocerebral form	Autosomal recessive	20
Mitochondrial DNA depletion syndrome, myopathic form	Autosomal recessive	160
Mitochondrial DNA maintenance disorder	Autosomal recessive	8
Mitochondrial DNA-Associated Leigh Syndrome and NARP	Mitochondrial	6
Mitochondrial DNA-related disorder	Mitochondrial	1
Mitochondrial complex 2 deficiency, nuclear type 2	Autosomal recessive	1
Mitochondrial complex 2 deficiency, nuclear type 3	Autosomal dominant	95
Mitochondrial complex 2 deficiency, nuclear type 4	Autosomal dominant	149
Mitochondrial complex 4 deficiency, nuclear type 25	Mitochondrial	1
Mitochondrial complex 5 (ATP synthase) deficiency, mitochondrial type 1	Mitochondrial	5
Mitochondrial complex I deficiency	Mitochondrial	33
Mitochondrial complex I deficiency, mitochondrial type 1	Mitochondrial	3
Mitochondrial complex I deficiency, nuclear type	Mitochondrial	1
Mitochondrial complex I deficiency, nuclear type 1	Mitochondrial	1163
Mitochondrial complex I deficiency, nuclear type 10	Mitochondrial	8
Mitochondrial complex I deficiency, nuclear type 11	Mitochondrial	4
Mitochondrial complex I deficiency, nuclear type 12	Autosomal dominant	1
Mitochondrial complex I deficiency, nuclear type 15	Mitochondrial	3
Mitochondrial complex I deficiency, nuclear type 16	Mitochondrial	16
Mitochondrial complex I deficiency, nuclear type 17	Mitochondrial	3
Mitochondrial complex I deficiency, nuclear type 18	Mitochondrial	1
Mitochondrial complex I deficiency, nuclear type 19	Mitochondrial	9
Mitochondrial complex I deficiency, nuclear type 2	Mitochondrial	7
Mitochondrial complex I deficiency, nuclear type 21	Mitochondrial	4
Mitochondrial complex I deficiency, nuclear type 22	Mitochondrial	11
Mitochondrial complex I deficiency, nuclear type 23	Mitochondrial	1
Mitochondrial complex I deficiency, nuclear type 26	Mitochondrial	1
Mitochondrial complex I deficiency, nuclear type 27	Autosomal recessive	8
Mitochondrial complex I deficiency, nuclear type 29	Mitochondrial	1
Mitochondrial complex I deficiency, nuclear type 3	Mitochondrial	4
Mitochondrial complex I deficiency, nuclear type 30	X-linked dominant	2
Mitochondrial complex I deficiency, nuclear type 4	Mitochondrial	23
Mitochondrial complex I deficiency, nuclear type 5	Mitochondrial	19
Mitochondrial complex I deficiency, nuclear type 6	Mitochondrial	13
Mitochondrial complex I deficiency, nuclear type 7	Mitochondrial	3
Mitochondrial complex I deficiency, nuclear type 8	Mitochondrial	8
Mitochondrial complex I deficiency, nuclear type 9	Mitochondrial	2
Mitochondrial complex II deficiency, nuclear type 1	Autosomal recessive	2627
Mitochondrial complex III deficiency nuclear type 1	Autosomal recessive	217
Mitochondrial complex III deficiency nuclear type 2	Autosomal recessive	101
Mitochondrial complex III deficiency nuclear type 3	Autosomal recessive	7
Mitochondrial complex III deficiency nuclear type 4	Autosomal recessive	50
Mitochondrial complex III deficiency nuclear type 5	Autosomal recessive	16
Mitochondrial complex III deficiency nuclear type 6	Autosomal recessive	9
Mitochondrial complex III deficiency nuclear type 7	Autosomal recessive	18
Mitochondrial complex III deficiency nuclear type 8	Autosomal recessive	14
Mitochondrial complex III deficiency nuclear type 9	Autosomal recessive	2
Mitochondrial complex III deficiency, nuclear type 10	Autosomal recessive	2
Mitochondrial complex IV deficiency with recurrent myoglobinuria	Mitochondrial	1
Mitochondrial complex IV deficiency, nuclear type 1	Mitochondrial	588
Mitochondrial complex IV deficiency, nuclear type 11	Mitochondrial	3
Mitochondrial complex IV deficiency, nuclear type 12	Mitochondrial	3
Mitochondrial complex IV deficiency, nuclear type 17	Mitochondrial	1
Mitochondrial complex IV deficiency, nuclear type 24	Mitochondrial	5
Mitochondrial complex IV deficiency, nuclear type 3	Mitochondrial	20
Mitochondrial complex IV deficiency, nuclear type 4	Mitochondrial	16
Mitochondrial complex IV deficiency, nuclear type 5, French-Canadian	Autosomal recessive	1
Mitochondrial complex IV deficiency, nuclear type 7	Mitochondrial	3
Mitochondrial complex IV deficiency, nuclear type 8	Mitochondrial	3
Mitochondrial complex V (ATP synthase) deficiency, nuclear type 1	Autosomal recessive	47
Mitochondrial complex V (ATP synthase) deficiency, nuclear type 2	Autosomal recessive	340
Mitochondrial complex V (ATP synthase) deficiency, nuclear type 4A	Autosomal recessive	5
Mitochondrial complex V (ATP synthase) deficiency, nuclear type 4B	Autosomal recessive	5
Mitochondrial complex V (ATP synthase) deficiency, nuclear type 7	Mitochondrial	1
Mitochondrial cytochrome c oxidase deficiency	Mitochondrial	2
Mitochondrial disease	Autosomal recessive	199
Mitochondrial dna depletion syndrome 16B (neuroophthalmic type)	Autosomal dominant	7
Mitochondrial encephalomyopathy	Autosomal recessive	3
Mitochondrial hearing loss	Mitochondrial	1
Mitochondrial hypertrophic cardiomyopathy with lactic acidosis due to MTO1 deficiency	Autosomal recessive	705
Mitochondrial myopathy with reversible cytochrome C oxidase deficiency	Mitochondrial	1
Mitochondrial myopathy, episodic, with optic atrophy and reversible leukoencephalopathy	Mitochondrial	1
Mitochondrial myopathy-lactic acidosis-deafness syndrome	Autosomal recessive	34
Mitochondrial neurogastrointestinal encephalomyopathy	Autosomal recessive	40
Mitochondrial non-syndromic sensorineural hearing loss	Mitochondrial	6
Mitochondrial oxidative phosphorylation disorder	Autosomal recessive	2
Mitochondrial proton-transporting ATP synthase complex deficiency	Autosomal recessive	1
Mitochondrial pyruvate carrier deficiency	Autosomal recessive	8
Mitochondrial respiratory chain defects	Autosomal recessive	1
Mitochondrial short-chain Enoyl-Coa hydratase 1 deficiency	Autosomal recessive	82
Mitochondrial trifunctional protein deficiency	Autosomal recessive	53
Mitochondrial trifunctional protein deficiency 1	Autosomal recessive	75
Mitochondrial trifunctional protein deficiency 2	Autosomal recessive	8
Mitochondrial-DNA disorder	Mitochondrial	1
Mitral atresia disorder	Autosomal recessive	1
Mitral regurgitation	Autosomal dominant	1
Mitral stenosis	Autosomal dominant	1
Mitral valve prolapse	Autosomal dominant	9
Mitral valve prolapse, myxomatous 2	Autosomal dominant	30
Mixed Phenotype Acute Leukemia, T/Myeloid, Not Otherwise Specified	Autosomal recessive	2
Miyoshi muscular dystrophy 1	Autosomal recessive	1008
Miyoshi muscular dystrophy 3	Autosomal recessive	159
Miyoshi myopathy	Autosomal recessive	7
Moderate albuminuria	Autosomal dominant	1
Moderate global developmental delay	Autosomal dominant	1
Moderate intellectual deficiency	Autosomal dominant	1
Moderate intellectual disability	Autosomal recessive	5
Moderate sensorineural hearing impairment	Autosomal dominant	1
Mohr syndrome	Digenic recessive	8
Molar tooth sign on MRI	Autosomal recessive	8
Monilethrix	Autosomal dominant	2
Monilethrix-1	Autosomal dominant	11
Monocarboxylate transporter 1 deficiency, autosomal dominant	Autosomal dominant	3
Monocarboxylate transporter 1 deficiency, autosomal recessive	Autosomal dominant	3
Monoclonal B-Cell Lymphocytosis	Autosomal dominant	2
Monocular strabismus	Autosomal dominant	1
Monocytopenia with susceptibility to infections	Autosomal dominant	2714
Monogenic diabetes	Autosomal dominant	799
Monogenic hearing loss	Autosomal recessive	148
Monogenic short statue	Autosomal dominant	35
Monogenic short stature	Autosomal dominant	5
Monosomy 7 myelodysplasia and leukemia syndrome 1	Autosomal dominant	37
Monosomy 7 myelodysplasia and leukemia syndrome 2	Autosomal dominant	27
Morbid obesity	Autosomal dominant	3
Morquio syndrome	Autosomal recessive	71
Mortality risk in patients with severe coronavirus disease (COVID-19)	Autosomal recessive	3
Mosaic neurofibromatosis type 1	Autosomal dominant	1
Mosaic variegated aneuploidy syndrome	Autosomal recessive	4
Mosaic variegated aneuploidy syndrome 1	Autosomal recessive	1013
Mosaic variegated aneuploidy syndrome 2	Autosomal recessive	505
Motor delay	Autosomal recessive	6
Motor delay, mild	Autosomal recessive	1
Motor neuron disease	Autosomal dominant	14
Motor stereotypies	Isolated cases	1
Movement disorder	Autosomal recessive	15
Mowat-Wilson syndrome	Autosomal dominant	1285
Moyamoya angiopathy	Autosomal dominant	4
Moyamoya angiopathy with developmental delay	Autosomal dominant	1
Moyamoya disease	Autosomal recessive	2
Moyamoya disease 1	Autosomal recessive	7
Moyamoya disease 2	Autosomal recessive	1
Moyamoya disease 5	Autosomal dominant	34
Moyamoya disease with early-onset achalasia	Autosomal recessive	18
Mucolipidosis	Autosomal recessive	80
Mucolipidosis III alpha/beta, atypical	Autosomal recessive	2
Mucolipidosis type II	Autosomal recessive	2867
Mucolipidosis type IV	Autosomal recessive	896
Mucopolysaccharidosis	Autosomal recessive	25
Mucopolysaccharidosis type 1	Autosomal recessive	389
Mucopolysaccharidosis type 2, severe form	X-linked recessive	2
Mucopolysaccharidosis type 6	Autosomal recessive	925
Mucopolysaccharidosis type 7	Autosomal recessive	662
Mucopolysaccharidosis, MPS-I-H/S	Autosomal recessive	346
Mucopolysaccharidosis, MPS-I-S	Autosomal recessive	308
Mucopolysaccharidosis, MPS-II	X-linked recessive	1342
Mucopolysaccharidosis, MPS-III-A	Autosomal recessive	1170
Mucopolysaccharidosis, MPS-III-B	Autosomal recessive	1320
Mucopolysaccharidosis, MPS-III-C	Autosomal recessive	2243
Mucopolysaccharidosis, MPS-III-D	Autosomal recessive	748
Mucopolysaccharidosis, MPS-IV-A	Autosomal recessive	1211
Mucopolysaccharidosis, MPS-IV-B	Autosomal recessive	1497
Mucopolysaccharidosis, type II, mild form	X-linked recessive	2
Mucopolysaccharidosis, type vi, intermediate	Autosomal recessive	1
Mucopolysaccharidosis, type vi, mild	Autosomal recessive	1
Mucopolysaccharidosis, type vi, severe	Autosomal recessive	5
Mucopolysaccharidosistype IIIB	Autosomal recessive	3
Mucopolysacchariduria	Autosomal recessive	2
Mucosa-associated lymphoma	Autosomal recessive	1
Muenke syndrome	Autosomal dominant	308
Muir-Torré syndrome	Autosomal dominant	931
Mulibrey nanism syndrome	Autosomal recessive	177
Mullegama-Klein-Martinez syndrome	X-linked recessive	1
Mullerian aplasia and hyperandrogenism	Autosomal dominant	49
Multi-minicore disease and atypical periodic paralysis	Autosomal dominant	2
Multicentric carpo-tarsal osteolysis with or without nephropathy	Autosomal dominant	135
Multicentric osteolysis nodulosis arthropathy spectrum	Autosomal recessive	6
Multicentric osteolysis, nodulosis, and arthropathy	Autosomal recessive	20
Multicystic kidney dysplasia	Autosomal dominant	6
Multifocal breast carcinoma	Autosomal recessive	1
Multifocal epileptiform discharges	Autosomal dominant	4
Multiminicore myopathy	Autosomal dominant	21
Multiminicore/minicore/multicore disease	Autosomal dominant	2
Multiple acyl-CoA dehydrogenase deficiency	Autosomal recessive	1724
Multiple benign circumferential skin creases on limbs 1	Autosomal dominant	18
Multiple congenital anomalies	Autosomal dominant	2
Multiple congenital anomalies-hypotonia-seizures syndrome	Autosomal recessive	2
Multiple congenital anomalies-hypotonia-seizures syndrome 1	Autosomal recessive	1165
Multiple congenital anomalies-hypotonia-seizures syndrome 2	X-linked recessive	277
Multiple congenital anomalies-hypotonia-seizures syndrome 3	Autosomal recessive	248
Multiple congenital anomalies/dysmorphic syndrome	Autosomal dominant	5
Multiple congenital exostosis	Autosomal dominant	73
Multiple cutaneous and mucosal venous malformations	Autosomal dominant	134
Multiple endocrine neoplasia	Autosomal dominant	395
Multiple endocrine neoplasia II	Autosomal dominant	5
Multiple endocrine neoplasia type 2A	Autosomal dominant	2336
Multiple endocrine neoplasia type 2B	Autosomal dominant	1911
Multiple endocrine neoplasia type 4	Autosomal dominant	859
Multiple endocrine neoplasia, type 1	Autosomal dominant	2426
Multiple endocrine neoplasia, type 2	Autosomal dominant	2310
Multiple epiphyseal dysplasia	Autosomal dominant	23
Multiple epiphyseal dysplasia type 1	Autosomal dominant	197
Multiple epiphyseal dysplasia type 4	Autosomal recessive	2974
Multiple epiphyseal dysplasia type 5	Autosomal dominant	88
Multiple epiphyseal dysplasia, Al-Gazali type	Autosomal recessive	940
Multiple epiphyseal dysplasia, Beighton type	Autosomal dominant	774
Multiple fibroadenoma of the breast	Autosomal dominant	7
Multiple gastrointestinal atresias	Autosomal recessive	44
Multiple joint contractures	Autosomal dominant	2
Multiple mitochondrial dysfunctions syndrome 1	Autosomal recessive	121
Multiple mitochondrial dysfunctions syndrome 10	Autosomal dominant	1
Multiple mitochondrial dysfunctions syndrome 2	Autosomal recessive	32
Multiple mitochondrial dysfunctions syndrome 3	Autosomal recessive	432
Multiple mitochondrial dysfunctions syndrome 4	Autosomal recessive	12
Multiple mitochondrial dysfunctions syndrome 9b	Autosomal dominant	1
Multiple monogenic benign skin tumours	Autosomal dominant	8
Multiple myeloma	Somatic mutation	98
Multiple myeloma, resistance to	Autosomal recessive	2
Multiple pterygium syndrome	Autosomal recessive	1
Multiple renal cysts	Autosomal dominant	2
Multiple sclerosis	Autosomal recessive	38
Multiple sclerosis, susceptibility to	Multifactorial	9
Multiple sclerosis, susceptibility to, 3	Autosomal recessive	1
Multiple sclerosis, susceptibility to, 5	Autosomal dominant	3
Multiple self-healing squamous epithelioma	Autosomal dominant	78
Multiple sulfatase deficiency	Autosomal recessive	746
Multiple symmetric lipomatosis	Autosomal dominant	9
Multiple synostoses syndrome 2	Autosomal recessive	135
Multiple synostoses syndrome 3	Autosomal dominant	88
Multiple synostoses syndrome 4	Autosomal dominant	9
Multiple system atrophy	Autosomal dominant	4
Multiple system atrophy 1, susceptibility to	Autosomal dominant	94
Multisystem inflammatory syndrome in children	Autosomal dominant	7
Multisystemic smooth muscle dysfunction syndrome	Autosomal dominant	72
Mungan syndrome	Autosomal dominant	11
Muscle AMP deaminase deficiency	Autosomal recessive	485
Muscle eye brain disease	Autosomal recessive	478
Muscle fiber inclusion bodies	Autosomal dominant	1
Muscle spasm	Autosomal dominant	2
Muscle weakness	Autosomal recessive	16
Muscular atrophy	Isolated cases	1
Muscular channelopathy	Autosomal dominant	1
Muscular dystrophy	Autosomal recessive	47
Muscular dystrophy and arthrogryposis	Autosomal dominant	1
Muscular dystrophy, congenital, merosin deficient or partially deficient	Autosomal recessive	2
Muscular dystrophy, congenital, with or without seizures	Autosomal recessive	5
Muscular dystrophy, limb-girdle, autosomal dominant	Autosomal dominant	3
Muscular dystrophy, limb-girdle, autosomal dominant 4	Autosomal recessive	252
Muscular dystrophy, limb-girdle, autosomal recessive 23	Autosomal recessive	247
Muscular dystrophy, limb-girdle, autosomal recessive 28	Autosomal dominant	1
Muscular dystrophy-dystroglycanopathy	Autosomal recessive	181
Muscular dystrophy-dystroglycanopathy (congenital with brain and eye anomalies), type A, 4	Autosomal recessive	656
Muscular dystrophy-dystroglycanopathy (congenital with brain and eye anomalies), type A, 7	Autosomal recessive	821
Muscular dystrophy-dystroglycanopathy (congenital with brain and eye anomalies), type A1	Autosomal recessive	1004
Muscular dystrophy-dystroglycanopathy (congenital with brain and eye anomalies), type A13	Autosomal recessive	200
Muscular dystrophy-dystroglycanopathy (congenital with brain and eye anomalies), type A14	Autosomal recessive	978
Muscular dystrophy-dystroglycanopathy (congenital with brain and eye anomalies), type A2	Autosomal recessive	2955
Muscular dystrophy-dystroglycanopathy (congenital with brain and eye anomalies), type A3	Autosomal recessive	544
Muscular dystrophy-dystroglycanopathy (congenital with brain and eye anomalies), type A5	Autosomal recessive	496
Muscular dystrophy-dystroglycanopathy (congenital with brain and eye anomalies), type A6	Autosomal recessive	224
Muscular dystrophy-dystroglycanopathy (congenital with brain and eye anomalies), type A9	Autosomal recessive	1163
Muscular dystrophy-dystroglycanopathy (congenital with brain and eye anomalies), type a, 10	Autosomal recessive	37
Muscular dystrophy-dystroglycanopathy (congenital with brain and eye anomalies), type a, 11	Autosomal recessive	448
Muscular dystrophy-dystroglycanopathy (congenital with brain and eye anomalies), type a, 12	Autosomal recessive	475
Muscular dystrophy-dystroglycanopathy (congenital with brain and eye anomalies), type a, 8	Autosomal recessive	433
Muscular dystrophy-dystroglycanopathy (congenital with intellectual disability), type B1	Autosomal recessive	2035
Muscular dystrophy-dystroglycanopathy (congenital with intellectual disability), type B14	Autosomal recessive	975
Muscular dystrophy-dystroglycanopathy (congenital with intellectual disability), type B2	Autosomal recessive	2937
Muscular dystrophy-dystroglycanopathy (congenital with intellectual disability), type B3	Autosomal recessive	2573
Muscular dystrophy-dystroglycanopathy (congenital without impaired intellectual development), type B, 5	Autosomal recessive	12
Muscular dystrophy-dystroglycanopathy (congenital without intellectual disability), type B4	Autosomal recessive	426
Muscular dystrophy-dystroglycanopathy (limb-girdle), type C, 8	Autosomal recessive	12
Muscular dystrophy-dystroglycanopathy type B5	Autosomal recessive	418
Muscular dystrophy-dystroglycanopathy type B6	Autosomal recessive	953
Muscular dystrophy-dystroglycanopathy, type C	Autosomal recessive	3
Muscular ventricular septal defect	Autosomal dominant	1
Mutilating keratoderma	Autosomal dominant	637
Mutism	Isolated cases	1
Myalgia	Autosomal dominant	11
Myasthenic syndrome, congenital, 1B, fast-channel	Autosomal dominant	33
Myasthenic syndrome, congenital, 25, presynaptic	Autosomal dominant	6
Myasthenic syndrome, congenital, 7B, presynaptic, autosomal recessive	Autosomal dominant	5
Mycobacterium tuberculosis, protection against	Autosomal recessive	1
Mycobacterium tuberculosis, susceptibility to	Autosomal recessive	23
Myelodysplasia	Autosomal dominant	3
Myelodysplastic syndrome	Autosomal dominant	105
Myelodysplastic syndrome progressed to acute myeloid leukemia	Autosomal dominant	4
Myeloid maturation arrest	Autosomal recessive	1
Myeloperoxidase deficiency	Autosomal recessive	25
Myeloproliferative disorder	Autosomal dominant	4
Myeloproliferative disorder, chronic, with eosinophilia	Autosomal dominant	131
Myeloproliferative neoplasm, unclassifiable	Autosomal dominant	14
Myhre syndrome	Autosomal dominant	516
Myocardial infarction	Autosomal recessive	1
Myocardial infarction, protection against	Autosomal recessive	1
Myocardial infarction, susceptibility to	Autosomal recessive	37
Myocarditis	Autosomal dominant	11
Myoclonic absence seizure	Autosomal dominant	1
Myoclonic dystonia 11	Autosomal dominant	622
Myoclonic dystonia 26	Autosomal dominant	139
Myoclonic epilepsy	Autosomal dominant	1
Myoclonic epilepsy in non-progressive encephalopathies	Autosomal dominant	1
Myoclonic epilepsy of Lafora 1	Autosomal recessive	38
Myoclonic epilepsy of Lafora 2	Autosomal recessive	3
Myoclonic epilepsy, juvenile, susceptibility to, 1	Autosomal dominant	306
Myoclonic epilepsy, progressive, X-linked	Autosomal recessive	1
Myoclonus	Autosomal recessive	2
Myoclonus, familial, 1	Autosomal dominant	2
Myoclonus, familial, 2	Autosomal dominant	103
Myoclonus, intractable, neonatal	Autosomal dominant	14
Myoclonus-dystonia syndrome	Autosomal dominant	1
Myoepithelial tumor	Autosomal recessive	4
Myofibrillar myopathy	Autosomal dominant	18
Myofibrillar myopathy 11	Autosomal dominant	6
Myofibrillar myopathy 2	Autosomal dominant	48
Myofibrillar myopathy 3	Autosomal dominant	413
Myofibrillar myopathy 4	Autosomal dominant	1297
Myofibrillar myopathy 5	Autosomal dominant	15459
Myofibrillar myopathy 6	Autosomal dominant	2297
Myofibromatosis, infantile, 1	Autosomal dominant	156
Myofibromatosis, infantile, 2	Autosomal dominant	227
Myoglobinuria, acute recurrent, autosomal recessive	Autosomal recessive	287
Myopathic facies	Autosomal recessive	6
Myopathy	Autosomal recessive	56
Myopathy caused by variation in FKRP	Autosomal recessive	6
Myopathy caused by variation in FKTN	Autosomal recessive	3
Myopathy caused by variation in POMGNT1	Autosomal recessive	13
Myopathy caused by variation in POMT1	Autosomal recessive	8
Myopathy caused by variation in POMT2	Autosomal recessive	6
Myopathy due to calsequestrin and SERCA1 protein overload	Autosomal dominant	32
Myopathy with abnormal lipid metabolism	Autosomal recessive	26
Myopathy with myalgia, increased serum creatine kinase, and with or without episodic rhabdomyolysis 2	Autosomal dominant	1
Myopathy with tubular aggregates	Autosomal dominant	787
Myopathy, RYR1-associated	Autosomal dominant	23
Myopathy, autophagic vacuolar, infantile-onset	Autosomal dominant	3
Myopathy, centronuclear, 2	Autosomal recessive	691
Myopathy, centronuclear, 5	Autosomal recessive	157
Myopathy, centronuclear, 6, with fiber-type disproportion	Autosomal recessive	7
Myopathy, congenital, progressive, with scoliosis	Autosomal recessive	3
Myopathy, congenital, with diaphragmatic defects, respiratory insufficiency, and dysmorphic facies	Autosomal dominant	1
Myopathy, congenital, with excess of muscle spindles	Autosomal dominant	5
Myopathy, congenital, with structured cores and z-line abnormalities	Autosomal dominant	95
Myopathy, congenital, with tremor	Autosomal recessive	20
Myopathy, distal, 5	Autosomal recessive	1
Myopathy, distal, 6, adult-onset, autosomal dominant	Autosomal dominant	93
Myopathy, distal, with rimmed vacuoles	Autosomal dominant	42
Myopathy, lactic acidosis, and sideroblastic anemia	Autosomal recessive	8
Myopathy, lactic acidosis, and sideroblastic anemia 1	Autosomal recessive	104
Myopathy, lactic acidosis, and sideroblastic anemia 2	Autosomal recessive	60
Myopathy, myofibrillar, 12, infantile-onset, with cardiomyopathy	Autosomal dominant	2
Myopathy, myofibrillar, 13, with rimmed vacuoles	Autosomal dominant	3
Myopathy, myofibrillar, 9, with early respiratory failure	Autosomal recessive	7122
Myopathy, myosin storage, autosomal recessive	Autosomal dominant	985
Myopathy, progressive axial with cataracts	Autosomal dominant	2
Myopathy, proximal, and ophthalmoplegia	Autosomal dominant	1462
Myopathy, reducing body, X-linked, childhood-onset	X-linked dominant	45
Myopathy, reducing body, X-linked, early-onset, severe	X-linked dominant	52
Myopathy, tubular aggregate, 1	Autosomal dominant	73
Myopathy, tubular aggregate, 2	Autosomal dominant	425
Myopia	Autosomal recessive	10
Myopia 2, autosomal dominant	Autosomal dominant	6
Myopia 21, autosomal dominant	Autosomal dominant	11
Myopia 22, autosomal dominant	Autosomal dominant	4
Myopia 23, autosomal recessive	Autosomal recessive	7
Myopia 24, autosomal dominant	Autosomal dominant	13
Myopia 25, autosomal dominant	Autosomal recessive	3
Myopia 28, autosomal recessive	Autosomal dominant	1
Myopia 6	Autosomal recessive	33
Myopia, high, with cataract and vitreoretinal degeneration	Autosomal recessive	24
Myosclerosis	Autosomal dominant	77
Myosin storage myopathy	Autosomal dominant	1406
Myositis, eosinophilic	Autosomal recessive	1
Myotonia	Autosomal dominant	9
Myotonia congenita, atypical, acetazolamide-responsive	Autosomal dominant	1
Myotonia fluctuans	Autosomal dominant	5
Myotonia levior	Autosomal dominant	2
Myotonia of the upper limb	Autosomal recessive	1
Myotonia permanens	Autosomal dominant	5
Myotonic dystrophy type 2	Autosomal dominant	2
Myxomatous mitral valve degeneration	Autosomal dominant	7
N-acetylaspartate deficiency	Autosomal recessive	1
NAA10-related disorder	X-linked recessive	4
NAA10-related syndrome	X-linked recessive	1
NADK2-related disorder	Autosomal recessive	5
NAGA-related disorder	Autosomal recessive	13
NAGLU-related disorder	Autosomal recessive	22
NAGS-related disorder	Autosomal recessive	6
NALCN-related disorder	Autosomal dominant	6
NANOS1-related disorder	Autosomal dominant	1
NARP syndrome	Mitochondrial	10
NARS2-related disorder	Autosomal recessive	4
NAT2-related disorder	Autosomal recessive	3
NBAS-related disorder	Autosomal recessive	11
NBEAL2-related disorder	Autosomal recessive	22
NBN-related disorder	Autosomal recessive	61
NCF2-related disorder	Autosomal recessive	12
NCF4-related disorder	Autosomal recessive	10
NCSTN-related disorder	Autosomal dominant	2
NDE1-related disorder	Autosomal recessive	7
NDE1-related microhydranencephaly	Autosomal recessive	19
NDRG1-related disorder	Autosomal recessive	7
NDST1-related disorder	Autosomal recessive	1
NDUFA1-related disorder	Autosomal dominant	1
NDUFA10-related disorder	Mitochondrial	8
NDUFA11-related disorder	Mitochondrial	1
NDUFA2-related disorder	Mitochondrial	1
NDUFAF1-related disorder	Mitochondrial	2
NDUFAF2-related disorder	Autosomal recessive	1
NDUFAF3-related disorder	Mitochondrial	1
NDUFAF5-related disorder	Mitochondrial	4
NDUFB11-related disorders	X-linked dominant	1
NDUFS1-related disorder	Mitochondrial	6
NDUFS2-related disorder	Mitochondrial	5
NDUFS3-related disorder	Mitochondrial	6
NDUFS4-related disorder	Mitochondrial	5
NDUFS8-related disorder	Mitochondrial	6
NDUFV1-related disorder	Mitochondrial	12
NEB-related disorder	Autosomal recessive	195
NECAP1-related disorder	Autosomal recessive	5
NECTIN1-related disorder	Autosomal recessive	7
NEFH-related disorder	Autosomal dominant	7
NEFL-related disorder	Autosomal dominant	12
NEK1-related disorder	Digenic recessive	78
NEK2-related disorder	Autosomal recessive	1
NEK8-related disorder	Autosomal recessive	9
NEK9-related disorder	Autosomal recessive	1
NEK9-related lethal skeletal dysplasia	Autosomal recessive	19
NEU1-related disorder	Autosomal recessive	1
NEUROD1-related disorder	Autosomal dominant	2
NEURODEVELOPMENTAL DISORDER WITHOUT AUTISM OR SEIZURES	Autosomal dominant	1
NEURODEVELOPMENTAL DISORDER, X-LINKED, WITH POOR OR ABSENT SPEECH AND BEHAVIORAL ABNORMALITIES	X-linked dominant	6
NEUROG3-related disorder	Autosomal recessive	2
NEVUS SPILUS, SOMATIC	Autosomal dominant	1
NEXMIF-related disorder	X-linked recessive	2
NEXN-related disorder	Autosomal dominant	20
NF1-related disorder	Autosomal dominant	590
NF2-related disorder	Autosomal dominant	35
NFIX-related disorder	Autosomal dominant	17
NFKB1-related disorder	Autosomal dominant	1
NFKB2-related disorder	Autosomal dominant	35
NFKBIA-related disorder	Autosomal dominant	7
NFU1-related disorder	Autosomal recessive	6
NGF-related disorder	Autosomal recessive	8
NHERF1-related disorder	Autosomal dominant	5
NHLRC1-related disorder	Autosomal recessive	4
NHP2-related disorder	Autosomal recessive	2
NHS-related disorder	X-linked dominant	25
NICE approved PARP inhibitor treatment	Autosomal dominant	20
NICOTINE ADDICTION, PROTECTION AGAINST	Autosomal dominant	2
NICOTINE, POOR METABOLISM OF	Autosomal dominant	1
NIN-related disorder	Autosomal recessive	3
NIPA1-related disorder	Autosomal dominant	5
NIPAL4-related disorder	Autosomal recessive	3
NIPBL-related disorder	Autosomal dominant	59
NITROGLYCERIN, POOR RESPONSE TO	Multifactorial	1
NK-cell enteropathy	Autosomal dominant	1
NKX2-1-Related Disorders	Autosomal dominant	10
NKX2-5-related disorder	Autosomal dominant	31
NKX2.5-related congenital, conduction and myopathic heart disease	Autosomal dominant	1
NLGN4X-related disorder	X-linked	1
NLRC4-related disorder	Autosomal dominant	38
NLRP1-related disorder	Autosomal dominant	3
NLRP12-related disorder	Autosomal dominant	46
NLRP3-related disorder	Autosomal dominant	49
NLRP7-related disorder	Autosomal recessive	5
NME8-related disorder	Autosomal recessive	10
NMNAT1-related disorder	Autosomal recessive	5
NNT-related disorder	Autosomal recessive	1
NOBOX-related disorder	Autosomal dominant	1
NOD2-related disorder	Autosomal dominant	46
NODAL-related disorder	Autosomal dominant	9
NOTCH1-related disorder	Autosomal dominant	296
NOTCH2-related disorder	Autosomal dominant	223
NOTCH3-related disorder	Autosomal dominant	83
NPC1-related disorder	Autosomal recessive	153
NPC2-related disorder	Autosomal recessive	12
NPHP1-related disorder	Autosomal recessive	146
NPHP3-related Meckel-like syndrome	Autosomal recessive	1141
NPHP3-related disorder	Autosomal recessive	148
NPHP4-related disorder	Autosomal recessive	197
NPHS1-related disorder	Autosomal recessive	34
NPHS2-related disorder	Autosomal recessive	16
NPM1-related disorder	Autosomal dominant	1
NPPA-related disorder	Autosomal dominant	3
NPR2-related disorder	Autosomal dominant	16
NPRL2-related disorder	Autosomal dominant	1
NPRL3-related disorder	Autosomal dominant	19
NR0B1-related disorder	X-linked recessive	6
NR0B2-related disorder	Autosomal dominant	7
NR1H4-related disorder	Autosomal recessive	5
NR2E3-related disorder	Autosomal dominant	9
NR2F2-related disorder	Autosomal dominant	2
NR3C1 POLYMORPHISM	Autosomal dominant	1
NR3C1-related disorder	Autosomal dominant	5
NR3C2-related disorder	Autosomal dominant	7
NR4A2-related disorder	Isolated cases	1
NR5A1-related disorder	Autosomal dominant	4
NRAS-related disorder	Autosomal dominant	11
NRL-related disorder	Autosomal dominant	1
NRP2-related disorder	Autosomal dominant	1
NRXN-related disorder	Autosomal recessive	1
NRXN1-related disorder	Autosomal recessive	40
NSD1-related disorder	Autosomal dominant	45
NSD2-related disorder	Autosomal dominant	1
NSDHL-related disorder	X-linked dominant	5
NSUN2-related disorder	Autosomal recessive	7
NT5C2-related disorder	Autosomal recessive	2
NT5C3A-related disorder	Autosomal recessive	2
NT5E-related disorder	Autosomal recessive	2
NTHL1-deficiency tumor predisposition syndrome	Autosomal recessive	5
NTHL1-related disorder	Autosomal recessive	31
NTRK1-related disorder	Autosomal recessive	25
NUBPL-related disorder	Mitochondrial	5
NUDT15-related disorder	Autosomal dominant	3
NUP107-related disorder	Autosomal recessive	2
NUP93-related disorder	Autosomal recessive	3
NUS1-related disorder	Autosomal recessive	10
NUS1-related epilepsy-myoclonus-ataxia syndrome	Autosomal recessive	1
NYX-related disorder	X-linked recessive	2
Naegeli-Franceschetti-Jadassohn syndrome	Autosomal dominant	47
Nager syndrome	Autosomal dominant	41
Nail and teeth abnormalities-marginal palmoplantar keratoderma-oral hyperpigmentation syndrome	Autosomal recessive	8
Nail dysplasia	Autosomal recessive	1
Nail dystrophy	Autosomal dominant	20
Nail-patella syndrome	Autosomal dominant	301
Nail-patella-like renal disease	Autosomal dominant	76
Namaqualand hip dysplasia	Autosomal dominant	778
Nance-Horan syndrome	X-linked dominant	452
Nanophthalmia	Autosomal recessive	2
Nanophthalmos 1	Autosomal dominant	5
Nanophthalmos 2	Autosomal recessive	16
Nanophthalmos 4	Autosomal dominant	4
Narcolepsy 1	Autosomal dominant	1
Narcolepsy 7	Autosomal dominant	2
Narrow chest	Autosomal dominant	18
Narrow forehead	Autosomal recessive	2
Narrow palate	Autosomal dominant	2
Nasopharyngeal carcinoma	Autosomal dominant	198
Nasopharyngeal carcinoma, susceptibility to, 3	Autosomal dominant	3
Naxos disease	Autosomal recessive	1197
Nebulin-related early-onset distal myopathy	Autosomal recessive	2
Nemaline myopathy	Autosomal recessive	250
Nemaline myopathy 10	Autosomal recessive	404
Nemaline myopathy 2	Autosomal recessive	11156
Nemaline myopathy 5	Autosomal recessive	311
Nemaline myopathy 5B, autosomal recessive, childhood-onset	Autosomal recessive	2
Nemaline myopathy 5C, autosomal dominant	Autosomal recessive	3
Nemaline myopathy 6	Autosomal dominant	673
Nemaline myopathy 7	Autosomal recessive	129
Nemaline myopathy 9	Autosomal recessive	285
Neonatal Marfan syndrome	Autosomal dominant	4
Neonatal alloimmune thrombocytopenia	Autosomal dominant	1
Neonatal asphyxia	Autosomal dominant	1
Neonatal breathing dysregulation	Autosomal recessive	2
Neonatal death	Autosomal recessive	4
Neonatal diabetes mellitus	Autosomal dominant	46
Neonatal diabetes mellitus with congenital hypothyroidism	Autosomal recessive	432
Neonatal encephalomyopathy-cardiomyopathy-respiratory distress syndrome	Autosomal recessive	272
Neonatal encephalopathy	Autosomal recessive	3
Neonatal hypoglycemia	Autosomal dominant	4
Neonatal hypotonia	Autosomal dominant	16
Neonatal ichthyosis-sclerosing cholangitis syndrome	Autosomal recessive	11
Neonatal inflammatory skin and bowel disease	Autosomal recessive	1
Neonatal insulin-dependent diabetes mellitus	Autosomal dominant	24
Neonatal intrahepatic cholestasis due to citrin deficiency	Autosomal recessive	161
Neonatal pseudo-hydrocephalic progeroid syndrome	Autosomal recessive	25
Neonatal respiratory distress	Autosomal dominant	4
Neonatal seizure	Autosomal recessive	6
Neonatal severe primary hyperparathyroidism	Autosomal dominant	531
Neonatal short-limb short stature	Autosomal dominant	1
Neonatal-onset encephalopathy with rigidity and seizures	Autosomal recessive	1157
Neonatal/infantile epilepsy syndrome	Autosomal dominant	1
Neoplasm	Autosomal recessive	1
Neoplasm of brain	Autosomal dominant	3
Neoplasm of stomach	Autosomal dominant	146
Neoplasm of the endocrine system	Autosomal dominant	6
Neoplasm of the liver	Autosomal dominant	10
Neoplasm of uterus	Autosomal dominant	1
Nephroblastoma	Somatic mutation	6
Nephrocalcinosis	Autosomal recessive	21
Nephrogenic diabetes insipidus	Autosomal dominant	38
Nephrogenic syndrome of inappropriate antidiuresis	X-linked recessive	122
Nephrolithiasis susceptibility caused by SLC26A1	Autosomal recessive	189
Nephrolithiasis, calcium oxalate	Autosomal recessive	5
Nephrolithiasis/nephrocalcinosis	Autosomal dominant	1150
Nephronophthisis	Autosomal recessive	5077
Nephronophthisis 1	Autosomal recessive	675
Nephronophthisis 11	Autosomal recessive	1213
Nephronophthisis 12	Autosomal dominant	399
Nephronophthisis 13	Autosomal recessive	1136
Nephronophthisis 14	Autosomal dominant	843
Nephronophthisis 15	Autosomal recessive	1438
Nephronophthisis 16	Autosomal recessive	440
Nephronophthisis 18	Autosomal recessive	455
Nephronophthisis 19	Autosomal recessive	176
Nephronophthisis 3	Autosomal recessive	1158
Nephronophthisis 4	Autosomal recessive	1168
Nephronophthisis 8	Autosomal recessive	254
Nephronophthisis 9	Autosomal recessive	146
Nephronophthisis-like nephropathy 1	Autosomal recessive	292
Nephropathic cystinosis	Autosomal recessive	833
Nephrotic range proteinuria	Somatic mutation	8
Nephrotic syndrome	Autosomal recessive	73
Nephrotic syndrome 16	Autosomal recessive	9
Nephrotic syndrome, type 10	Autosomal recessive	9
Nephrotic syndrome, type 11	Autosomal recessive	16
Nephrotic syndrome, type 12	Autosomal recessive	43
Nephrotic syndrome, type 2	Autosomal recessive	258
Nephrotic syndrome, type 21	Autosomal recessive	1
Nephrotic syndrome, type 3	Autosomal recessive	469
Nephrotic syndrome, type 4	Somatic mutation	785
Nephrotic syndrome, type 6	Autosomal recessive	158
Nephrotic syndrome, type 8	Autosomal recessive	9
Nephrotic syndrome, type 9	Autosomal recessive	53
Nestor-Guillermo progeria syndrome	Autosomal recessive	27
Netherton syndrome	Autosomal recessive	278
Neu-Laxova syndrome 1	Autosomal recessive	161
Neu-Laxova syndrome 2	Autosomal recessive	349
Neural tube defect	Autosomal dominant	176
Neural tube defects, folate-sensitive	Autosomal recessive	387
Neural tube defects, folate-sensitive, susceptibility to	Autosomal dominant	2
Neural tube defects, susceptibility to	Autosomal dominant	25
Neuroblastoma	Autosomal dominant	32
Neuroblastoma, susceptibility to, 1	Autosomal dominant	178
Neuroblastoma, susceptibility to, 2	Autosomal dominant	21
Neuroblastoma, susceptibility to, 3	Autosomal recessive	2
Neurocutaneous melanocytosis	Autosomal dominant	8
Neurocutaneous syndrome	Autosomal dominant	1
Neurodegeneration	Autosomal recessive	9
Neurodegeneration with ataxia and late-onset optic atrophy	Autosomal dominant	135
Neurodegeneration with ataxia, dystonia, and gaze palsy, childhood-onset	Autosomal dominant	44
Neurodegeneration with brain iron accumulation	Autosomal recessive	88
Neurodegeneration with brain iron accumulation 2B	Autosomal recessive	307
Neurodegeneration with brain iron accumulation 4	Autosomal recessive	197
Neurodegeneration with brain iron accumulation 5	X-linked dominant	475
Neurodegeneration with brain iron accumulation 6	Autosomal recessive	288
Neurodegenerative illness progressing to crippling dystonia and death with relentless cerebral atrophy	Autosomal recessive	1
Neurodevelopmental Disability	Autosomal dominant	8
Neurodevelopmental abnormality	Autosomal dominant	19
Neurodevelopmental delay	Autosomal dominant	95
Neurodevelopmental disorder	Autosomal dominant	87
Neurodevelopmental disorder with achalasia, polyneuropathy, and alacrima	Autosomal dominant	2
Neurodevelopmental disorder with behavioral abnormalities, absent speech, and hypotonia	Autosomal dominant	1
Neurodevelopmental disorder with brain abnormalities	Autosomal recessive	1
Neurodevelopmental disorder with central hypotonia and dysmorphic facies	Autosomal dominant	8
Neurodevelopmental disorder with cerebellar atrophy and with or without seizures	Autosomal recessive	50
Neurodevelopmental disorder with coarse facies and mild distal skeletal abnormalities	Autosomal dominant	1
Neurodevelopmental disorder with dysmorphic facies and distal limb anomalies	Autosomal dominant	2
Neurodevelopmental disorder with dysmorphic facies, brain anomalies, and seizures	Autosomal dominant	1
Neurodevelopmental disorder with epilepsy	X-linked	2
Neurodevelopmental disorder with epilepsy and hemochromatosis	X-linked recessive	4
Neurodevelopmental disorder with hyperkinetic movements and dyskinesia	Autosomal dominant	31
Neurodevelopmental disorder with hypotonia, dysmorphic facies, and skeletal anomalies, with or without seizures	Autosomal recessive	1
Neurodevelopmental disorder with hypotonia, language delay, and skeletal defects with or without seizures	Autosomal dominant	24
Neurodevelopmental disorder with hypotonia, neuropathy, and deafness	Autosomal recessive	1
Neurodevelopmental disorder with hypotonia, stereotypic hand movements, and impaired language	Autosomal dominant	440
Neurodevelopmental disorder with impaired language and ataxia and with or without seizures	Autosomal recessive	4
Neurodevelopmental disorder with infantile epileptic spasms	Autosomal dominant	1
Neurodevelopmental disorder with intention tremor, pyramidal signs, dyspraxia, and ocular anomalies	Autosomal recessive	1
Neurodevelopmental disorder with involuntary movements	Autosomal dominant	31
Neurodevelopmental disorder with microcephaly, absent speech, and hypotonia	Autosomal recessive	3
Neurodevelopmental disorder with movement abnormalities, abnormal gait, and autistic features	Autosomal dominant	14
Neurodevelopmental disorder with or without anomalies of the brain, eye, or heart	Autosomal dominant	185
Neurodevelopmental disorder with or without autism or seizures	Autosomal dominant	51
Neurodevelopmental disorder with or without hyperkinetic movements and seizures, autosomal dominant	X-linked recessive	1
Neurodevelopmental disorder with parkinsonism or other movement abnormalities	Autosomal recessive	1
Neurodevelopmental disorder with poor language and loss of hand skills	X-linked dominant	1
Neurodevelopmental disorder with progressive spasticity and brain abnormalities	Autosomal recessive	1
Neurodevelopmental disorder with severe motor impairment and absent language	Isolated cases	1
Neurodevelopmental disorder with spasticity, cataracts, and cerebellar hypoplasia	Autosomal dominant	1
Neurodevelopmental disorder with visual defects and brain anomalies	Autosomal recessive	26
Neurodevelopmental disorders	Autosomal dominant	1
Neuroendocrine neoplasm	Autosomal dominant	5
Neuroendocrine tumor of pancreas	Autosomal dominant	2
Neuroepithelial neoplasm	Autosomal dominant	1
Neuroferritinopathy	Autosomal dominant	335
Neurofibrmatosis type 1	Autosomal dominant	4
Neurofibroma	Autosomal dominant	25
Neurofibromatosis type 1 due to NF1 mutation or intragenic deletion	Autosomal dominant	3
Neurofibromatosis, familial spinal	Autosomal dominant	2677
Neurofibromatosis, type 1	Autosomal dominant	15601
Neurofibromatosis, type 2	Autosomal dominant	1954
Neurofibromatosis-Noonan syndrome	Autosomal dominant	2704
Neurogenic scapuloperoneal syndrome, Kaeser type	Autosomal dominant	219
Neurohypophyseal diabetes insipidus	Autosomal dominant	66
Neurologic, endocrine, and pancreatic disease, multisystem, infantile-onset	Autosomal recessive	1
Neurologic, endocrine, and pancreatic disease, multisystem, infantile-onset 1	Autosomal recessive	8
Neurologic, endocrine, and pancreatic disease, multisystem, infantile-onset 2	Autosomal dominant	12
Neurometabolic disorder due to serine deficiency	Autosomal recessive	3
Neuromotor delay	Autosomal recessive	1
Neuromuscular disease	Autosomal dominant	92
Neuromuscular disease caused by qualitative or quantitative defects of alpha-dystroglycan	Autosomal recessive	2
Neuromuscular disease caused by qualitative or quantitative defects of beta-myosin heavy chain (MYH7)	Autosomal dominant	1
Neuromuscular disease caused by qualitative or quantitative defects of dysferlin	Autosomal recessive	1240
Neuromuscular disease caused by qualitative or quantitative defects of dystrophin	X-linked recessive	96
Neuromuscular disease, congenital, with uniform type 1 fiber	Autosomal recessive	1
Neuromuscular dysphagia	Autosomal dominant	1
Neuronal Ceroid-Lipofuscinosis, Recessive	Autosomal recessive	1
Neuronal ceroid lipofuscinosis	Autosomal recessive	713
Neuronal ceroid lipofuscinosis 1	Autosomal recessive	701
Neuronal ceroid lipofuscinosis 10	Autosomal recessive	98
Neuronal ceroid lipofuscinosis 11	Autosomal dominant	611
Neuronal ceroid lipofuscinosis 13	Autosomal recessive	156
Neuronal ceroid lipofuscinosis 2	Autosomal recessive	483
Neuronal ceroid lipofuscinosis 3	Autosomal recessive	271
Neuronal ceroid lipofuscinosis 5	Autosomal recessive	233
Neuronal ceroid lipofuscinosis 7	Autosomal recessive	899
Neuronal ceroid lipofuscinosis 8	Autosomal recessive	202
Neuronal ceroid lipofuscinosis 8 northern epilepsy variant	Autosomal recessive	66
Neuronopathy, distal hereditary motor, autosomal dominant	Autosomal recessive	47
Neuronopathy, distal hereditary motor, autosomal dominant 1	X-linked recessive	3
Neuronopathy, distal hereditary motor, autosomal dominant 11	Autosomal dominant	12
Neuronopathy, distal hereditary motor, autosomal dominant 8	Autosomal dominant	794
Neuronopathy, distal hereditary motor, autosomal recessive	Autosomal dominant	1
Neuronopathy, distal hereditary motor, autosomal recessive 10	Autosomal recessive	22
Neuronopathy, distal hereditary motor, autosomal recessive 11, with spasticity	Autosomal dominant	2
Neuronopathy, distal hereditary motor, autosomal recessive 4	Autosomal recessive	2483
Neuronopathy, distal hereditary motor, autosomal recessive 5	Autosomal recessive	269
Neuronopathy, distal hereditary motor, autosomal recessive 9	Autosomal recessive	6
Neuronopathy, distal hereditary motor, type 2A	Autosomal dominant	76
Neuronopathy, distal hereditary motor, type 2B	Autosomal dominant	102
Neuronopathy, distal hereditary motor, type 2C	Autosomal dominant	62
Neuronopathy, distal hereditary motor, type 2D	Autosomal dominant	34
Neuronopathy, distal hereditary motor, type 5	Autosomal dominant	3
Neuronopathy, distal hereditary motor, type 5A	Autosomal dominant	220
Neuronopathy, distal hereditary motor, type 5B	Autosomal dominant	35
Neuronopathy, distal hereditary motor, type 5C	Autosomal recessive	195
Neuronopathy, distal hereditary motor, type 7A	Autosomal dominant	489
Neuronopathy, distal hereditary motor, type 7B	Autosomal dominant	4036
Neuroocular syndrome	Isolated cases	2
Neuroocular syndrome 1	Isolated cases	2
Neurooculorenal syndrome	Autosomal dominant	1
Neuropathic spinal arthropathy	Autosomal dominant	4
Neuropathy, axonal, with vocal cord paresis, autosomal recessive	Autosomal recessive	3
Neuropathy, congenital hypomyelinating, 2	Autosomal dominant	126
Neuropathy, congenital hypomyelinating, 3	Autosomal recessive	13
Neuropathy, hereditary motor and sensory, type 6A	Autosomal dominant	69
Neuropathy, hereditary motor and sensory, type 6B	Autosomal recessive	338
Neuropathy, hereditary sensory and autonomic, type 1A	Autosomal dominant	62
Neuropathy, hereditary sensory and autonomic, type 1C	Autosomal dominant	569
Neuropathy, hereditary sensory and autonomic, type 2A	Autosomal dominant	4979
Neuropathy, hereditary sensory and autonomic, type 2B	Autosomal recessive	85
Neuropathy, hereditary sensory and autonomic, type IA, severe	Autosomal dominant	1
Neuropathy, hereditary sensory and autonomic, type IId	Autosomal recessive	1
Neuropathy, hereditary sensory, type 1D	Autosomal dominant	74
Neuropathy, hereditary sensory, type 1F	Autosomal dominant	473
Neuropathy, hereditary sensory, type 2C	Autosomal recessive	2710
Neutral 1 amino acid transport defect	Autosomal recessive	259
Neutral lipid storage myopathy	Autosomal recessive	617
Neutropenia, severe congenital, 1, autosomal dominant	Autosomal dominant	1041
Neutropenia, severe congenital, 11, autosomal dominant	Autosomal dominant	2
Neutropenia, severe congenital, 2, autosomal dominant	Autosomal recessive	1
Neutropenia, severe congenital, 8, autosomal dominant	Autosomal recessive	5
Neutropenia, severe congenital, 9, autosomal dominant	Autosomal recessive	12
Nevus sebaceous	Autosomal dominant	12
Newfoundland cone-rod dystrophy	Autosomal dominant	60
Nicolaides-Baraitser syndrome	Autosomal dominant	268
Niemann-Pick disease, type A	Autosomal recessive	1881
Niemann-Pick disease, type B	Autosomal recessive	1717
Niemann-Pick disease, type C	Autosomal recessive	110
Niemann-Pick disease, type C1	Autosomal recessive	2543
Niemann-Pick disease, type C1, adult form	Autosomal recessive	1
Niemann-Pick disease, type C1, juvenile form	Autosomal recessive	4
Niemann-Pick disease, type C2	Autosomal recessive	268
Niemann-Pick disease, type D	Autosomal recessive	1
Niemann-pick disease, intermediate, protracted neurovisceral	Autosomal recessive	4
Night blindness	Autosomal recessive	5
Night blindness, congenital stationary, type1i	Autosomal recessive	51
Nijmegen breakage syndrome-like disorder	Autosomal dominant	28
Nizon-Isidor syndrome	Autosomal recessive	4
Noise induced hearing loss	Autosomal dominant	1
Non-Fanconi anemia cytopenia	Autosomal dominant	1
Non-Hodgkin lymphoma	Autosomal dominant	1
Non-Syndromic Hereditary Hearing Impairment	Autosomal recessive	4
Non-acquired combined pituitary hormone deficiency with spine abnormalities	Autosomal recessive	160
Non-compaction cardiomyopathy	Autosomal recessive	1
Non-immune hydrops fetalis	Autosomal dominant	19
Non-lesional parietal lobe epilepsy	X-linked	1
Non-obstructive azoospermia	X-linked recessive	8
Non-progressive congenital cerebellar ataxia	Autosomal dominant	4
Non-small cell lung carcinoma	Autosomal dominant	27
Non-syndromic X-linked intellectual disability	X-linked recessive	5
Non-syndromic intellectual disability	Autosomal dominant	4
Non-syndromic oligodontia	Autosomal dominant	6
Non-syndromic syndactyly	Autosomal recessive	1
Nonarteritic anterior ischemic optic neuropathy, susceptibility to	Autosomal recessive	49
Noncompaction cardiomyopathy	Autosomal dominant	6
Nongerminomatous germ cell tumor	Somatic mutation	1
Nongoitrous Euthyroid Hyperthyrotropinemia	Autosomal recessive	5
Nonpapillary renal cell carcinoma	Autosomal dominant	1281
Nonpersistence of intestinal lactase	Autosomal recessive	6
Nonsyndromic Deafness	Autosomal dominant	33
Nonsyndromic Heritable Thoracic Aortic Aneurysms And Dissections	Autosomal dominant	2
Nonsyndromic Oculocutaneous Albinism	Autosomal recessive	22
Nonsyndromic cleft lip palate	Autosomal recessive	3
Nonsyndromic congenital nail disorder 3	Autosomal dominant	15
Nonsyndromic congenital nail disorder 4	Autosomal recessive	17
Nonsyndromic congenital nail disorder 8	Autosomal dominant	1369
Nonsyndromic genetic hearing loss	Autosomal dominant	351
Noonan Syndrome-like developmental disorder	Autosomal dominant	4
Noonan syndrome	Autosomal dominant	437
Noonan syndrome 1	Autosomal dominant	1124
Noonan syndrome 10	Autosomal dominant	348
Noonan syndrome 2	Autosomal dominant	254
Noonan syndrome 3	Autosomal dominant	137
Noonan syndrome 4	Autosomal dominant	856
Noonan syndrome 5	Autosomal dominant	38
Noonan syndrome 6	Autosomal dominant	109
Noonan syndrome 7	Autosomal dominant	586
Noonan syndrome 8	Autosomal dominant	310
Noonan syndrome 9	Autosomal dominant	1528
Noonan syndrome and Noonan-related syndrome	Autosomal dominant	495
Noonan syndrome with multiple lentigines	Autosomal dominant	40
Noonan syndrome-like disorder with juvenile myelomonocytic leukemia	Somatic mutation	4
Noonan syndrome-like disorder with loose anagen hair	Autosomal dominant	4
Noonan syndrome-like disorder with loose anagen hair 1	Autosomal dominant	91
Noonan syndrome-like disorder with loose anagen hair 2	Autosomal recessive	1
Noonan-like syndrome	Autosomal dominant	4
Normal pressure hydrocephalus	Autosomal recessive	1
Norman-Roberts syndrome	Autosomal dominant	3397
Normokalemic periodic paralysis, potassium-sensitive	Autosomal dominant	7
Normophosphatemic familial tumoral calcinosis	Autosomal recessive	45
North Carolina macular dystrophy	Autosomal dominant	8
Norum disease	Autosomal recessive	144
Nuclear pulverulent cataract	Autosomal dominant	3
Nystagmus	Autosomal recessive	43
Nystagmus 1, congenital, X-linked	X-linked	74
Nystagmus 6, congenital, X-linked	X-linked	14
OAT-related disorder	Autosomal recessive	8
OCA2-related disorder	Autosomal recessive	73
OCLN-related disorder	Autosomal recessive	2
OCRL-related disorder	X-linked recessive	29
OCULOECTODERMAL SYNDROME, SOMATIC	Somatic mosaicism	4
ODAD1-related disorder	Autosomal recessive	6
ODAD2-related disorder	Autosomal recessive	16
ODAD3-related disorder	Autosomal recessive	9
ODAPH-related disorder	Autosomal recessive	2
OFD1-related ciliopathy	X-linked dominant	1
OFD1-related disorder	X-linked dominant	36
OGDH-related disorder	Autosomal recessive	18
OPA1-Related Disorders Autosomal Recessive	Autosomal dominant	2
OPA1-related disorder	Autosomal dominant	26
OPA1-related optic atrophy with or without extraocular features	Autosomal dominant	1
OPA3-related disorder	Autosomal recessive	9
OPHN1-related disorder	X-linked recessive	5
OPLAH-related disorder	Autosomal recessive	25
OPN1SW-related disorder	Autosomal dominant	1
OPTIC ATROPHY 9, AUTOSOMAL RECESSIVE	Autosomal recessive	2
OPTIC NERVE HYPOPLASIA AND ABNORMALITIES OF THE CENTRAL NERVOUS SYSTEM	Autosomal dominant	2
OPTN-related disorder	Autosomal dominant	37
ORAI1-related disorder	Autosomal recessive	3
ORC1-related disorder	Autosomal recessive	11
ORC6-related disorder	Autosomal recessive	1
ORNITHINE TRANSCARBAMYLASE POLYMORPHISM	X-linked recessive	1
OSTEOPOIKILOSIS WITH OR WITHOUT MELORHEOSTOSIS	Autosomal dominant	1
OSTEOPOROSIS, EARLY-ONSET, SUSCEPTIBILITY TO	Autosomal recessive	7
OSTM1-related disorder	Autosomal recessive	3
OTC-related disorder	X-linked recessive	14
OTOA-related disorder	Autosomal recessive	8
OTOF-related disorder	Autosomal recessive	36
OTOG-related disorder	Autosomal recessive	14
OTOGL-related disorder	Autosomal recessive	5
OTX2-related disorder	Autosomal dominant	3
OVARIAN CANCER, EPITHELIAL, SOMATIC	Somatic mutation	1
Obesity	Autosomal dominant	83
Obesity due to CEP19 deficiency	Autosomal recessive	3
Obesity due to SIM1 deficiency	Autosomal dominant	2
Obesity due to congenital leptin deficiency	Autosomal recessive	48
Obesity due to melanocortin 4 receptor deficiency	Autosomal dominant	1
Obesity due to pro-opiomelanocortin deficiency	Autosomal dominant	5
Obesity due to prohormone convertase I deficiency	Isolated cases	91
Obesity, age at onset of	Autosomal dominant	1
Obesity, early-onset, susceptibility to	Autosomal dominant	1
Obesity, late-onset	Autosomal dominant	1
Obesity, severe, and type II diabetes	Autosomal dominant	3
Obsessive-compulsive disorder	Autosomal dominant	2
Obstructive azoospermia	Autosomal recessive	29
Obtuse angle of mandible	Autosomal recessive	1
Occipital encephalocele	Autosomal recessive	8
Occipital pachygyria and polymicrogyria	Autosomal recessive	99
Occult macular dystrophy	Autosomal dominant	452
Occult maculopathy	Autosomal recessive	1
Ochoa syndrome	Autosomal recessive	2
Ocular albinism	Autosomal recessive	5
Ocular albinism with congenital sensorineural hearing loss	Autosomal recessive	11
Ocular albinism, type I	X-linked	43
Ocular cystinosis	Autosomal recessive	1578
Oculoauricular syndrome	Autosomal recessive	4
Oculocerebrofacial syndrome, Kaufman type	Autosomal recessive	55
Oculocutaneous albinism	Autosomal recessive	114
Oculocutaneous albinism type 1	Autosomal recessive	18
Oculocutaneous albinism type 1A	Autosomal recessive	221
Oculocutaneous albinism type 1B	Autosomal recessive	150
Oculocutaneous albinism type 3	Autosomal recessive	115
Oculocutaneous albinism type 4	Autosomal recessive	47
Oculocutaneous albinism type 6	Autosomal recessive	11
Oculocutaneous albinism type 7	Autosomal recessive	12
Oculodentodigital dysplasia	Autosomal dominant	167
Oculodentodigital dysplasia, autosomal recessive	Autosomal recessive	271
Oculofaciocardiodental syndrome	X-linked dominant	508
Oculogyric crisis	Autosomal dominant	7
Oculomaxillofacial dysostosis	Isolated cases	16
Oculomotor apraxia	Autosomal dominant	3
Oculootoradial syndrome	Autosomal dominant	324
Oculopharyngeal muscular dystrophy	Autosomal dominant	3
Oculopharyngeal muscular dystrophy 1	Autosomal dominant	28
Oculotrichoanal syndrome	Autosomal recessive	675
Odonto-onycho-dermal dysplasia	Autosomal recessive	625
Odontochondrodysplasia 1	Autosomal recessive	21
Odontohypophosphatasia	Autosomal recessive	9
Ogden syndrome	X-linked recessive	46
Oguchi disease	Autosomal recessive	7
Oguchi disease-1	Autosomal recessive	18
Oguchi disease-2	Autosomal recessive	1
Okur-Chung neurodevelopmental syndrome	Autosomal dominant	79
Olaparib response	Autosomal recessive	2
Oligodontia	Autosomal dominant	10
Oligodontia-cancer predisposition syndrome	Autosomal dominant	3744
Oligohydramnios	Autosomal recessive	14
Oligospermia	Autosomal dominant	4
Oligosynaptic infertility	Autosomal dominant	14
Olivopontocerebellar hypoplasia	Autosomal recessive	8
Olmsted syndrome 1	Autosomal dominant	39
Olmsted syndrome, X-linked	X-linked recessive	11
Oocyte maturation defect 2	Autosomal dominant	74
Oocyte maturation defect 4	Autosomal dominant	1
Oocyte/zygote/embryo maturation arrest 25	Autosomal recessive	2
Opacification of the corneal stroma	Autosomal dominant	1
Open-angle glaucoma	Autosomal dominant	71
Ophthalmoplegia, isolated	Mitochondrial	1
Opsismodysplasia	Autosomal recessive	54
Opsoclonus-myoclonus syndrome	Autosomal dominant	1
Optic atrophy	Autosomal recessive	150
Optic atrophy 10 with or without ataxia, intellectual disability, and seizures	Autosomal recessive	21
Optic atrophy 12	Autosomal recessive	14
Optic atrophy 2	X-linked	2
Optic atrophy 3	Autosomal dominant	513
Optic atrophy 5	Autosomal dominant	32
Optic atrophy 9	Autosomal recessive	51
Optic atrophy with or without deafness, ophthalmoplegia, myopathy, ataxia, and neuropathy	Autosomal dominant	83
Optic atrophy-ataxia-peripheral neuropathy-global developmental delay syndrome	Autosomal recessive	1
Optic disc drusen	Autosomal dominant	1
Optic disc pallor	Autosomal dominant	1
Optic nerve glioma	Autosomal dominant	8
Optic nerve hypoplasia	Autosomal dominant	6
Optic neuropathy	Autosomal recessive	12
Oral cavity telangiectasia	Autosomal dominant	1
Oral-pharyngeal dysphagia	X-linked recessive	1
Ornithine aminotransferase deficiency	Autosomal recessive	655
Ornithine carbamoyltransferase deficiency	X-linked recessive	719
Orofacial cleft	Autosomal dominant	2
Orofacial cleft 1	Autosomal dominant	23
Orofacial cleft 11	Autosomal dominant	189
Orofacial cleft 15	Autosomal dominant	2
Orofacial cleft 5	Autosomal dominant	6
Orofacial cleft 6, susceptibility to	Isolated cases	225
Orofacial cleft 7	Autosomal recessive	1
Orofacial cleft 8	Autosomal dominant	556
Orofacial-digital syndrome III	Autosomal recessive	3
Orofacial-digital syndrome IV	Autosomal recessive	960
Orofaciodigital syndrome	Autosomal recessive	3
Orofaciodigital syndrome I	X-linked dominant	873
Orofaciodigital syndrome V	Autosomal recessive	11
Orofaciodigital syndrome XV	Autosomal recessive	21
Orofaciodigital syndrome type 14	Autosomal recessive	52
Orofaciodigital syndrome type 6	Autosomal recessive	1238
Oromandibular-limb hypogenesis spectrum	Autosomal dominant	29
Oroticaciduria	Autosomal recessive	1
Orthostatic hypotension 1	Autosomal recessive	439
Osteoarthritis	Autosomal dominant	7
Osteoarthritis susceptibility 1	Multifactorial	2
Osteoarthritis susceptibility 2	Autosomal dominant	18
Osteoarthritis susceptibility 3	Autosomal dominant	1
Osteoarthritis susceptibility 5	Autosomal dominant	17
Osteoblastic osteosarcoma	Autosomal dominant	3
Osteochondritis dissecans	Autosomal dominant	30
Osteochondrodysplasia	Autosomal recessive	43
Osteochondrodysplasia, brachydactyly, and overlapping malformed digits	Autosomal dominant	1
Osteocraniostenosis	Autosomal dominant	20
Osteodysplastic primordial dwarfism, type 1	Autosomal recessive	39
Osteofibrous dysplasia	Autosomal dominant	83
Osteogenesis Imperfecta, Recessive	Autosomal recessive	41
Osteogenesis imperfecta	Autosomal dominant	1014
Osteogenesis imperfecta type 1, mild	Autosomal dominant	2
Osteogenesis imperfecta type 10	Autosomal recessive	69
Osteogenesis imperfecta type 11	Autosomal recessive	135
Osteogenesis imperfecta type 12	Autosomal recessive	26
Osteogenesis imperfecta type 13	Autosomal recessive	114
Osteogenesis imperfecta type 15	Autosomal recessive	34
Osteogenesis imperfecta type 17	Autosomal recessive	12
Osteogenesis imperfecta type 5	Autosomal dominant	10
Osteogenesis imperfecta type 6	Autosomal dominant	2
Osteogenesis imperfecta type 7	Autosomal recessive	636
Osteogenesis imperfecta type 8	Autosomal recessive	849
Osteogenesis imperfecta type 9	Autosomal recessive	49
Osteogenesis imperfecta type I	Autosomal dominant	7324
Osteogenesis imperfecta type III	Autosomal dominant	990
Osteogenesis imperfecta with normal sclerae, dominant form	Autosomal dominant	1103
Osteogenesis imperfecta, mild	Autosomal dominant	2
Osteogenesis imperfecta, perinatal lethal	Autosomal dominant	1005
Osteogenesis imperfecta, type 19	X-linked recessive	9
Osteogenesis imperfecta, type 21	Autosomal dominant	1
Osteogenesis imperfecta, type III/IV	Autosomal dominant	7
Osteoglophonic dysplasia	Autosomal dominant	1281
Osteomyelitis leading to amputation due to slow healing fractures	Autosomal dominant	1
Osteootohepatoenteric syndrome	Autosomal recessive	1
Osteopathia striata with cranial sclerosis	X-linked dominant	58
Osteopenia	Autosomal dominant	5
Osteopetrosis	Autosomal recessive	14
Osteopetrosis with renal tubular acidosis	Autosomal recessive	90
Osteopoikilosis	Autosomal dominant	1
Osteoporosis	Autosomal dominant	1759
Osteoporosis with pseudoglioma	Autosomal dominant	2324
Osteoporosis, susceptibility to	Autosomal dominant	3
Osteosarcoma	Autosomal recessive	2
Other rare neuromuscular disorders	Autosomal recessive	10
Otitis media, susceptibility to	Autosomal recessive	3
Oto-palato-digital syndrome, type I	X-linked dominant	290
Oto-palato-digital syndrome, type II	X-linked dominant	9489
Otofaciocervical syndrome 1	Autosomal dominant	505
Otofaciocervical syndrome 2	Autosomal recessive	22
Otopalatodigital Spectrum Disorders	X-linked dominant	3
Otosclerosis 12	Autosomal dominant	107
Otosclerosis 4	Autosomal dominant	1
Otospondylomegaepiphyseal dysplasia, autosomal dominant	Autosomal dominant	319
Otospondylomegaepiphyseal dysplasia, autosomal recessive	Autosomal dominant	378
Ovarian Cancers	Autosomal dominant	1
Ovarian cancer	Autosomal dominant	829
Ovarian cancer, susceptibility to, 1	Autosomal dominant	3
Ovarian carcinoma	Autosomal dominant	16
Ovarian cyst	Autosomal dominant	1
Ovarian dysgenesis 1	Autosomal recessive	76
Ovarian dysgenesis 3	Autosomal recessive	9
Ovarian dysgenesis 6	Autosomal recessive	1
Ovarian dysgenesis 7	Autosomal recessive	3
Ovarian hyperstimulation syndrome	Autosomal dominant	65
Ovarian neoplasm	Autosomal dominant	506
Ovarian serous surface papillary adenocarcinoma	Autosomal dominant	1
Overgrowth	Autosomal dominant	1
Overgrowth syndrome	Autosomal dominant	1
Overgrowth syndrome and/or cerebral malformations due to abnormalities in MTOR pathway genes	Autosomal dominant	11
Overhydrated hereditary stomatocytosis	Autosomal dominant	10
Overlapping fingers	Autosomal dominant	1
Oxoglutaricaciduria	Autosomal recessive	164
P3H1-related disorder	Autosomal recessive	35
P4HB-related disorder	Autosomal dominant	2
P5CS deficiency	Autosomal dominant	5
PABPN1-related disorder	Autosomal dominant	2
PACS1-related disorder	Autosomal dominant	23
PACS1-related syndrome	Autosomal dominant	1
PACS2-related disorder	X-linked recessive	1
PAFAH1B1-related disorder	Isolated cases	1
PAH-related disorder	Autosomal recessive	67
PAIN SENSITIVITY QUANTITATIVE TRAIT LOCUS 1	Autosomal recessive	1
PAK3-related disorder	X-linked recessive	3
PALB2-related cancer predisposition	Autosomal dominant	73
PALB2-related disorder	Autosomal dominant	183
PANK2-related disorder	Autosomal recessive	10
PAPSS2-related disorder	Autosomal recessive	9
PARK2-related Parkinson diseases	Autosomal recessive	1
PARK7-related disorder	Autosomal dominant	1
PARN-related disorder	Autosomal recessive	18
PAX2-Related Disorder	Autosomal dominant	54
PAX3-related disorder	Autosomal dominant	8
PAX4-related disorder	Autosomal dominant	15
PAX6 Aniridia Syndrome	Autosomal dominant	1
PAX6-related disorder	Autosomal dominant	26
PAX6-related ocular dysgenesis	Autosomal dominant	7
PAX7-related disorder	Autosomal recessive	1
PAX8 POLYMORPHISM	Autosomal dominant	1
PAX8-related disorder	Autosomal dominant	2
PAX9-related disorder	Autosomal dominant	3
PC-related disorder	Autosomal recessive	32
PCBD1-related disorder	Autosomal recessive	1
PCCA-related disorder	Autosomal recessive	20
PCCB-related disorder	Autosomal recessive	26
PCDH15-related disorder	Autosomal recessive	74
PCDH19-related disorder	X-linked	25
PCDH19-related epilepsy	X-linked	1
PCDH19-related epilepsy syndrome	X-linked	1
PCK1-related disorder	Autosomal recessive	7
PCK2-related disorder	Autosomal recessive	4
PCLO-related disorder	Autosomal recessive	8
PCNT-related disorder	Autosomal recessive	249
PCSK1-related disorder	Isolated cases	18
PCSK9-related disorder	Autosomal dominant	9
PCWH syndrome	Autosomal dominant	89
PDCD10-related disorder	Autosomal dominant	1
PDE11A-related disorder	Autosomal dominant	6
PDE3A-related disorder	Autosomal dominant	1
PDE4D-related disorder	Autosomal dominant	3
PDE6A-related disorder	Autosomal recessive	1
PDE6B-related disorder	Autosomal recessive	7
PDE6C-related disorder	Autosomal recessive	4
PDE6D-related disorder	Autosomal recessive	3
PDE6H-related disorder	Autosomal dominant	1
PDE8B-related disorder	Autosomal dominant	5
PDGFB-related disorder	Autosomal dominant	1
PDGFRA-related disorder	Autosomal dominant	83
PDGFRB-related disorder	Autosomal dominant	139
PDHA1-related disorder	X-linked dominant	7
PDHX-related disorder	Autosomal recessive	8
PDK3-related disorder	X-linked dominant	2
PDSS1-related disorder	Autosomal recessive	4
PDSS2-related disorder	Autosomal recessive	3
PDX1-related disorder	Autosomal recessive	3
PDZD7-related disorder	Autosomal recessive	6
PEHO syndrome	Autosomal recessive	12
PEPD-related disorder	Autosomal recessive	7
PER3-related disorder	Autosomal dominant	1
PERCHING syndrome	Autosomal dominant	5
PET100-related disorder	Mitochondrial	1
PEX1-related Zellweger spectrum disorder	Autosomal recessive	2
PEX1-related disorder	Autosomal recessive	60
PEX10-related disorder	Autosomal recessive	18
PEX12-related disorder	Autosomal recessive	10
PEX14-related disorder	Autosomal recessive	11
PEX2-related disorder	Autosomal recessive	22
PEX5-related disorder	Autosomal recessive	69
PEX6-related disorder	Autosomal recessive	24
PEX7-related disorder	Autosomal recessive	20
PFKM-related disorder	Autosomal recessive	14
PGAM2-related disorder	Autosomal recessive	10
PGAP1-related disorder	Autosomal recessive	5
PGAP3-related disorder	Autosomal recessive	1
PGK1-related disorder	X-linked recessive	10
PGM1-congenital disorder of glycosylation	Autosomal recessive	353
PGM1-related disorder	Autosomal recessive	18
PGM3-related disorder	Autosomal recessive	11
PHACE syndrome	Autosomal recessive	1
PHARC syndrome	Autosomal recessive	75
PHEX-related disorder	X-linked dominant	12
PHF6-related disorder	X-linked recessive	14
PHGDH deficiency	Autosomal recessive	930
PHGDH-related disorder	Autosomal recessive	18
PHIP-related behavioral problems-intellectual disability-obesity-dysmorphic features syndrome	X-linked recessive	1
PHIP-related disorder	X-linked recessive	1
PHKA1-related disorder	X-linked recessive	15
PHKA2-related disorder	X-linked recessive	26
PHKB-related disorder	Autosomal recessive	23
PHKG2-related disorder	Autosomal recessive	8
PHOX2B-related disorder	Autosomal dominant	3
PHYH-related disorder	Autosomal recessive	8
PI CHRISTCHURCH	Autosomal recessive	1
PI F	Autosomal recessive	1
PI I	Autosomal recessive	1
PI KALSHEKER-POLLER	Autosomal recessive	1
PI M(HEERLEN)	Autosomal recessive	1
PI M(MALTON)	Autosomal recessive	1
PI M(MINERAL SPRINGS)	Autosomal recessive	1
PI M(PROCIDA)	Autosomal recessive	1
PI M1-ALA213	Autosomal recessive	1
PI M2	Autosomal recessive	1
PI M3	Autosomal recessive	1
PI M4	Autosomal recessive	1
PI NULL(BELLINGHAM)	Autosomal recessive	1
PI NULL(BOLTON)	Autosomal recessive	1
PI NULL(CARDIFF)	Autosomal recessive	1
PI NULL(DEVON)	Autosomal recessive	1
PI NULL(HONG KONG 1)	Autosomal recessive	1
PI NULL(LUDWIGSHAFEN)	Autosomal recessive	1
PI NULL(NEWPORT)	Autosomal recessive	1
PI NULL(WEST)	Autosomal recessive	1
PI P(DUARTE)	Autosomal recessive	1
PI P(LOWELL)	Autosomal recessive	1
PI P(ST. ALBANS)	Autosomal recessive	1
PI Q0(BELLINGHAM)	Autosomal recessive	1
PI Q0(BOLTON)	Autosomal recessive	1
PI Q0(CARDIFF)	Autosomal recessive	1
PI Q0(DEVON)	Autosomal recessive	1
PI Q0(GRANITE FALLS)	Autosomal recessive	1
PI Q0(HONG KONG 1)	Autosomal recessive	1
PI Q0(LUDWIGSHAFEN)	Autosomal recessive	1
PI Q0(NEWPORT)	Autosomal recessive	1
PI S	Autosomal recessive	2
PI S(IIYAMA)	Autosomal recessive	1
PI V(MUNICH)	Autosomal recessive	1
PI W(BETHESDA)	Autosomal recessive	1
PI X	Autosomal recessive	1
PI Z	Autosomal recessive	1
PI Z(AUGSBURG)	Autosomal recessive	1
PI Z(BRISTOL)	Autosomal recessive	1
PI Z(TUN)	Autosomal recessive	1
PI Z(WREXHAM)	Autosomal recessive	1
PI, M1A	Autosomal recessive	1
PI4KA-related disorder	Autosomal recessive	4
PIEZO1-related disorder	Autosomal recessive	23
PIEZO2-related disorder	Autosomal dominant	6
PIGA-related disorder	X-linked recessive	10
PIGG-related disorder	Autosomal recessive	28
PIGG-related neurodevelopmental disorder	Autosomal recessive	1
PIGL-related disorder	Autosomal recessive	5
PIGM-related disorder	Autosomal recessive	5
PIGN-related disorder	Autosomal recessive	21
PIGO-related disorder	Autosomal recessive	17
PIGT-related disorder	Autosomal recessive	10
PIGV-related disorder	Autosomal recessive	7
PIGW-related disorder	Autosomal recessive	2
PIK3CA overgrowth syndrome	Somatic mutation	1
PIK3CA related overgrowth syndrome	Autosomal dominant	7
PIK3CA-Related Overgrowth Spectrum Disorders	Somatic mutation	1
PIK3CA-related disorder	Autosomal dominant	5
PIK3CD-related disorder	Autosomal dominant	34
PIK3R1-related disorder	Autosomal dominant	18
PIK3R2-related disorder	Autosomal dominant	4
PIKFYVE-related disorder	Autosomal dominant	7
PINK1-Related Parkinsonism	Autosomal recessive	1
PINK1-related disorder	Autosomal recessive	12
PITPNM3-related disorder	Autosomal dominant	8
PITUITARY HORMONE DEFICIENCY, COMBINED, 5	Autosomal dominant	1
PITUITARY TUMOR 3, GROWTH HORMONE-SECRETING, SOMATIC	Isolated cases	1
PITX2-Related Eye Abnormalities	Autosomal dominant	180
PITX2-related disorder	Autosomal dominant	9
PITX3-related disorder	Autosomal dominant	2
PJVK-related disorder	Autosomal recessive	3
PKD1-Biallelic Autosomal Recessive Polycystic Kidney Disease	Autosomal dominant	15
PKD1-related disorder	Autosomal dominant	362
PKHD1-related disorder	Autosomal recessive	215
PKLR-related disorder	Autosomal recessive	10
PKP2-related disorder	Autosomal dominant	42
PLA2G6-associated neurodegeneration	Autosomal recessive	207
PLA2G6-related disorder	Autosomal recessive	29
PLAU-related disorder	Autosomal dominant	3
PLCB1-related disorder	Autosomal recessive	23
PLCB4-related disorder	Autosomal dominant	6
PLCD1-related disorder	Autosomal dominant	1
PLCE1-related disorder	Autosomal recessive	19
PLCG2-related disorder	Autosomal dominant	66
PLEC-related disorder	Autosomal recessive	1315
PLEC-related epidermolysis bullosa	Autosomal recessive	8
PLEKHG2-related disorder	Autosomal recessive	1
PLEKHG5-related disorder	Autosomal recessive	48
PLG-related disorder	Autosomal recessive	5
PLIN1-related disorder	Autosomal dominant	1
PLIN1-related familial partial lipodystrophy	Autosomal dominant	23
PLK4-related disorder	Autosomal recessive	1
PLN-related cardiomyopathy	Autosomal dominant	2
PLN-related disorder	Autosomal dominant	2
PLOD1-related disorder	Autosomal recessive	26
PLOD2-related disorder	Autosomal recessive	5
PLOD3-related disorder	Autosomal recessive	4
PLP1-related disorder	X-linked recessive	7
PLXNA2-related disorder	Isolated cases	2
PMM2-congenital disorder of glycosylation	Autosomal recessive	746
PMM2-related disorder	Autosomal recessive	32
PMP22-RAI1 contiguous gene duplication syndrome	Autosomal dominant	2
PMP22-related disorder	Autosomal dominant	8
PMPCA-related disorder	Autosomal recessive	1
PMS2-related cancer disorders	Autosomal dominant	1
PMS2-related disorder	Autosomal recessive	16
PMVK-related disorder	Autosomal dominant	1
PNKD-related disorder	Autosomal dominant	7
PNKP-related disorder	Autosomal recessive	55
PNP POLYMORPHISM	Autosomal recessive	1
PNP-related disorder	Autosomal recessive	2
PNPLA1-related disorder	Autosomal recessive	6
PNPLA2-related disorder	Autosomal recessive	16
PNPLA6-related disorder	Autosomal recessive	40
PNPLA8-related disorder	Autosomal recessive	2
PNPO-related disorder	Autosomal recessive	6
PNPT1-related disorder	Autosomal recessive	12
POC1A-related disorder	Autosomal recessive	1
POFUT1-related disorder	Autosomal dominant	5
POGZ-related disorder	Autosomal dominant	19
POLA1-related disorder	X-linked recessive	2
POLD1-related disorder	Autosomal dominant	192
POLE-related disorder	Autosomal dominant	130
POLE-related polyposis and colorectal cancer syndrome	Autosomal dominant	13
POLG-related disorder	Autosomal recessive	523
POLG2-related disorder	Autosomal dominant	3
POLH-related disorder	Autosomal recessive	5
POLR-related leukodystrophy	Autosomal recessive	17
POLR1C-related disorder	Autosomal recessive	13
POLR3A-related disorder	Autosomal recessive	23
POLR3A-related neurological disorders	Autosomal recessive	3
POLR3B-related disorder	Autosomal recessive	6
POLYCYSTIC KIDNEY DISEASE 3 WITH POLYCYSTIC LIVER DISEASE	Autosomal dominant	2
POLYCYSTIC LIVER DISEASE 4 WITH KIDNEY CYSTS	Autosomal dominant	5
POLYMICROGYRIA WITHOUT VASCULAR-TYPE EHLERS-DANLOS SYNDROME	Autosomal dominant	1
POMC-related disorder	Autosomal dominant	4
POMGNT1-related disorder	Autosomal recessive	72
POMGNT2-related disorder	Autosomal recessive	13
POMK-related disorder	Autosomal recessive	20
POMT1-related congenital myopathy	Autosomal recessive	3
POMT1-related disorder	Autosomal recessive	73
POMT2-related disorder	Autosomal recessive	51
POR-related disorder	Autosomal recessive	5
POT1-related disorder	Autosomal dominant	27
POU1F1-related disorder	Autosomal dominant	5
POU3F4-related disorder	X-linked recessive	1
POU4F3-related disorder	Autosomal dominant	4
PPARG POLYMORPHISM	Somatic mutation	1
PPARG-related disorder	Autosomal dominant	9
PPARG-related familial partial lipodystrophy	Autosomal dominant	70
PPIB-related disorder	Autosomal recessive	1
PPM1D-related disorder	Autosomal dominant	1
PPOX-related disorder	Autosomal dominant	1
PPP1R15B-related disorder	Autosomal recessive	1
PPP1R3A-related disorder	Autosomal dominant	4
PPP2R1A-related disorder	Autosomal dominant	3
PPP2R1A-related neurodevelopmental disorders	Autosomal dominant	1
PPP2R5C-related disorder	Autosomal recessive	1
PPP2R5D-related disorder	Autosomal dominant	3
PPT1-related disorder	Autosomal recessive	8
PQBP1-related disorder	X-linked recessive	7
PRDM12-related disorder	Autosomal recessive	3
PRDM16-related congenital heart disease	Autosomal dominant	1
PRDM16-related disorder	Autosomal dominant	53
PRDM5-related disorder	Autosomal recessive	2
PRDM8-related disorder	Autosomal recessive	8
PRF1-related disorder	Autosomal recessive	30
PRG4-related disorder	Autosomal recessive	1
PRICKLE1-related disorder	Autosomal recessive	16
PRIMARY OVARIAN FAILURE 8	Autosomal recessive	1
PRKAG2 cardiac syndrome	Autosomal dominant	6
PRKAG2-related cardiomyopathy	Autosomal dominant	1
PRKAG2-related disorder	Autosomal dominant	27
PRKAR1A-related disorder	Autosomal dominant	36
PRKCD-related disorder	Autosomal recessive	8
PRKCG-related disorder	Autosomal dominant	4
PRKCSH-related disorder	Autosomal dominant	5
PRKDC-related disorder	Autosomal recessive	32
PRKG1-related disorder	Autosomal dominant	22
PRKN-related disorder	Autosomal recessive	9
PRKRA-related disorder	Autosomal recessive	1
PRLR-related disorder	Autosomal dominant	1
PRNP-related disorder	Autosomal dominant	5
PROC-related disorder	Autosomal dominant	23
PROK2-related disorder	Autosomal dominant	7
PROKR2-related disorder	Autosomal dominant	9
PROM1-related disorder	Autosomal dominant	10
PROP1-related disorder	Autosomal recessive	6
PROS1-related disorder	Autosomal recessive	30
PROTEASOME-ASSOCIATED AUTOINFLAMMATORY SYNDROME 1, DIGENIC	Autosomal recessive	1
PROTHROMBIN TYPE 3	Autosomal dominant	2
PRPF31-related disorder	Autosomal dominant	3
PRPF8-related disorder	Autosomal dominant	1
PRPH2-related disorder	Autosomal dominant	183
PRPS1-related disorder	X-linked	2
PRRT2 insufficiency	Autosomal dominant	6
PRRT2-Associated Paroxysmal Movement Disorders	Autosomal dominant	6
PRRT2-Related Disorder	Autosomal dominant	21
PRRT2-associated paroxysmal movement disorder	Autosomal dominant	8
PRSS1-related disorder	Autosomal dominant	4
PRSS12-related disorder	Autosomal recessive	5
PRSS56-related disorder	Autosomal recessive	5
PRX-related disorder	Autosomal recessive	12
PSAP-related disorder	Autosomal recessive	44
PSAT deficiency	Autosomal recessive	99
PSAT1-related disorder	Autosomal recessive	22
PSEN1-related disorder	Autosomal dominant	69
PSEN2-related disorder	Autosomal dominant	20
PSEUDOARYLSULFATASE A DEFICIENCY	Autosomal recessive	1
PSEUDOXANTHOMA ELASTICUM, MODIFIER OF SEVERITY OF	Autosomal recessive	4
PSMB8-related disorder	Autosomal recessive	2
PSPH-related disorder	Autosomal recessive	2
PSTPIP1-related disorder	Autosomal dominant	16
PTCH1-related disorder	Autosomal dominant	77
PTCH2-related disorder	Autosomal dominant	12
PTCHD1-related disorder	X-linked recessive	1
PTEN hamartoma tumor syndrome	Autosomal dominant	876
PTEN hamartoma tumor syndromes	Autosomal dominant	3
PTEN-related disorder	Autosomal dominant	89
PTH1R-related disorder	Autosomal dominant	11
PTPN11-related disorder	Autosomal dominant	158
PTPRC POLYMORPHISM	Autosomal recessive	1
PTPRC-related disorder	Autosomal recessive	18
PTPRJ-related disorder	Autosomal dominant	1
PTPRO-related disorder	Autosomal recessive	6
PTPRQ-related disorder	Autosomal recessive	3
PTS-related disorder	Autosomal recessive	9
PUF60-related disorder	Autosomal dominant	2
PULMONARY ALVEOLAR MICROLITHIASIS	Autosomal recessive	25
PURA Syndrome	Autosomal dominant	3
PURA-related disorder	Autosomal dominant	11
PURA-related neurodevelopmental disorder	Autosomal dominant	1
PURA-related severe neonatal hypotonia-seizures-encephalopathy syndrome	Autosomal dominant	468
PURA-related severe neonatal hypotonia-seizures-encephalopathy syndrome due to a point mutation	Autosomal dominant	2
PUS1-related disorder	Autosomal recessive	11
PXDN-related disorder	Autosomal recessive	16
PYCR1- related autosomal recessive cutis laxa	Autosomal recessive	1
PYCR1-related de Barsy syndrome	Autosomal recessive	21
PYCR1-related disorder	Autosomal recessive	9
PYGL-related disorder	Autosomal recessive	13
PYGM-related disorder	Autosomal recessive	29
Pachygyria	Autosomal recessive	1
Pachyonychia congenita 1	Autosomal dominant	38
Pachyonychia congenita 2	Autosomal dominant	27
Paediatric disorders	Autosomal dominant	12
Paediatric or syndromic cardiomyopathy	Autosomal dominant	6
Paget disease of bone 2, early-onset	Autosomal dominant	1626
Paget disease of bone 3	Autosomal dominant	196
Paget disease of bone 6	Autosomal dominant	10
Pain	Autosomal dominant	5
Pain insensitivity	Autosomal recessive	2
Palatal anomalies-widely spaced teeth-facial dysmorphism-developmental delay syndrome	Autosomal dominant	33
Pallister-Hall syndrome	Autosomal dominant	2385
Palmoplantar blistering	Autosomal dominant	11
Palmoplantar hyperhidrosis	Autosomal dominant	1
Palmoplantar keratoderma	Autosomal recessive	5
Palmoplantar keratoderma i, striate, focal, or diffuse	Autosomal dominant	28
Palmoplantar keratoderma, Bothnian type	Autosomal dominant	7
Palmoplantar keratoderma, Nagashima type	Autosomal recessive	9
Palmoplantar keratoderma, epidermolytic	Autosomal dominant	8
Palmoplantar keratoderma, nonepidermolytic, focal 1	Autosomal dominant	30
Palmoplantar keratoderma, nonepidermolytic, focal or diffuse	Autosomal dominant	17
Palmoplantar keratoderma, punctate type 1A	Autosomal dominant	19
Palmoplantar keratoderma-deafness syndrome	Autosomal dominant	641
Palmoplantar keratoderma-esophageal carcinoma syndrome	Autosomal dominant	259
Palmoplantar keratodermas	Autosomal dominant	6
Palpitations	Autosomal dominant	3
Pancreatic Cancer Susceptibility 4	Autosomal dominant	2
Pancreatic agenesis 1	Autosomal recessive	59
Pancreatic agenesis 2	Autosomal recessive	30
Pancreatic beta cell agenesis with neonatal diabetes mellitus	Autosomal recessive	2
Pancreatic cancer, susceptibility to	Autosomal dominant	3
Pancreatic cancer, susceptibility to, 2	Autosomal dominant	1378
Pancreatic cancer, susceptibility to, 3	Autosomal dominant	341
Pancreatic cancer, susceptibility to, 4	Autosomal dominant	385
Pancreatic cysts	Autosomal dominant	1
Pancreatic hypoplasia	Autosomal dominant	1
Pancreatic hypoplasia-diabetes-congenital heart disease syndrome	Autosomal dominant	108
Pancreatic insufficiency-anemia-hyperostosis syndrome	Autosomal recessive	7
Pancreatic insulin-producing neuroendocrine tumor	Autosomal dominant	1
Pancreatic intraductal papillary-mucinous neoplasm	Autosomal dominant	1
Pancreatic triacylglycerol lipase deficiency	Autosomal recessive	5
Pancreatitis	Autosomal recessive	15
Pancreatitis, chronic, susceptibility to	Autosomal dominant	5
Pancytopenia	Isolated cases	1
Pancytopenia due to IKZF1 mutations	Autosomal dominant	40
Pancytopenia-developmental delay syndrome	Autosomal recessive	62
Panhypopituitarism, X-linked	X-linked	9
Panic disorder 1	Autosomal dominant	2
Papillary carcinoma of the corpus uteri	Autosomal dominant	4
Papillary renal cell carcinoma type 1	Autosomal recessive	116
Papillary thyroid carcinoma	Autosomal dominant	3
Papillary tumor of the pineal region	Autosomal dominant	2
Papillon-Lefèvre syndrome	Autosomal recessive	908
Papule	Autosomal recessive	2
Papulosquamous eruptions	Autosomal dominant	9
Paraganglioma	Autosomal dominant	15
Paragangliomas with sensorineural hearing loss	Autosomal dominant	801
Paramyotonia congenita of Von Eulenburg	Autosomal dominant	2609
Paramyotonia congenita/hyperkalemic periodic paralysis	Autosomal dominant	17
Paramyotonia congenita/myotonia congenita	Autosomal dominant	1
Paraplegia-intellectual disability-hyperkeratosis syndrome	X-linked dominant	1
Parastremmatic dwarfism	Autosomal dominant	155
Parathyroid adenoma, somatic	Autosomal dominant	3
Parathyroid carcinoma	Autosomal dominant	404
Parathyroid gland adenoma	Autosomal dominant	4
Paresthesia	Autosomal recessive	6
Parietal foramina 1	Autosomal dominant	127
Parietal foramina 2	Autosomal dominant	175
Parietal foramina with cleidocranial dysplasia	Autosomal dominant	6
Parkinson Disease, Dominant	Autosomal dominant	23
Parkinson Disease, Dominant/Recessive	Isolated cases	1
Parkinson disease	Autosomal recessive	11
Parkinson disease 12	Autosomal recessive	4
Parkinson disease 17	Autosomal dominant	179
Parkinson disease 18, autosomal dominant, susceptibility to	Autosomal dominant	19
Parkinson disease 19B, early-onset	Autosomal recessive	2
Parkinson disease 21	Isolated cases	1
Parkinson disease 24, autosomal dominant, susceptibility to	Autosomal recessive	69
Parkinson disease 5, autosomal dominant, susceptibility to	Autosomal recessive	7
Parkinson disease, X-linked dominant	X-linked recessive	1
Parkinson disease, late-onset	Autosomal recessive	260
Parkinson disease, mitochondrial	Mitochondrial	2
Parkinson disease, resistance to	Mitochondrial	1
Parkinsonian disorder	Autosomal dominant	18
Parkinsonian-pyramidal syndrome	Autosomal recessive	352
Parkinsonism-dystonia, infantile	Autosomal recessive	26
Paroxysmal atrial fibrillation	Autosomal dominant	6
Paroxysmal central nervous system disorders	Autosomal dominant	24
Paroxysmal dyskinesia	Autosomal dominant	1
Paroxysmal dystonia	Autosomal dominant	2
Paroxysmal extreme pain disorder	Autosomal dominant	660
Paroxysmal familial ventricular fibrillation	Autosomal dominant	2
Paroxysmal nocturnal hemoglobinuria 1	X-linked recessive	10
Paroxysmal nocturnal hemoglobinuria 2	Somatic mutation	13
Paroxysmal nonkinesigenic dyskinesia	Autosomal dominant	43
Paroxysmal nonkinesigenic dyskinesia 1	Autosomal dominant	97
Partial adenosine deaminase deficiency	Somatic mosaicism	8
Partial agenesis of the corpus callosum	Autosomal dominant	1
Partial androgen insensitivity syndrome	X-linked recessive	145
Partial hypoxanthine-guanine phosphoribosyltransferase deficiency	X-linked recessive	338
Partial lipodystrophy, congenital cataracts, and neurodegeneration syndrome	Autosomal dominant	75
Partington syndrome	X-linked recessive	48
Patent ductus arteriosus	Autosomal dominant	5
Patent ductus arteriosus 2	Autosomal dominant	11
Patent ductus arteriosus 3	Autosomal dominant	12
Patent ductus arteriosus after premature birth	Autosomal dominant	1
Pathologic fracture	Autosomal dominant	1
Patterned dystrophy of the retinal pigment epithelium	Autosomal dominant	33
Patterned macular dystrophy 1	Autosomal dominant	337
Patterned macular dystrophy 2	Autosomal dominant	171
Patterned macular dystrophy 3	Autosomal dominant	3
Paucity of anterior horn motor neurons	Autosomal recessive	2
Pear-shaped nose	Autosomal dominant	2
Pearson syndrome	Autosomal recessive	1
Pectus excavatum	Autosomal dominant	5
Pedal edema	Autosomal dominant	1
Pediatric high-grade glioma	Autosomal recessive	2
Peeling skin syndrome 1	Autosomal recessive	14
Peeling skin syndrome 4	Autosomal recessive	5
Peeling skin syndrome 5	Autosomal recessive	10
Peeling skin syndrome type A	Autosomal recessive	1
Peeling skin-leukonuchia-acral punctate keratoses-cheilitis-knuckle pads syndrome	Autosomal recessive	17
Pelger-Huët anomaly	Autosomal dominant	36
Pelizaeus-Merzbacher disease	X-linked recessive	210
Pelizaeus-Merzbacher disease, atypical	X-linked recessive	3
Pelizaeus-Merzbacher disease, mild	X-linked recessive	3
Pelvic girdle muscle weakness	Autosomal dominant	4
Pelviscapular dysplasia	Autosomal recessive	21
Pemigatinib resistance	Autosomal dominant	1
Pendred syndrome	Autosomal recessive	1167
Penetrating foot ulcers	Autosomal dominant	1
Penile hypospadias	Autosomal dominant	7
Penoscrotal transposition	Autosomal recessive	1
Periampullary adenoma	Autosomal dominant	3
Perimembranous ventricular septal defect	Autosomal dominant	1
Perinatal lethal hypophosphatasia	Autosomal recessive	4
Periodic fever syndrome	Autosomal dominant	1
Periodic fever-infantile enterocolitis-autoinflammatory syndrome	Autosomal dominant	1558
Periodic paralysis	Autosomal dominant	3
Periodontitis	Autosomal recessive	7
Periodontitis, aggressive	Autosomal recessive	851
Periodontitis, aggressive 1	Autosomal recessive	3
Peripheral axonal neuropathy	Autosomal recessive	7
Peripheral demyelination	Autosomal dominant	3
Peripheral neuropathy	Autosomal dominant	41
Peripheral neuropathy-myopathy-hoarseness-hearing loss syndrome	Autosomal dominant	119
Peripheral precocious puberty	Autosomal dominant	1
Peripheral pulmonary artery stenosis	Autosomal dominant	1
Peripheral schisis	X-linked dominant	1
Peripheral schwannoma	Autosomal dominant	1
Peripheral visual field loss	Autosomal recessive	6
Periportal fibrosis	Autosomal recessive	1
Perisylvian polymicrogyria	Autosomal recessive	2
Peritoneum cancer	Autosomal dominant	1
Peritonitis	Autosomal recessive	10
Periventricular cysts	Autosomal dominant	1
Periventricular heterotopia	Autosomal dominant	3
Periventricular heterotopia with microcephaly, autosomal recessive	Autosomal recessive	181
Periventricular leukomalacia	Autosomal dominant	1
Periventricular nodular heterotopia	X-linked dominant	3
Periventricular nodular heterotopia 6	Autosomal dominant	27
Perlman syndrome	Autosomal recessive	2199
Permanent neonatal diabetes mellitus	Autosomal dominant	414
Permanent neonatal diabetes mellitus 1	Autosomal dominant	401
Permanent neonatal diabetes mellitus-pancreatic and cerebellar agenesis syndrome	Autosomal recessive	49
Peroneal muscle atrophy	X-linked dominant	1
Peroxisomal biogenesis disorder 3b	Autosomal recessive	3
Peroxisomal disorder	Autosomal recessive	2
Peroxisome biogenesis disorder	Autosomal recessive	256
Peroxisome biogenesis disorder 10A (Zellweger)	Autosomal recessive	1
Peroxisome biogenesis disorder 13A (Zellweger)	Autosomal recessive	61
Peroxisome biogenesis disorder 14B	Autosomal recessive	1
Peroxisome biogenesis disorder 1A (Zellweger)	Autosomal recessive	497
Peroxisome biogenesis disorder 1B	Autosomal recessive	295
Peroxisome biogenesis disorder 2A (Zellweger)	Autosomal recessive	210
Peroxisome biogenesis disorder 2B	Autosomal recessive	999
Peroxisome biogenesis disorder 3A (Zellweger)	Autosomal recessive	65
Peroxisome biogenesis disorder 4A (Zellweger)	Autosomal recessive	107
Peroxisome biogenesis disorder 4B	Autosomal recessive	103
Peroxisome biogenesis disorder 5A (Zellweger)	Autosomal recessive	502
Peroxisome biogenesis disorder 5B	Autosomal recessive	83
Peroxisome biogenesis disorder 6A (Zellweger)	Autosomal recessive	225
Peroxisome biogenesis disorder 6B	Autosomal recessive	125
Peroxisome biogenesis disorder 7A (Zellweger)	Autosomal recessive	2
Peroxisome biogenesis disorder 7B	Autosomal recessive	2
Peroxisome biogenesis disorder 8A (Zellweger)	Autosomal recessive	2
Peroxisome biogenesis disorder 8B	Autosomal recessive	2
Peroxisome biogenesis disorder 9B	Autosomal recessive	122
Peroxisome biogenesis disorder due to PEX1 defect	Autosomal recessive	8
Peroxisome biogenesis disorder type 1A	Autosomal recessive	4
Peroxisome biogenesis disorder type 3B	Autosomal recessive	67
Peroxisome biogenesis disorder, complementation group 7	Autosomal recessive	124
Peroxisome biogenesis disorder, complementation group K	Autosomal recessive	44
Perrault syndrome	Autosomal recessive	1041
Perrault syndrome 1	Autosomal recessive	282
Perrault syndrome 2	Autosomal recessive	34
Perrault syndrome 3	Autosomal recessive	24
Perrault syndrome 4	Autosomal recessive	72
Perrault syndrome 5	Autosomal recessive	47
Perrault syndrome 7	Autosomal recessive	3
Perry syndrome	Autosomal dominant	4046
Persistent Mullerian duct syndrome	Autosomal recessive	51
Persistent hyperplastic primary vitreous, autosomal recessive	Autosomal recessive	6
Persistent mullerian duct syndrome, type I	Autosomal recessive	1
Persistent mullerian duct syndrome, type II	Autosomal recessive	1
Persistent patent ductus venosus	Autosomal dominant	1
Persistent pupillary membrane	Autosomal recessive	1
Persistent truncus arteriosus	Autosomal dominant	6
Personality changes	Autosomal dominant	1
Pervasive developmental disorder	Autosomal recessive	1
Pes cavus	Autosomal dominant	7
Pes planus	Autosomal recessive	10
Pes valgus	Autosomal dominant	1
Peters plus syndrome	Autosomal recessive	232
Pettigrew syndrome	X-linked recessive	20
Peutz-Jeghers syndrome	Autosomal dominant	2430
Pfeiffer syndrome	Autosomal dominant	2964
Pfeiffer syndrome type 3	Autosomal dominant	2
Phelan-McDermid syndrome	Isolated cases	163
Phenylketonuria	Autosomal recessive	1564
Phenytoin response	Autosomal dominant	2
Pheochromocytoma	Autosomal dominant	7089
Pheochromocytoma, susceptibility to	Autosomal dominant	6
Pheochromocytoma/paraganglioma syndrome 1	Autosomal dominant	348
Pheochromocytoma/paraganglioma syndrome 2	Autosomal dominant	71
Pheochromocytoma/paraganglioma syndrome 3	Autosomal dominant	1358
Pheochromocytoma/paraganglioma syndrome 4	Autosomal dominant	3720
Pheochromocytoma/paraganglioma syndrome 5	Autosomal dominant	2763
Phimosis	Autosomal recessive	1
Phosphate transport defect	Autosomal recessive	173
Phosphoenolpyruvate carboxykinase deficiency, cytosolic	Autosomal recessive	84
Phosphoenolpyruvate carboxykinase deficiency, mitochondrial	Autosomal recessive	15
Phosphoribosylpyrophosphate synthetase superactivity	X-linked recessive	94
Photophobia	Autosomal recessive	1
Photosensitive tonic-clonic seizure	Isolated cases	1
Phytanic acid storage disease	Autosomal recessive	125
Phytanoyl-CoA hydroxylase deficiency	Autosomal recessive	1
Pick disease	Autosomal dominant	1057
Piebaldism	Autosomal dominant	418
Pierpont syndrome	Autosomal dominant	491
Pierson syndrome	Autosomal recessive	1142
Pigmentary pallidal degeneration	Autosomal recessive	648
Pigmentary retinal dystrophy	Autosomal dominant	461
Pigmentary retinopathy	Autosomal dominant	2
Pigmentary skin disorders	Autosomal recessive	9
Pigmented nodular adrenocortical disease, primary, 1	Autosomal dominant	71
Pigmented nodular adrenocortical disease, primary, 2	Autosomal dominant	47
Pigmented paravenous retinochoroidal atrophy	Autosomal dominant	253
Pilarowski-Bjornsson syndrome	Autosomal dominant	1
Pili torti-deafness syndrome	Autosomal recessive	214
Pilocytic astrocytoma	Autosomal dominant	19
Pilomatrixoma	Somatic mutation	40
Pilomyxoid astrocytoma	Autosomal dominant	6
Piroxicam response	Autosomal dominant	2
Pitt-Hopkins syndrome	Autosomal dominant	937
Pitt-Hopkins-like syndrome 2	Autosomal recessive	1933
Pituitary adenoma 3, multiple types	Autosomal dominant	389
Pituitary adenoma 5, multiple types	Autosomal recessive	406
Pituitary adenoma predisposition	Somatic mutation	2
Pituitary carcinoma	Autosomal dominant	1
Pituitary dependent hypercortisolism	Autosomal recessive	13
Pituitary hormone deficiency	Autosomal recessive	7
Pituitary hormone deficiency, combined, 1	Autosomal dominant	71
Pituitary hormone deficiency, combined, 2	Autosomal recessive	154
Pituitary hormone deficiency, combined, 6	Autosomal dominant	60
Pituitary hypothyroidism	Autosomal recessive	1
Pituitary stalk interruption syndrome	Autosomal dominant	2
Pityriasis rubra pilaris	Autosomal dominant	2449
Plantar crease between first and second toes	Autosomal dominant	1
Plasma fibronectin deficiency	Autosomal dominant	2
Plasma triglyceride level quantitative trait locus	Autosomal dominant	3
Plasminogen deficiency, type I	Autosomal recessive	154
Platelet-type bleeding disorder 10	Autosomal recessive	140
Platelet-type bleeding disorder 11	Autosomal recessive	20
Platelet-type bleeding disorder 15	Autosomal dominant	66
Platelet-type bleeding disorder 16	Autosomal dominant	56
Platelet-type bleeding disorder 17	Autosomal dominant	24
Platelet-type bleeding disorder 18	Autosomal recessive	20
Platelet-type bleeding disorder 19	Autosomal recessive	1
Platelet-type bleeding disorder 20	Autosomal dominant	36
Platelet-type bleeding disorder 8	Autosomal recessive	11
Platelet-type bleeding disorder 9	Autosomal dominant	161
Platyspondylic dysplasia, Torrance type	Autosomal dominant	813
Pleomorphic xanthoastrocytoma	Autosomal dominant	2
Pleomorphic xanthoastrocytoma BRAF mutant	Somatic mutation	1
Pleural effusion	Autosomal recessive	3
Pleuropulmonary blastoma	Autosomal dominant	262
Plexiform neurofibroma	Somatic mutation	1
Pneumothorax - familial	Autosomal dominant	7
Poikiloderma with neutropenia	Autosomal recessive	52
Pointed chin	Autosomal dominant	2
Poliosis	Autosomal dominant	1
Poly (ADP-Ribose) polymerase inhibitor response	Autosomal dominant	3
Polycystic kidney disease	Autosomal dominant	328
Polycystic kidney disease 2	Autosomal dominant	3
Polycystic kidney disease 3 with or without polycystic liver disease	Autosomal dominant	195
Polycystic kidney disease 4	Autosomal recessive	1865
Polycystic kidney disease 8	Autosomal recessive	109
Polycystic kidney disease 9, susceptibility to	Autosomal recessive	5
Polycystic kidney disease, adult type	Autosomal dominant	4366
Polycystic lipomembranous osteodysplasia with sclerosing leukoencephalopathy 1	Autosomal recessive	40
Polycystic lipomembranous osteodysplasia with sclerosing leukoencephalopathy 2	Autosomal recessive	7
Polycystic lipomembranous osteodysplasia with sclerosing leukoencephaly	Autosomal recessive	1
Polycystic liver disease 1	Autosomal dominant	230
Polycystic liver disease 2	Autosomal dominant	257
Polycystic liver disease 4 with or without kidney cysts	Autosomal dominant	2318
Polycythemia	Autosomal dominant	3
Polydactyly	Autosomal dominant	385
Polydactyly of a triphalangeal thumb	Autosomal dominant	132
Polydactyly, postaxial, type A1	Autosomal dominant	1066
Polydactyly, postaxial, type A6	Autosomal recessive	1
Polydactyly, postaxial, type a10	Autosomal dominant	2
Polydactyly, postaxial, type a7	Autosomal dominant	2
Polydactyly-macrocephaly syndrome	Autosomal dominant	5
Polyendocrine-polyneuropathy syndrome	Autosomal recessive	28
Polyglandular autoimmune syndrome, type 1	Autosomal dominant	1247
Polyglucosan body myopathy 1 without immunodeficiency	Autosomal recessive	7
Polyglucosan body myopathy type 1	Autosomal recessive	508
Polyglucosan body myopathy type 2	Autosomal recessive	506
Polyhydramnios	Autosomal recessive	2
Polyhydramnios, megalencephaly, and symptomatic epilepsy	Autosomal recessive	402
Polymerase proofreading-related adenomatous polyposis	Autosomal dominant	110
Polymicrogyria	Autosomal dominant	3
Polymicrogyria with or without vascular-type Ehlers-Danlos syndrome	Autosomal dominant	128
Polymicrogyria, bilateral perisylvian, autosomal recessive	Autosomal recessive	26
Polymicrogyria, perisylvian, with cerebellar hypoplasia and arthrogryposis	Autosomal recessive	72
Polymorphic ventricular tachycardia	Autosomal dominant	8
Polyneuropathy	Autosomal dominant	5
Polyostotic fibrous dysplasia, somatic, mosaic	Isolated cases	1
Polyp of colon	Autosomal dominant	2
Polyposis syndrome, hereditary mixed, 1	Autosomal dominant	23
Polyposis syndrome, hereditary mixed, 2	Autosomal dominant	175
Polyps, multiple and recurrent inflammatory fibroid, gastrointestinal	Autosomal dominant	178
Polysyndactyly 4	Autosomal dominant	1041
Polysyndactyly of hallux	Autosomal dominant	2
Polyvalvular heart disease syndrome	Autosomal dominant	1
Pontocerebellar hypoplasia type 10	Autosomal recessive	15
Pontocerebellar hypoplasia type 1A	Autosomal recessive	511
Pontocerebellar hypoplasia type 1B	Autosomal recessive	249
Pontocerebellar hypoplasia type 2	Autosomal recessive	5
Pontocerebellar hypoplasia type 2A	Autosomal recessive	106
Pontocerebellar hypoplasia type 2B	Autosomal recessive	35
Pontocerebellar hypoplasia type 2D	Autosomal recessive	208
Pontocerebellar hypoplasia type 2E	Autosomal recessive	42
Pontocerebellar hypoplasia type 3	Autosomal recessive	76
Pontocerebellar hypoplasia type 4	Autosomal recessive	109
Pontocerebellar hypoplasia type 5	Autosomal recessive	103
Pontocerebellar hypoplasia type 6	Autosomal recessive	328
Pontocerebellar hypoplasia type 8	Autosomal recessive	15
Pontocerebellar hypoplasia type 9	Autosomal recessive	764
Pontocerebellar hypoplasia, type 12	Autosomal recessive	14
Pontocerebellar hypoplasia, type 16	Autosomal dominant	3
Pontocerebellar hypoplasia, type 1C	Autosomal recessive	15
Pontocerebellar hypoplasia, type 1D	X-linked dominant	1
Pontocerebellar hypoplasia, type 1E	Autosomal recessive	8
Pontoneocerebellar hypoplasia	Autosomal recessive	93
Poor speech	Autosomal recessive	6
Poor wound healing	Autosomal recessive	3
Popliteal pterygium syndrome	Isolated cases	154
Porencephaly-microcephaly-bilateral congenital cataract syndrome	Autosomal recessive	20
Porokeratosis 1, Mibelli type	Autosomal dominant	6
Porokeratosis 3, disseminated superficial actinic type	Autosomal recessive	1167
Porokeratosis 7, multiple types	Autosomal dominant	13
Porokeratosis 8, disseminated superficial actinic type	Autosomal dominant	5
Porokeratotic adnexal ostial nevus	Autosomal dominant	1
Porphobilinogen synthase deficiency	Autosomal recessive	88
Porphyria cutanea tarda	Autosomal dominant	2
Porphyria, acute intermittent, nonerythroid variant	Autosomal dominant	1
Porphyrinuria	Autosomal dominant	3
Portal hypertension, noncirrhotic	Autosomal recessive	8
Portal hypertension, noncirrhotic, 1	Autosomal recessive	45
Positive Romberg sign	Autosomal recessive	2
Possible mitochondrial disorder - nuclear genes	Autosomal recessive	23
Postaxial foot polydactyly	Autosomal recessive	3
Postaxial hand polydactyly	Autosomal recessive	5
Postaxial polydactyly	Autosomal dominant	2
Postaxial polydactyly, type A1/B	Autosomal dominant	2
Postaxial polydactyly-anterior pituitary anomalies-facial dysmorphism syndrome	Autosomal dominant	1297
Posterior column ataxia-retinitis pigmentosa syndrome	Autosomal recessive	222
Posterior hypospadias	X-linked recessive	4
Posterior polymorphous corneal dystrophy	Autosomal dominant	6
Posterior polymorphous corneal dystrophy 1	Autosomal dominant	10
Posterior polymorphous corneal dystrophy 2	Autosomal dominant	4
Postlingual sensorineural hearing impairment	Autosomal dominant	1
Postmenopausal osteoporosis	Autosomal dominant	122
Postnatal growth retardation	X-linked recessive	3
Postural instability	Autosomal recessive	2
Potassium-aggravated myotonia	Autosomal dominant	2575
Prader-Willi syndrome	Isolated cases	45
Prader-Willi-like syndrome	Isolated cases	1
Preauricular skin tag	Autosomal dominant	1
Preaxial foot polydactyly	Autosomal recessive	2
Precocious puberty	Isolated cases	1
Precocious puberty in males	Autosomal dominant	2
Precocious puberty, central, 2	Autosomal dominant	12
Precursor B-cell acute lymphoblastic leukemia	Somatic mutation	4
Predisposition to cancer	Autosomal dominant	50
Predisposition to dissection	Autosomal dominant	2
Predisposition to invasive fungal disease due to CARD9 deficiency	Autosomal recessive	568
Predisposition to myelodysplastic syndrome	Autosomal dominant	3
Preeclampsia	Autosomal dominant	1
Preeclampsia/eclampsia 1	Autosomal dominant	4
Pregnancy loss, recurrent, susceptibility to, 1	Autosomal dominant	74
Pregnancy loss, recurrent, susceptibility to, 2	Autosomal dominant	22
Pregnancy loss, recurrent, susceptibility to, 3	Autosomal dominant	3
Preimplantation embryonic lethality 1	Autosomal recessive	8
Prekallikrein deficiency	Autosomal recessive	4
Prelingual sensorineural hearing impairment	Autosomal recessive	11
Premature birth	Autosomal dominant	3
Premature chromatid separation trait	Autosomal dominant	135
Premature coronary artery atherosclerosis	Autosomal dominant	1
Premature graying of hair	Autosomal dominant	1
Premature loss of teeth	Autosomal dominant	1
Premature ovarian failure	Autosomal recessive	7
Premature ovarian failure 1	X-linked dominant	12
Premature ovarian failure 10	Autosomal recessive	15
Premature ovarian failure 11	Autosomal recessive	385
Premature ovarian failure 12	Autosomal recessive	4
Premature ovarian failure 15	Autosomal recessive	3
Premature ovarian failure 16	Autosomal recessive	1
Premature ovarian failure 19	Isolated cases	1
Premature ovarian failure 21	Autosomal dominant	306
Premature ovarian failure 3	Autosomal dominant	14
Premature ovarian failure 5	Autosomal dominant	70
Premature ovarian failure 7	Autosomal dominant	22
Premature ovarian failure 8	Autosomal recessive	21
Premature ovarian failure 9	Autosomal recessive	19
Premature ovarian insufficiency	Autosomal recessive	11
Premature ventricular contraction	Autosomal dominant	13
Prenatal anemia	Autosomal recessive	2
Presynaptic congenital myasthenic syndrome	Autosomal recessive	1
Preterm premature rupture of membranes	Autosomal recessive	2
Pretibial dystrophic epidermolysis bullosa	Autosomal dominant	1394
Prieto syndrome	X-linked recessive	14
Primary CD59 deficiency	Autosomal recessive	13
Primary Mitochondrial Disorders	Mitochondrial	23
Primary adrenocortical insufficiency	X-linked recessive	1
Primary aldosteronism	Autosomal dominant	1
Primary biliary cholangitis	Autosomal recessive	1
Primary ciliary dyskinesia	Autosomal recessive	1314
Primary ciliary dyskinesia 10	Autosomal recessive	2
Primary ciliary dyskinesia 11	Autosomal recessive	1
Primary ciliary dyskinesia 12	Autosomal dominant	1
Primary ciliary dyskinesia 13	Autosomal recessive	139
Primary ciliary dyskinesia 14	Autosomal recessive	1
Primary ciliary dyskinesia 15	Autosomal recessive	5
Primary ciliary dyskinesia 16	Autosomal recessive	99
Primary ciliary dyskinesia 17	Autosomal recessive	55
Primary ciliary dyskinesia 18	Autosomal recessive	64
Primary ciliary dyskinesia 19	Autosomal recessive	249
Primary ciliary dyskinesia 2	Autosomal recessive	51
Primary ciliary dyskinesia 20	Autosomal recessive	45
Primary ciliary dyskinesia 21	Autosomal recessive	33
Primary ciliary dyskinesia 22	Autosomal recessive	36
Primary ciliary dyskinesia 23	Autosomal recessive	510
Primary ciliary dyskinesia 24	Autosomal recessive	32
Primary ciliary dyskinesia 25	Autosomal recessive	26
Primary ciliary dyskinesia 26	Autosomal recessive	12
Primary ciliary dyskinesia 27	Autosomal recessive	219
Primary ciliary dyskinesia 28	Autosomal recessive	439
Primary ciliary dyskinesia 29	Autosomal recessive	32
Primary ciliary dyskinesia 3	Autosomal recessive	5
Primary ciliary dyskinesia 30	Autosomal recessive	336
Primary ciliary dyskinesia 32	Autosomal recessive	274
Primary ciliary dyskinesia 33	Autosomal recessive	340
Primary ciliary dyskinesia 34	Autosomal recessive	10
Primary ciliary dyskinesia 35	Autosomal recessive	12
Primary ciliary dyskinesia 5	Autosomal recessive	132
Primary ciliary dyskinesia 6	Autosomal recessive	353
Primary ciliary dyskinesia 7	Autosomal recessive	578
Primary coenzyme Q10 deficiency 8	Autosomal recessive	20
Primary congenital glaucoma	Autosomal recessive	30
Primary degenerative dementia of the Alzheimer type, presenile onset	Autosomal dominant	6
Primary dilated cardiomyopathy	Autosomal dominant	1822
Primary dysautonomia	Autosomal recessive	1
Primary erythromelalgia	Autosomal dominant	677
Primary failure of tooth eruption	Autosomal dominant	201
Primary familial dilated cardiomyopathy	Autosomal dominant	159
Primary familial hypertrophic cardiomyopathy	Autosomal dominant	2225
Primary familial polycythemia due to EPO receptor mutation	Autosomal dominant	100
Primary hyperoxaluria	Autosomal recessive	48
Primary hyperoxaluria type 3	Autosomal recessive	1
Primary hyperoxaluria, type I	Autosomal recessive	543
Primary hyperoxaluria, type II	Autosomal recessive	289
Primary hyperparathyroidism	Autosomal dominant	8
Primary hypomagnesemia	Autosomal recessive	161
Primary immunodeficiency or monogenic inflammatory bowel disease	Autosomal recessive	4
Primary immunodeficiency syndrome due to p14 deficiency	Autosomal recessive	3
Primary immunodeficiency with natural-killer cell deficiency and adrenal insufficiency	Autosomal recessive	113
Primary immunodeficiency with post-measles-mumps-rubella vaccine viral infection	Autosomal recessive	521
Primary interstitial lung disease specific to childhood due to pulmonary surfactant protein anomalies	Autosomal recessive	2
Primary intraosseous venous malformation	Autosomal recessive	14
Primary low grade serous adenocarcinoma of ovary	Autosomal dominant	5
Primary membranoproliferative glomerulonephritis	Autosomal dominant	3
Primary microcephaly	Autosomal recessive	11
Primary microcephaly type 2	Autosomal recessive	1
Primary myelofibrosis	Somatic mutation	64
Primary open angle glaucoma	Autosomal dominant	418
Primary progressive aphasia	Autosomal recessive	2
Primary progressive multiple sclerosis	Autosomal recessive	2
Primary pulmonary hypertension	Autosomal dominant	206
Primary pulmonary hypoplasia	Autosomal dominant	2
Primitive neuroectodermal tumor	Autosomal dominant	1
Primrose syndrome	Autosomal dominant	80
Profound intellectual disability	Autosomal dominant	2
Progeroid and marfanoid aspect-lipodystrophy syndrome	Autosomal dominant	2262
Progeroid features-hepatocellular carcinoma predisposition syndrome	Autosomal recessive	5
Progressive bifocal chorioretinal atrophy	Autosomal dominant	3
Progressive bulbar palsy of childhood	Autosomal recessive	48
Progressive cerebellar ataxia	Autosomal recessive	3
Progressive cone dystrophy (without rod involvement)	Autosomal recessive	9
Progressive demyelinating neuropathy with bilateral striatal necrosis	Autosomal recessive	28
Progressive distal muscle weakness	Autosomal dominant	4
Progressive distal muscular atrophy	Autosomal dominant	1
Progressive encephalopathy	Autosomal recessive	4
Progressive encephalopathy with leukodystrophy due to DECR deficiency	Autosomal recessive	226
Progressive essential tremor-speech impairment-facial dysmorphism-intellectual disability-abnormal behavior syndrome	Autosomal recessive	23
Progressive external ophthalmoplegia	Autosomal recessive	2
Progressive external ophthalmoplegia with mitochondrial DNA deletions	Autosomal recessive	3
Progressive external ophthalmoplegia with mitochondrial DNA deletions, autosomal dominant 1	Autosomal recessive	896
Progressive external ophthalmoplegia with mitochondrial DNA deletions, autosomal dominant 2	Autosomal dominant	82
Progressive external ophthalmoplegia with mitochondrial DNA deletions, autosomal dominant 3	Autosomal recessive	161
Progressive external ophthalmoplegia with mitochondrial DNA deletions, autosomal dominant 4	Autosomal dominant	44
Progressive external ophthalmoplegia with mitochondrial DNA deletions, autosomal dominant 5	Autosomal dominant	132
Progressive external ophthalmoplegia with mitochondrial DNA deletions, autosomal recessive 1	Autosomal recessive	906
Progressive external ophthalmoplegia with mitochondrial DNA deletions, autosomal recessive 2	Autosomal recessive	8
Progressive external ophthalmoplegia with mitochondrial DNA deletions, autosomal recessive 3	Autosomal recessive	50
Progressive external ophthalmoplegia with mitochondrial DNA deletions, autosomal recessive 4	Autosomal recessive	57
Progressive external ophthalmoplegia with mitochondrial DNA deletions, digenic	Autosomal recessive	6
Progressive familial heart block	Autosomal dominant	1
Progressive familial heart block type IB	Autosomal dominant	1655
Progressive familial heart block, type 1A	Autosomal dominant	1865
Progressive familial intrahepatic cholestasis	Autosomal recessive	85
Progressive familial intrahepatic cholestasis type 1	Autosomal recessive	293
Progressive familial intrahepatic cholestasis type 2	Autosomal recessive	725
Progressive familial intrahepatic cholestasis type 3	Autosomal recessive	186
Progressive gait ataxia	Autosomal recessive	1
Progressive microcephaly	Autosomal recessive	3
Progressive microcephaly-seizures-cortical blindness-developmental delay syndrome	Autosomal recessive	1599
Progressive muscle weakness	Autosomal recessive	6
Progressive muscular dystrophy	X-linked recessive	28
Progressive myoclonic epilepsy	Autosomal recessive	120
Progressive myoclonic epilepsy type 3	Autosomal recessive	410
Progressive myoclonic epilepsy type 5	Autosomal recessive	1
Progressive myoclonic epilepsy type 6	Autosomal recessive	16
Progressive myoclonic epilepsy type 7	Autosomal dominant	448
Progressive myoclonic epilepsy type 8	Autosomal recessive	299
Progressive myoclonic epilepsy type 9	Autosomal recessive	575
Progressive myositis ossificans	Autosomal dominant	65
Progressive neurologic deterioration	Autosomal recessive	2
Progressive osseous heteroplasia	Autosomal dominant	433
Progressive peripheral neuropathy	Autosomal recessive	1
Progressive proximal muscle weakness	Autosomal recessive	3
Progressive pseudorheumatoid dysplasia	Autosomal recessive	62
Progressive ptosis	Autosomal recessive	2
Progressive retinal dystrophy due to retinol transport defect	Autosomal recessive	9
Progressive scapulohumeroperoneal distal myopathy	Autosomal dominant	36
Progressive sclerosing poliodystrophy	Autosomal recessive	3630
Progressive sensorineural hearing impairment	Autosomal dominant	5
Progressive spastic paraparesis	Mitochondrial	1
Progressive spasticity	Autosomal dominant	1
Progressive spinal muscular atrophy	Autosomal recessive	2
Progressive spondyloepimetaphyseal dysplasia-short stature-short fourth metatarsals-intellectual disability syndrome	Autosomal recessive	12
Progressive supranuclear ophthalmoplegia	Autosomal dominant	13
Progressive supranuclear palsy-parkinsonism syndrome	Autosomal dominant	39
Progressive visual loss	Autosomal recessive	4
Prolidase deficiency	Autosomal recessive	108
Proliferative vitreoretinopathy	Autosomal dominant	7
Proline dehydrogenase deficiency	Autosomal recessive	382
Prolonged QT interval	Autosomal dominant	6
Prolonged QTc interval	Autosomal dominant	1
Prolonged bleeding time	Autosomal dominant	4
Prolonged neonatal jaundice	Autosomal recessive	1
Prolonged prothrombin time	Autosomal dominant	2
Prominent fingertip pads	X-linked	1
Prominent forehead	Autosomal recessive	1
Prominent metopic ridge	Autosomal dominant	1
Prominent superficial blood vessels	Autosomal dominant	1
Properdin deficiency, X-linked	X-linked recessive	11
Propionic acidemia	Autosomal recessive	2649
Propofol response	Autosomal dominant	2
Proportionate short stature	Autosomal dominant	4
Proptosis	X-linked recessive	2
Prostate cancer	Autosomal dominant	947
Prostate cancer susceptibility	Autosomal dominant	13
Prostate cancer, hereditary, 1	Autosomal dominant	1333
Prostate cancer, hereditary, 2	Autosomal recessive	38
Prostate cancer, hereditary, 2, susceptibility to	Autosomal recessive	1
Prostate cancer, hereditary, 9	Autosomal dominant	24
Prostate cancer, hereditary, X-linked 3	X-linked recessive	14
Prostate cancer, somatic	X-linked recessive	4
Prostate neoplasm	Autosomal dominant	5
Protan defect	X-linked	3
Proteasome-associated autoinflammatory syndrome 1	Autosomal recessive	65
Proteasome-associated autoinflammatory syndrome 2	Autosomal recessive	3
Protein S Heerlen	Autosomal recessive	1
Protein S deficiency disease	Autosomal dominant	21
Protein avoidance	X-linked recessive	1
Proteinuria	Autosomal recessive	13
Proteinuria, chronic benign	Autosomal recessive	682
Proteinuria, low molecular weight, with hypercalciuria and nephrocalcinosis	X-linked recessive	381
Proteosome-associated autoinflammatory syndrome	Autosomal recessive	21
Proteus syndrome	Autosomal dominant	29
Proteus-like syndrome	Autosomal dominant	6
Protoporphyria, erythropoietic, 1	Autosomal recessive	59
Protruding tongue	Autosomal recessive	1
Proximal lower limb amyotrophy	Autosomal recessive	3
Proximal lower limb muscle weakness	X-linked recessive	1
Proximal muscle weakness	Autosomal dominant	7
Proximal myopathy with extrapyramidal signs	Autosomal recessive	20
Proximal spinal muscular atrophy	Autosomal dominant	1
Proximal symphalangism 1A	Autosomal dominant	31
Prune belly syndrome	Autosomal recessive	62
Pruritus	Autosomal recessive	2
Pruritus, hereditary localized	Autosomal dominant	2
Pseudo von Willebrand disease	Autosomal dominant	61
Pseudo-Hurler polydystrophy	Autosomal recessive	2715
Pseudo-TORCH syndrome 1	Autosomal recessive	28
Pseudo-TORCH syndrome 3	Autosomal recessive	4
Pseudoachondroplasia, severe	Autosomal dominant	2
Pseudoachondroplastic spondyloepiphyseal dysplasia syndrome	Autosomal dominant	208
Pseudoarthrosis	Autosomal recessive	2
Pseudoexfoliation glaucoma	Autosomal recessive	5
Pseudohermaphroditism	Autosomal recessive	7
Pseudohyperaldosteronism type 2	Autosomal dominant	93
Pseudohypoaldosteronism	Autosomal dominant	1
Pseudohypoaldosteronism type 2A	Autosomal dominant	21
Pseudohypoaldosteronism type 2B	Autosomal dominant	283
Pseudohypoaldosteronism type 2C	Autosomal dominant	2073
Pseudohypoaldosteronism type 2D	Autosomal dominant	208
Pseudohypoaldosteronism type 2E	Autosomal dominant	167
Pseudohypoaldosteronism, type IB1, autosomal recessive	Autosomal recessive	372
Pseudohypoaldosteronism, type IB2, autosomal recessive	Autosomal dominant	242
Pseudohypoaldosteronism, type IB3, autosomal recessive	Autosomal dominant	93
Pseudohypoparathyroidism	Autosomal dominant	63
Pseudohypoparathyroidism type 1B	Autosomal dominant	658
Pseudohypoparathyroidism type 1C	Autosomal dominant	469
Pseudohypoparathyroidism type I A	Autosomal dominant	524
Pseudomonas aeruginosa, susceptibility to chronic infection by, in cystic fibrosis	Autosomal recessive	3
Pseudopseudohypoparathyroidism	Autosomal dominant	493
Pseudoxanthoma elasticum	Autosomal recessive	6
Pseudoxanthoma elasticum, forme fruste	Autosomal recessive	974
Psoriasis 13, susceptibility to	Autosomal recessive	5
Psoriasis 15, pustular, susceptibility to	Autosomal dominant	4
Psoriasis 2	Autosomal dominant	2451
Psoriatic arthritis, susceptibility to	Autosomal dominant	9
Psychomotor retardation	X-linked recessive	1
Psychomotor retardation, epilepsy, and craniofacial dysmorphism	Autosomal recessive	13
Psychotic disorder	Isolated cases	1
Pterin-4 alpha-carbinolamine dehydratase 1 deficiency	Autosomal recessive	116
Ptosis	Autosomal dominant	14
Ptosis, hereditary congenital, 1	Autosomal dominant	9
Pulmonary Surfactant Metabolism Dysfunction, Dominant	Autosomal dominant	1
Pulmonary alveolar proteinosis	Autosomal recessive	1
Pulmonary arterial hypertension	Autosomal dominant	245
Pulmonary arterial hypertension associated with another disease	Autosomal dominant	6
Pulmonary arterial hypertension associated with congenital heart disease	Autosomal dominant	16
Pulmonary arterial hypertension associated with connective tissue disease	Autosomal dominant	3
Pulmonary arterial hypertension related to hereditary hemorrhagic telangiectasia	Autosomal dominant	21
Pulmonary artery atresia	Autosomal dominant	2
Pulmonary artery dilatation	Autosomal dominant	1
Pulmonary atresia with ventricular septal defect	Autosomal recessive	1
Pulmonary fibrosis	Autosomal dominant	141
Pulmonary fibrosis and/or bone marrow failure syndrome, telomere-related, 8	Autosomal dominant	28
Pulmonary fibrosis and/or bone marrow failure syndrome, telomere-related, 9	Autosomal recessive	5
Pulmonary fibrosis and/or bone marrow failure, Telomere-related, 1	Autosomal dominant	505
Pulmonary fibrosis and/or bone marrow failure, Telomere-related, 2	Autosomal dominant	33
Pulmonary fibrosis and/or bone marrow failure, Telomere-related, 3	Autosomal dominant	6756
Pulmonary fibrosis and/or bone marrow failure, Telomere-related, 4	Autosomal dominant	845
Pulmonary fibrosis, idiopathic, susceptibility to	Autosomal dominant	1
Pulmonary hypertension, neonatal, susceptibility to	Autosomal recessive	136
Pulmonary hypertension, primary, 1	Autosomal dominant	929
Pulmonary hypertension, primary, 1, with hereditary hemorrhagic telangiectasia	Autosomal dominant	1
Pulmonary hypertension, primary, 2	Autosomal dominant	215
Pulmonary hypertension, primary, 3	Autosomal dominant	130
Pulmonary hypertension, primary, 4	Autosomal dominant	228
Pulmonary hypertension, primary, dexfenfluramine-associated	Autosomal dominant	3
Pulmonary hypertension, primary, fenfluramine-associated	Autosomal dominant	1
Pulmonary hypoplasia	Autosomal dominant	3
Pulmonary valve atresia	Autosomal dominant	5
Pulmonary valve stenosis (rare)	Autosomal dominant	4
Pulmonary venoocclusive disease 1	Autosomal dominant	323
Pulmonic stenosis	Autosomal dominant	12
Pulp calcification	Autosomal dominant	21
Punctate palmoplantar keratoderma type 2	Autosomal dominant	2
Purine-nucleoside phosphorylase deficiency	Autosomal recessive	275
Pyknodysostosis	Autosomal recessive	178
Pyle metaphyseal dysplasia	Autosomal recessive	14
Pyloric stenosis	Autosomal dominant	1
Pyogenic arthritis-pyoderma gangrenosum-acne syndrome	Autosomal dominant	682
Pyridoxal phosphate-responsive seizures	Autosomal recessive	349
Pyridoxine-dependent epilepsy	Autosomal recessive	998
Pyridoxine-dependent epilepsy caused by ALDH7A1 mutant	Autosomal recessive	2
Pyropoikilocytosis, hereditary	Autosomal recessive	562
Pyruvate carboxylase deficiency	Autosomal recessive	1373
Pyruvate dehydrogenase E1-alpha deficiency	X-linked dominant	765
Pyruvate dehydrogenase E1-beta deficiency	Autosomal recessive	16
Pyruvate dehydrogenase E2 deficiency	Autosomal recessive	233
Pyruvate dehydrogenase E3 deficiency	Autosomal recessive	627
Pyruvate dehydrogenase E3-binding protein deficiency	Autosomal recessive	133
Pyruvate dehydrogenase complex deficiency	Autosomal recessive	71
Pyruvate dehydrogenase phosphatase deficiency	Autosomal recessive	52
Pyruvate kinase deficiency of red cells	Autosomal recessive	149
Pyruvate kinase hyperactivity	Autosomal dominant	14
QARS1-related disorder	Autosomal recessive	16
QDPR-related disorder	Autosomal recessive	4
QT prolongation and arrhythmias in the absence of other syndromic features	Autosomal dominant	1
Qualitative or quantitative defects of alpha-sarcoglycan	Autosomal recessive	1
Qualitative or quantitative defects of beta-sarcoglycan	Autosomal recessive	18
Qualitative or quantitative defects of collagen 6	Autosomal dominant	2
Qualitative or quantitative defects of delta-sarcoglycan	Autosomal recessive	75
Qualitative or quantitative defects of merosin	Autosomal recessive	2
Qualitative or quantitative defects of myotubularin	X-linked recessive	1
Quebec platelet disorder	Autosomal dominant	73
Question mark ears, isolated	Autosomal dominant	5
RAB18-related disorder	Autosomal recessive	4
RAB23-related Carpenter syndrome	Autosomal recessive	105
RAB23-related disorder	Autosomal recessive	22
RAB27A-related disorder	Autosomal recessive	8
RAB33B-related disorder	Autosomal recessive	1
RAB39B-related disorder	X-linked recessive	2
RAB3GAP1-related disorder	Autosomal recessive	7
RAB3GAP2-related disorder	Autosomal recessive	27
RAB5C-related disorder	Autosomal recessive	1
RAB7A-related disorder	Autosomal dominant	5
RAD21-related disorder	Autosomal dominant	9
RAD50-related disorder	Autosomal dominant	5
RAD51-related disorder	Autosomal dominant	2
RAD51C-related cancer predisposition	Autosomal recessive	12
RAD51C-related disorder	Autosomal recessive	49
RAD51D-related disorder	Autosomal dominant	1
RAD52-related disorder	Autosomal recessive	1
RAF1-related disorder	Autosomal dominant	8
RAG1-related disorder	Autosomal recessive	40
RAG2-related disorder	Autosomal recessive	28
RAI1-related disorder	Autosomal dominant	35
RANBP2-related disorder	Autosomal dominant	5
RAPSN-related disorder	Autosomal recessive	41
RARB-related disorder	Autosomal dominant	4
RARS1-related disorder	Autosomal recessive	2
RARS2-related disorder	Autosomal recessive	9
RAS-ASSOCIATED AUTOIMMUNE LEUKOPROLIFERATIVE DISORDER 1, SOMATIC	Autosomal dominant	2
RAS-ASSOCIATED AUTOIMMUNE LEUKOPROLIFERATIVE DISORDER 2, SOMATIC	Autosomal dominant	6
RASA1-related disorder	Autosomal dominant	9
RASGRP2-related disorder	Autosomal recessive	1
RASopathy	Autosomal dominant	2035
RAX-related disorder	Autosomal recessive	3
RB1-related disorder	Somatic mutation	44
RBCK1-related disorder	Autosomal recessive	8
RBM20-related disorder	Autosomal dominant	33
RBM8A-related disorder	Autosomal recessive	4
RBP3-related disorder	Autosomal recessive	6
RBPJ-related disorder	Autosomal dominant	1
RD3-related disorder	Autosomal recessive	5
RDH12-related disorder	Autosomal recessive	9
RDH5-related disorder	Autosomal dominant	1
RDX-related disorder	Autosomal recessive	3
RECLASSIFIED - MYOC POLYMORPHISM	Autosomal dominant	1
RECQL4-related disorder	Autosomal recessive	226
RECQL4-related spectrum disorders	Autosomal recessive	2
REEP1-related disorder	Autosomal dominant	13
REEP2-related disorder	Autosomal dominant	3
REFSUM DISEASE, ADULT, 1	Autosomal recessive	4
RELN-related disorder	Autosomal dominant	93
REN-related disorder	Autosomal dominant	6
RENAL CELL CARCINOMA WITH PARANEOPLASTIC ERYTHROCYTOSIS	Autosomal recessive	1
RERE-related disorder	Autosomal dominant	9
REST-related disorder	Autosomal dominant	3
RET-related disorder	Autosomal dominant	349
RETINAL DYSTROPHY, ZEITZ-HAN TYPE	Autosomal dominant	1
RETINITIS PIGMENTOSA, JUVENILE, LRAT-RELATED	Autosomal recessive	1
RETREG1-related disorder	Autosomal recessive	2
RFT1 related CDG	Autosomal recessive	1
RFT1-congenital disorder of glycosylation	Autosomal recessive	519
RFT1-related disorder	Autosomal recessive	12
RFX6-related disorder	Autosomal recessive	9
RHAG-related disorder	Autosomal dominant	1
RHBDF2-related disorder	Autosomal dominant	10
RHIZOMELIC SKELETAL DYSPLASIA WITH PELGER-HUET ANOMALY	Autosomal recessive	2
RHIZOMELIC SKELETAL DYSPLASIA WITHOUT PELGER-HUET ANOMALY	Autosomal dominant	2
RHO-related disorder	Autosomal dominant	10
RHYNS syndrome	Autosomal recessive	1033
RIDDLE syndrome	Autosomal recessive	33
RIN2 syndrome	Autosomal recessive	27
RIN2-related disorder	Autosomal recessive	4
RIPK4-related disorder	Autosomal recessive	12
RIPOR2-related disorder	Autosomal recessive	1
RIPPLY2-related disorder	Autosomal recessive	2
RIT1-related disorder	Autosomal dominant	23
RLBP1-related disorder	Autosomal dominant	5
RMND1-related disorder	Autosomal recessive	5
RMRP-related disorder	Autosomal recessive	32
RNASEH2A-related disorder	Autosomal recessive	13
RNASEH2A-related type 1 interferonopathy	Autosomal recessive	1
RNASEH2B-related disorder	Autosomal recessive	7
RNASEH2C-related disorder	Autosomal recessive	6
RNASEL-related disorder	Autosomal dominant	1
RNASET2-related disorder	Autosomal recessive	4
RNF125-related disorder	Autosomal dominant	4
RNF168-related disorder	Autosomal recessive	4
RNF216-related disorder	Autosomal recessive	1
RNF43-related disorder	Autosomal dominant	6
RNU4ATAC spectrum disorder	Autosomal recessive	29
RNU4ATAC-related disorder	Autosomal recessive	9
RNU4ATAC-related spliceosomopathies	Autosomal recessive	2
ROBO3-related disorder	Autosomal recessive	11
ROGDI-related disorder	Autosomal recessive	14
ROGRIP1L-related disorder	Autosomal recessive	2
ROM1-related disorder	Autosomal dominant	1
ROR2-related disorder	Autosomal recessive	16
RORC-related disorder	Autosomal recessive	10
RP1-related disorder	Autosomal dominant	4
RP1-related recessive retinopathy	Autosomal dominant	1
RP1L1-related disorder	Autosomal dominant	37
RP2-related disorder	X-linked recessive	1
RPE65-related disorder	Autosomal recessive	20
RPE65-related recessive retinopathy	Autosomal recessive	166
RPE65-related retinopathy	Autosomal recessive	1
RPGR-related disorder	X-linked	4
RPGR-related retinopathy	X-linked	17
RPGRIP1L-related disorder	Autosomal recessive	278
RPIA-related disorder	Autosomal recessive	1
RPL15-related disorder	Autosomal dominant	3
RPL5-related disorder	Autosomal dominant	2
RPS19-related disorder	Autosomal dominant	2
RPS26-related disorder	Autosomal dominant	4
RPS6KA3-related disorder	X-linked dominant	70
RRM2B-related disorder	Autosomal dominant	6
RRM2B-related mitochondrial disease	Autosomal recessive	16
RS1-related disorder	X-linked dominant	5
RSPH1-related disorder	Autosomal recessive	5
RSPH3-related disorder	Autosomal recessive	7
RSPH4A-related disorder	Autosomal recessive	1
RTEL1-related disorder	Autosomal dominant	248
RTN2-related disorder	Autosomal dominant	1
RTTN-related disorder	Autosomal recessive	5
RUNX1-related disorder	Autosomal dominant	56
RUNX2-related disorder	Autosomal dominant	7
RYR1-related disorder	Autosomal dominant	3953
RYR1-related myopathy	Autosomal dominant	122
RYR2-related disorder	Autosomal dominant	95
Rabin-Pappas syndrome	Autosomal dominant	13
Rabson-Mendenhall syndrome	Autosomal recessive	458
Radial aplasia-thrombocytopenia syndrome	Autosomal recessive	79
Radial bowing	Autosomal recessive	2
Radioulnar synostosis	Autosomal dominant	21
Radioulnar synostosis with amegakaryocytic thrombocytopenia 1	Autosomal dominant	14
Radioulnar synostosis with amegakaryocytic thrombocytopenia 2	Autosomal dominant	39
Radioulnar synostosis, nonsyndromic, susceptibility to	Autosomal dominant	12
Rafiq syndrome	Autosomal recessive	449
Rahman syndrome	Autosomal dominant	1
Rajab interstitial lung disease with brain calcifications	Autosomal recessive	2
Rajab interstitial lung disease with brain calcifications 1	Autosomal recessive	1
Rapadilino syndrome	Autosomal recessive	475
Rapp-Hodgkin syndrome	Autosomal dominant	495
Rare anaemia	Autosomal dominant	1
Rare combined vascular malformation	Autosomal dominant	1
Rare disease with thoracic aortic aneurysm and aortic dissection	Autosomal dominant	2
Rare epilepsy	Autosomal dominant	1
Rare genetic deafness	Autosomal recessive	626
Rare genetic intellectual disability	Autosomal dominant	15
Rare venous malformation	Somatic mutation	1
Ras Inhibitor response	Autosomal dominant	1
Rauch-Steindl syndrome	Autosomal dominant	1
Recessive dystrophic epidermolysis bullosa	Autosomal dominant	1415
Recessive mitochondrial ataxia syndrome	Autosomal recessive	10
Reclassified - variant of unknown significance	Autosomal dominant	4
Recombinase activating gene 1 deficiency	Autosomal recessive	123
Recombinase activating gene 2 deficiency	Autosomal recessive	134
Rectal neoplasm	Autosomal dominant	1
Rectal prolapse	Autosomal dominant	1
Rectum adenocarcinoma	Autosomal dominant	3
Recurrent Neisseria infections due to factor D deficiency	Autosomal recessive	9
Recurrent aphthous stomatitis	Autosomal recessive	2
Recurrent bronchitis	X-linked recessive	1
Recurrent fever	Autosomal dominant	3
Recurrent infections	Autosomal recessive	1
Recurrent infections associated with rare immunoglobulin isotypes deficiency	Autosomal recessive	2
Recurrent long bone fractures	Autosomal dominant	1
Recurrent metabolic encephalomyopathic crises-rhabdomyolysis-cardiac arrhythmia-intellectual disability syndrome	Autosomal recessive	35
Recurrent pancreatitis	Autosomal dominant	3
Recurrent respiratory infections	Autosomal dominant	3
Recurrent skin infections	Autosomal recessive	1
Recurrent subcortical infarcts	Autosomal dominant	3
Reduced bone mineral density	Autosomal dominant	1
Reduced eye contact	X-linked	1
Reduced left ventricular ejection fraction	Autosomal recessive	2
Reduced muscle fiber perlecan	Autosomal recessive	1
Reduced protein C activity	Autosomal dominant	17
Reduced quantity of Von Willebrand factor	Autosomal dominant	2
Reduced von Willebrand factor activity	Autosomal dominant	4
Refractory epilepsy	Autosomal recessive	1
Refsum syndrome	Autosomal recessive	1
Regional enteritis	Autosomal dominant	1021
Regorafenib response	Autosomal dominant	3
Regression of motor development with severe dystonia and corresponding basal ganglia lesions	Autosomal recessive	1
Regressive spondylometaphyseal dysplasia	Autosomal dominant	21
Reis-Bucklers' corneal dystrophy	Autosomal dominant	37
Relative macrocephaly	Autosomal dominant	8
Renal atrophy	Autosomal recessive	1
Renal carnitine transport defect	Autosomal recessive	1214
Renal cell carcinoma	Autosomal recessive	240
Renal coloboma syndrome	Autosomal dominant	794
Renal cortical cysts	Autosomal dominant	1
Renal cyst	Autosomal recessive	32
Renal cysts and diabetes syndrome	Autosomal dominant	557
Renal dysplasia and retinal aplasia	Autosomal recessive	22
Renal dysplasia, cystic, susceptibility to	Autosomal dominant	127
Renal hypodysplasia/aplasia 1	Autosomal dominant	389
Renal hypodysplasia/aplasia 2	Autosomal recessive	3
Renal hypomagnesemia 2	Autosomal dominant	35
Renal hypomagnesemia 5 with ocular involvement	Autosomal recessive	126
Renal hypomagnesemia 6	Autosomal dominant	219
Renal hypoplasia/aplasia	Autosomal recessive	1
Renal insufficiency	Autosomal dominant	5
Renal neoplasm	Autosomal dominant	3
Renal transitional cell carcinoma	Autosomal recessive	1
Renal tubular acidosis	Autosomal dominant	12
Renal tubular acidosis with progressive nerve deafness	Autosomal recessive	315
Renal tubular acidosis, distal, 3, with or without sensorineural hearing loss	Autosomal recessive	2
Renal tubular acidosis, distal, 4, with hemolytic anemia	Autosomal dominant	638
Renal tubular dysfunction	Autosomal recessive	1
Renal tubular dysgenesis	Autosomal recessive	85
Renal tubular dysgenesis of genetic origin	Autosomal recessive	547
Renal tubulopathies	Autosomal recessive	38
Renal-hepatic-pancreatic dysplasia 1	Autosomal recessive	1140
Renal-hepatic-pancreatic dysplasia 2	Autosomal recessive	162
Renier-Gabreels-Jasper syndrome	X-linked recessive	1
Renpenning syndrome	X-linked recessive	61
Resistance to thyroid hormone due to a mutation in thyroid hormone receptor beta	Autosomal dominant	1
Respiratory ciliopathies including non-CF bronchiectasis	Autosomal recessive	24
Respiratory distress	Autosomal recessive	2
Respiratory failure	Autosomal recessive	4
Respiratory insufficiency	Autosomal recessive	5
Respiratory papillomatosis, juvenile recurrent, congenital	Autosomal dominant	14
Respiratory tract infection	Autosomal recessive	1
Resting tremor	Autosomal recessive	5
Restrictive cardiomyopathy	Autosomal dominant	43
Restrictive dermopathy 1	Autosomal recessive	11
Restrictive dermopathy 2	Autosomal dominant	1308
Restrictive external ophthalmoplegia	Autosomal recessive	1
Restrictive ventilatory defect	Autosomal recessive	1
Reticular dysgenesis	Autosomal recessive	188
Reticulate acropigmentation of Kitamura	Autosomal dominant	8
Retinal arterial macroaneurysm with supravascular pulmonic stenosis	Autosomal recessive	1
Retinal arterial tortuosity	Autosomal dominant	905
Retinal atrophy	Autosomal dominant	2
Retinal capillary hemangioma	Autosomal dominant	1
Retinal ciliopathy due to mutation in the retinitis pigmentosa-1 gene	Autosomal recessive	1
Retinal cone dystrophy 4	Autosomal dominant	2
Retinal degeneration	Autosomal recessive	5
Retinal detachment	Autosomal dominant	2
Retinal disorder	Autosomal recessive	183
Retinal dystrophy	Autosomal recessive	3414
Retinal dystrophy and obesity	Autosomal recessive	26
Retinal dystrophy with inner retinal dysfunction and ganglion cell anomalies	Autosomal dominant	4
Retinal dystrophy, early-onset severe	Autosomal recessive	3
Retinal dystrophy-ataxia-pituitary hormone abnormality-hypogonadism syndrome	Autosomal recessive	1
Retinal exudate	Autosomal dominant	1
Retinal macular dystrophy type 2	Autosomal dominant	131
Retinal pigment epithelial atrophy	Autosomal recessive	1
Retinal vascular dystrophy	Autosomal recessive	1
Retinal vasculopathy with cerebral leukoencephalopathy and systemic manifestations	Autosomal dominant	1645
Retinitis Pigmentosa, Recessive	Autosomal recessive	4
Retinitis pigmentosa	Autosomal recessive	1363
Retinitis pigmentosa 1	Autosomal dominant	143
Retinitis pigmentosa 10	Autosomal dominant	28
Retinitis pigmentosa 101	Autosomal recessive	6
Retinitis pigmentosa 11	Autosomal dominant	89
Retinitis pigmentosa 12	Autosomal recessive	1677
Retinitis pigmentosa 13	Autosomal dominant	73
Retinitis pigmentosa 14	Autosomal recessive	114
Retinitis pigmentosa 17	Autosomal dominant	6
Retinitis pigmentosa 18	Autosomal dominant	12
Retinitis pigmentosa 19	Autosomal recessive	258
Retinitis pigmentosa 2	X-linked recessive	55
Retinitis pigmentosa 20	Autosomal recessive	851
Retinitis pigmentosa 23	X-linked recessive	406
Retinitis pigmentosa 25	Autosomal recessive	8
Retinitis pigmentosa 26	Autosomal recessive	1
Retinitis pigmentosa 27	Autosomal dominant	17
Retinitis pigmentosa 3	X-linked	34
Retinitis pigmentosa 33	Autosomal dominant	52
Retinitis pigmentosa 35	Autosomal dominant	47
Retinitis pigmentosa 37	Autosomal dominant	88
Retinitis pigmentosa 38	Autosomal recessive	99
Retinitis pigmentosa 39	Autosomal recessive	1490
Retinitis pigmentosa 4	Autosomal dominant	140
Retinitis pigmentosa 4, autosomal recessive	Autosomal dominant	2
Retinitis pigmentosa 40	Autosomal recessive	345
Retinitis pigmentosa 41	Autosomal recessive	53
Retinitis pigmentosa 42	Autosomal dominant	13
Retinitis pigmentosa 43	Autosomal recessive	4
Retinitis pigmentosa 45	Autosomal recessive	139
Retinitis pigmentosa 47	Autosomal recessive	12
Retinitis pigmentosa 49	Autosomal recessive	2
Retinitis pigmentosa 50	Autosomal dominant	43
Retinitis pigmentosa 51	Autosomal recessive	240
Retinitis pigmentosa 53	Autosomal recessive	2
Retinitis pigmentosa 55	Autosomal recessive	207
Retinitis pigmentosa 56	Autosomal recessive	44
Retinitis pigmentosa 57	Autosomal recessive	3
Retinitis pigmentosa 59	Autosomal recessive	510
Retinitis pigmentosa 6	X-linked recessive	1
Retinitis pigmentosa 60	Autosomal dominant	11
Retinitis pigmentosa 61	Autosomal recessive	27
Retinitis pigmentosa 62	Autosomal recessive	38
Retinitis pigmentosa 65	Autosomal recessive	4
Retinitis pigmentosa 66	Autosomal recessive	59
Retinitis pigmentosa 67	Autosomal recessive	6
Retinitis pigmentosa 68	Autosomal recessive	13
Retinitis pigmentosa 69	Autosomal recessive	14
Retinitis pigmentosa 7	Autosomal dominant	134
Retinitis pigmentosa 7, digenic	Autosomal dominant	3
Retinitis pigmentosa 70	Autosomal dominant	6
Retinitis pigmentosa 71	Autosomal recessive	3246
Retinitis pigmentosa 72	Autosomal recessive	9
Retinitis pigmentosa 73	Autosomal recessive	2057
Retinitis pigmentosa 74	Autosomal recessive	443
Retinitis pigmentosa 75	Autosomal recessive	11
Retinitis pigmentosa 76	Autosomal recessive	347
Retinitis pigmentosa 79	Autosomal recessive	23
Retinitis pigmentosa 80	Autosomal recessive	519
Retinitis pigmentosa 81	Autosomal recessive	74
Retinitis pigmentosa 87 with choroidal involvement	Autosomal recessive	63
Retinitis pigmentosa 88	Autosomal dominant	65
Retinitis pigmentosa 9	Autosomal dominant	11
Retinitis pigmentosa 93	Autosomal recessive	543
Retinitis pigmentosa 95	Autosomal dominant	2
Retinitis pigmentosa 96	Autosomal recessive	4
Retinitis pigmentosa 98	Autosomal recessive	2
Retinitis pigmentosa and erythrocytic microcytosis	Autosomal recessive	48
Retinitis pigmentosa in ciliopathies, modifier of	Autosomal recessive	2
Retinitis pigmentosa with or without situs inversus	Autosomal recessive	11
Retinitis pigmentosa, X-linked, and sinorespiratory infections, with or without deafness	X-linked recessive	24
Retinitis pigmentosa-deafness syndrome	Autosomal recessive	27
Retinitis pigmentosa-juvenile cataract-short stature-intellectual disability syndrome	Autosomal recessive	5
Retinitis punctata albescens	Autosomal dominant	5
Retinoblastoma	Somatic mutation	3554
Retinoschisis	X-linked dominant	5
Retrognathia	Autosomal dominant	3
Rett syndrome	X-linked dominant	1073
Rett syndrome, zappella variant	X-linked recessive	11
Revesz syndrome	Autosomal dominant	136
Reynolds syndrome	Autosomal dominant	26
Rh deficiency syndrome	Autosomal recessive	1
Rh-null, regulator type	Autosomal recessive	13
Rhabdoid tumor predisposition syndrome 1	Autosomal dominant	144
Rhabdoid tumor predisposition syndrome 2	Autosomal dominant	5865
Rhabdomyolysis	Autosomal recessive	15
Rhabdomyoma	Autosomal dominant	1
Rhabdomyosarcoma	Autosomal dominant	87
Rhabdomyosarcoma, embryonal, 2	Autosomal dominant	195
Rheumatoid arthritis	Autosomal recessive	20
Rhizomelia	Autosomal dominant	1
Rhizomelic arm shortening	Autosomal dominant	1
Rhizomelic chondrodysplasia punctata	Autosomal recessive	49
Rhizomelic chondrodysplasia punctata type 1	Autosomal recessive	162
Rhizomelic chondrodysplasia punctata type 2	Autosomal recessive	121
Rhizomelic chondrodysplasia punctata type 3	Autosomal recessive	204
Rhizomelic chondrodysplasia punctata type 5	Autosomal recessive	72
Rhizomelic leg shortening	Autosomal dominant	1
Rhombencephalosynapsis	X-linked recessive	1
Rib fusion	Autosomal recessive	1
Richieri Costa-Pereira syndrome	Autosomal recessive	1
Rickets	Autosomal recessive	1
Ridged nail	Autosomal dominant	1
Rieger anomaly	Autosomal dominant	3
Rienhoff syndrome	Autosomal dominant	546
Right atrial isomerism	Autosomal recessive	13
Right ventricular cardiomyopathy	Autosomal dominant	3
Right ventricular dilatation	Autosomal dominant	1
Right ventricular hypertrophy	Autosomal dominant	6
Rigidity	Autosomal recessive	7
Rimmed vacuoles	Autosomal recessive	2
Ring dermoid of cornea	Autosomal dominant	183
Rippling muscle disease 2	Autosomal dominant	95
Rippling muscle disease 2, autosomal recessive	Autosomal dominant	3
Ritscher-Schinzel syndrome	Autosomal dominant	403
Ritscher-Schinzel syndrome 1	Autosomal recessive	38
Ritscher-Schinzel syndrome 2	X-linked recessive	45
Ritscher-Schinzel syndrome 4	Autosomal recessive	2
Roberts-SC phocomelia syndrome	Autosomal recessive	272
Robinow syndrome, autosomal recessive, with aplasia/hypoplasia of phalanges and metacarpals/metatarsals	Autosomal dominant	1
Robinow syndrome, autosomal recessive, with brachy-syn-polydactyly	Autosomal dominant	1
Robinow-Sorauf syndrome	Autosomal dominant	17
Rod-cone dystrophy	Autosomal recessive	36
Rod-cone dystrophy, sensorineural deafness, and Fanconi-type renal dysfunction	Autosomal recessive	47
Roifman syndrome	Autosomal recessive	39
Rolandic epilepsy-paroxysmal exercise-induced dystonia-writer's cramp syndrome	Autosomal recessive	93
Rosette-forming glioneuronal tumor	Somatic mutation	1
Rotary nystagmus	Autosomal recessive	2
Rothmund-Thomson syndrome	Autosomal recessive	98
Rothmund-Thomson syndrome type 2	Autosomal recessive	631
Rothmund-Thomson syndrome type 3	Autosomal recessive	12
Rothmund-Thomson syndrome type 4	Autosomal recessive	2
Rotor syndrome	Digenic recessive	270
Round ear	Autosomal dominant	8
Round face	Autosomal dominant	4
Roussy-Lévy syndrome	Autosomal dominant	225
Rubinstein-Taybi syndrome	Autosomal dominant	213
Rubinstein-Taybi syndrome due to CREBBP mutations	Autosomal dominant	767
Rubinstein-Taybi syndrome due to EP300 haploinsufficiency	Autosomal dominant	1479
Rudimentary fibula	Autosomal recessive	1
Russell-Silver syndrome	Autosomal recessive	2
SACS-related disorder	Autosomal recessive	45
SAG-related disorder	Autosomal recessive	1
SALL1-related disorder	Autosomal dominant	11
SALL4-Related Disorders	Autosomal dominant	38
SAMD9-related disorder	Autosomal dominant	19
SAMD9L-related disorder	Autosomal dominant	18
SAMHD1-related disorder	Autosomal recessive	13
SAR1B-related disorder	Autosomal recessive	1
SARS2-associated condition	Autosomal recessive	1
SARS2-related disorder	Autosomal recessive	4
SASS6-related disorder	Autosomal recessive	1
SATB2 associated disorder	Autosomal dominant	5
SATB2-related disorder	Autosomal dominant	26
SBDS-related disorder	Autosomal recessive	3
SBF1-related disorder	Autosomal recessive	18
SBF2-related disorder	Autosomal recessive	11
SCAMP5-related disorder	Autosomal recessive	1
SCAMP5-related neurodevelopmental and movement disorder	Autosomal recessive	1
SCAMP5-related neurodevelopmental disorder with autistic features and seizures	Autosomal recessive	1
SCAPHOCEPHALY AND AXENFELD-RIEGER ANOMALY	Autosomal dominant	7
SCARB2-related disorder	Autosomal recessive	9
SCID due to ADA deficiency, delayed onset	Somatic mosaicism	3
SCID with features of gamma chain deficiency	X-linked recessive	2
SCN10A-related disorder	Autosomal dominant	6
SCN11A-related disorder	Autosomal dominant	48
SCN1A Seizure Disorders	Autosomal dominant	3
SCN1A seizure disorder	Autosomal dominant	2
SCN1A-related disorder	Autosomal dominant	92
SCN1B-related disorder	Autosomal dominant	12
SCN2A-associated neurodevelopmental disorders	Autosomal dominant	2
SCN2A-mediated disorder	Autosomal dominant	1
SCN2A-related disorder	Autosomal dominant	132
SCN2A-related generalized epilepsy with febrile seizures plus	Autosomal dominant	9
SCN2B-related disorder	Autosomal dominant	2
SCN3B-related disorder	Autosomal dominant	3
SCN4A-related channelopathies	Autosomal dominant	4
SCN4A-related channelopathy	Autosomal dominant	4
SCN4A-related disorder	Autosomal dominant	158
SCN4A-related myopathy, autosomal recessive	Autosomal dominant	22
SCN4A-related non-dystrophic myotonia	Autosomal dominant	33
SCN4B-related disorder	Autosomal dominant	3
SCN5A-related disorder	Autosomal dominant	167
SCN8A-related disorder	Autosomal dominant	13
SCN8A-related epileptic disorder	Autosomal dominant	1
SCN9A-related disorder	Autosomal dominant	57
SCN9A-related neuropathic pain syndromes	Autosomal dominant	3
SCN9A-related peripheral neuropathies associated with increased pain	Autosomal dominant	2
SCNN1A-related disorder	Autosomal recessive	6
SCNN1B-related disorder	Autosomal dominant	28
SCNN1G-related disorder	Autosomal dominant	5
SCO1-related disorder	Mitochondrial	5
SCO2-related disorder	Autosomal recessive	4
SCOTT SYNDROME	Autosomal recessive	14
SCP2-related disorder	Autosomal recessive	2
SCYL1-related disorder	Autosomal recessive	1
SDCCAG8-related disorder	Autosomal recessive	132
SDHA-related disorder	Autosomal dominant	98
SDHAF2-related disorder	Autosomal dominant	5
SDHB-related disorder	Autosomal dominant	94
SDHC-related disorder	Autosomal dominant	35
SDHD-related disorder	Autosomal dominant	25
SEC23A-related disorder	Autosomal recessive	5
SEC23B-related disorder	Autosomal recessive	24
SEC24D-related disorder	Autosomal recessive	4
SEC63-related disorder	Autosomal dominant	9
SECRETOR/NONSECRETOR POLYMORPHISM	Autosomal recessive	1
SELENON-related disorder	Autosomal recessive	11
SELENON-related myopathy	Autosomal recessive	2
SEMA3A-related disorder	Autosomal dominant	9
SEMA3D-related disorder	Autosomal dominant	1
SEMA3E-related disorder	Autosomal recessive	27
SEMA4A-related disorder	Autosomal recessive	2
SEPN1-related disorder	Autosomal recessive	38
SEPSECS-related disorder	Autosomal recessive	4
SEPTIN9-related disorder	Autosomal dominant	5
SEPTOOPTIC DYSPLASIA, MILD	Autosomal dominant	1
SERAC1-related disorder	Autosomal recessive	9
SERKAL syndrome	Autosomal dominant	45
SERPINA1-related disorder	Autosomal recessive	46
SERPINA6-related disorder	Autosomal dominant	2
SERPINB6-related disorder	Autosomal recessive	1
SERPINB7-related disorder	Autosomal recessive	1
SERPINC1-related disorder	Autosomal dominant	6
SERPIND1-related disorder	Autosomal dominant	1
SERPINE1-related disorder	Autosomal dominant	3
SERPINF1-related disorder	Autosomal dominant	1
SERPING1-related disorder	Autosomal dominant	9
SERPINH1-related disorder	Autosomal recessive	3
SERPINI1-related disorder	Autosomal dominant	11
SERUM HDL CHOLESTEROL LEVEL, MODIFIER OF	Autosomal dominant	2
SETBP1-related disorder	Autosomal dominant	25
SETD2 associated neurodevelopmental disorder with multiple congenital anomalies	Autosomal dominant	1
SETD2-related disorder	Autosomal dominant	55
SETD2-related neurodevelopmental disorder without or with macrocephaly/overgrowth	Autosomal dominant	1
SETD5-related disorder	Autosomal dominant	8
SETX-related disorder	Autosomal recessive	166
SFRP4-related disorder	Autosomal recessive	4
SFTPA2-related disorder	Autosomal dominant	3
SFTPB-related disorder	Autosomal recessive	5
SFTPC-related disorder	Autosomal dominant	5
SGCA-related disorder	Autosomal recessive	15
SGCB-related disorder	Autosomal recessive	2
SGCD-related disorder	Autosomal recessive	10
SGCE-related disorder	Autosomal dominant	8
SGCG-related congenital myopathy	Autosomal recessive	1
SGCG-related disorder	Autosomal recessive	6
SGO1-related disorder	Autosomal recessive	1
SGSH-related disorder	Autosomal recessive	28
SH2D1A-related disorder	X-linked recessive	2
SH3BP2-related disorder	Autosomal dominant	17
SH3KBP1-related disorder	X-linked	1
SH3PXD2B-related disorder	Autosomal recessive	10
SH3TC2-related disorder	Autosomal recessive	17
SHANK3-related disorder	Isolated cases	4
SHH-related disorder	Autosomal dominant	20
SHOC2-related disorder	Autosomal dominant	11
SHORT syndrome	Autosomal dominant	1089
SHORT-RIB THORACIC DYSPLASIA 7 WITHOUT POLYDACTYLY	Autosomal recessive	4
SHOX-related disorder	Autosomal dominant	4
SHOX-related short stature	Autosomal dominant	11
SI-related disorder	Autosomal recessive	24
SIGMAR1-related disorder	Autosomal recessive	2
SIL1-related disorder	Autosomal recessive	12
SIM1-related disorder	Autosomal dominant	2
SIN3A-related disorder	Autosomal dominant	1
SIN3A-related intellectual disability syndrome	Autosomal dominant	1
SIN3A-related intellectual disability syndrome due to a point mutation	Autosomal dominant	100
SIX1-related disorder	Autosomal dominant	16
SIX3-related disorder	Autosomal dominant	9
SIX6-related disorder	Autosomal recessive	1
SKI-related disorder	Autosomal dominant	29
SKIC2-related disorder	Autosomal recessive	10
SKIC3-related disorder	Autosomal recessive	7
SKIN/HAIR/EYE PIGMENTATION 1, BLUE/NONBLUE EYES	Autosomal recessive	322
SKIN/HAIR/EYE PIGMENTATION 3, LIGHT/DARK SKIN	Autosomal recessive	132
SKIN/HAIR/EYE PIGMENTATION 5, BLACK/NONBLACK HAIR	Autosomal recessive	50
SKIN/HAIR/EYE PIGMENTATION 6, BLOND/BROWN HAIR	Autosomal recessive	1
SKIN/HAIR/EYE PIGMENTATION 7, DARK/LIGHT SKIN	Autosomal dominant	2
SKIN/HAIR/EYE PIGMENTATION, VARIATION IN, 2	Autosomal recessive	55
SLC10A2-related disorder	Autosomal recessive	6
SLC11A2-related disorder	Autosomal recessive	7
SLC12A1-related disorder	Autosomal recessive	14
SLC12A3-related disorder	Autosomal recessive	37
SLC12A5-related disorder	Autosomal recessive	13
SLC12A6-related disorder	Autosomal recessive	17
SLC13A5-related disorder	Autosomal recessive	10
SLC16A1-related disorder	Autosomal dominant	6
SLC16A12-related disorder	Autosomal dominant	1
SLC17A5-related disorder	Autosomal recessive	18
SLC17A8-related disorder	Autosomal dominant	4
SLC19A2-related disorder	Autosomal recessive	1
SLC19A3-related disorder	Autosomal recessive	11
SLC1A1-related disorder	Autosomal recessive	3
SLC1A2-related disorder	Autosomal dominant	2
SLC1A4-related spastic tetraplegia-thin corpus callosum-progressive postnatal microcephaly syndrome	Autosomal recessive	1
SLC20A2-related disorder	Autosomal dominant	14
SLC22A12-related disorder	Autosomal recessive	5
SLC22A5-related disorder	Autosomal recessive	25
SLC24A1-related disorder	Autosomal recessive	6
SLC24A5-related disorder	Autosomal recessive	1
SLC25A12-related disorder	Autosomal recessive	2
SLC25A13-related disorder	Autosomal recessive	31
SLC25A15-related disorder	Autosomal recessive	7
SLC25A19-related disorder	Autosomal recessive	3
SLC25A20-related disorder	Autosomal recessive	9
SLC25A22-related disorder	Autosomal recessive	2
SLC25A26-related disorder	Autosomal recessive	1
SLC25A32-related disorder	Autosomal recessive	1
SLC25A38-related disorder	Autosomal recessive	4
SLC25A4-related disorder	Autosomal dominant	2
SLC25A46-associated optic atrophy spectrum disorder	Autosomal recessive	1
SLC25A46-related disorder	Autosomal recessive	9
SLC26A1-related disorder	Autosomal recessive	4
SLC26A2-related disorder	Autosomal recessive	33
SLC26A2-related skeletal dysplasia	Autosomal recessive	12
SLC26A3-related disorder	Autosomal recessive	11
SLC26A4-related disorder	Autosomal recessive	78
SLC26A5-related disorder	Autosomal recessive	2
SLC29A3-related disorder	Autosomal recessive	14
SLC2A1-related disorder	Autosomal dominant	73
SLC2A10-related disorder	Autosomal recessive	12
SLC2A2-related disorder	Autosomal recessive	16
SLC2A9-related disorder	Autosomal dominant	8
SLC30A10-related disorder	Autosomal recessive	2
SLC34A1-related disorder	Autosomal recessive	27
SLC34A2-related disorder	Autosomal recessive	2
SLC34A3-related disorder	Autosomal recessive	23
SLC35A1-congenital disorder of glycosylation	Autosomal recessive	57
SLC35A1-related disorder	Autosomal recessive	4
SLC35A2-congenital disorder of glycosylation	Somatic mosaicism	293
SLC35A2-related disorder	Somatic mosaicism	8
SLC35A3-related disorder	Autosomal recessive	6
SLC35C1-related disorder	Autosomal recessive	7
SLC35D1-related disorder	Autosomal recessive	3
SLC36A2-related disorder	Autosomal dominant	2
SLC37A4-related disorder	Autosomal recessive	33
SLC39A13-related disorder	Autosomal recessive	14
SLC39A14-related disorder	Autosomal recessive	1
SLC39A4-related disorder	Autosomal recessive	12
SLC39A5-related disorder	Autosomal dominant	1
SLC39A8-CDG	Autosomal recessive	25
SLC39A8-related disorder	Autosomal recessive	1
SLC3A1-related disorder	Autosomal dominant	18
SLC45A2-related disorder	Autosomal recessive	9
SLC46A1-related disorder	Autosomal recessive	6
SLC4A1-related disorder	Autosomal dominant	53
SLC4A11-related disorder	Autosomal recessive	14
SLC4A4-related disorder	Autosomal recessive	7
SLC52A1-related disorder	Autosomal dominant	1
SLC52A2-related disorder	Autosomal recessive	14
SLC52A3-related disorder	Autosomal recessive	17
SLC5A1-related disorder	Autosomal recessive	11
SLC5A1-related glucose/galactose malabsorption	Autosomal recessive	1
SLC5A2-related disorder	Autosomal dominant	8
SLC5A5-related disorder	Autosomal recessive	7
SLC5A7-related disorder	Autosomal dominant	12
SLC6A1-related disorder	Autosomal dominant	28
SLC6A1-related neurodevelopmental condition	Autosomal dominant	1
SLC6A1-related neurodevelopmental disorder	Autosomal dominant	2
SLC6A19-related disorder	Autosomal recessive	9
SLC6A20-related disorder	Autosomal dominant	9
SLC6A3-related disorder	Autosomal recessive	3
SLC6A5-related disorder	Autosomal dominant	14
SLC6A8-related disorder	X-linked recessive	33
SLC7A14-related disorder	Autosomal recessive	2
SLC7A7-related disorder	Autosomal recessive	12
SLC7A9-related disorder	Autosomal dominant	11
SLC9A3-related disorder	Autosomal recessive	3
SLC9A6-related disorder	X-linked dominant	8
SLCO1B1-related disorder	Digenic recessive	11
SLCO1B3-related disorder	Digenic recessive	32
SLCO2A1-related disorder	Autosomal recessive	1
SLFN14-related disorder	Autosomal dominant	2
SLITRK6-related disorder	Autosomal recessive	2
SLURP1-related disorder	Autosomal recessive	1
SLX4-related disorder	Autosomal recessive	38
SMAD3-related disorder	Autosomal dominant	19
SMAD4-related disorder	Autosomal dominant	96
SMAD6-related disease	Autosomal dominant	28
SMAD9-related disorder	Autosomal dominant	6
SMARCA2-related BAFopathy	Autosomal dominant	7
SMARCA2-related disorder	Autosomal dominant	15
SMARCA4-related BAFopathy	Autosomal dominant	11
SMARCA4-related disorder	Autosomal dominant	277
SMARCAL1-related disorder	Autosomal recessive	31
SMARCB1-related BAFopathy	Autosomal dominant	4
SMARCB1-related disorder	Autosomal dominant	6
SMARCB1-related schwannomatosis	Autosomal dominant	161
SMARCE1-related disorder	Autosomal dominant	25
SMC1A-related cohesinopathy	X-linked dominant	1
SMC1A-related disorder	X-linked dominant	10
SMC3-related disorder	Autosomal dominant	13
SMPD1-related disorder	Autosomal recessive	178
SMPX-related disorder	X-linked dominant	1
SMS-related disorder	X-linked recessive	1
SNAI2-related disorder	Autosomal dominant	3
SNAP25 related neurodevelopmental disorder	Autosomal dominant	1
SNAP25-related developmental delays and epileptic encephalopathies	Autosomal dominant	1
SNAP25-related disorder	Autosomal dominant	7
SNAP25-related early-onset developmental and epileptic encephalopathy	Autosomal dominant	1
SNAP29-related disorder	Autosomal recessive	2
SNCA-related disorder	Autosomal dominant	4
SNCB-related disorder	Autosomal dominant	1
SNIP1-related disorder	Autosomal recessive	2
SNRNP200-related disorder	Autosomal dominant	3
SNRNP200-related retinal disorder	Autosomal dominant	2
SNRPB-related disorder	Autosomal dominant	1
SNRPE-related disorder	Autosomal dominant	1
SNTA1-related disorder	Autosomal dominant	4
SNX10-related disorder	Autosomal recessive	1
SNX14-related disorder	Autosomal recessive	2
SNX27-related disorder	Autosomal dominant	7
SOBP-related disorder	Autosomal recessive	1
SOD1-related disorder	Autosomal dominant	32
SOS1-related disorder	Autosomal dominant	49
SOS2-related disorder	Autosomal dominant	69
SOST-related disorder	Autosomal recessive	2
SOX10-related disorder	Autosomal dominant	11
SOX11-related disorder	Autosomal dominant	2
SOX17-related disorder	Autosomal dominant	2
SOX18-related disorder	Autosomal dominant	1
SOX2-related disorder	Autosomal dominant	7
SOX3-related disorder	X-linked	3
SOX9-related disorder	Autosomal dominant	10
SP110-related disorder	Autosomal recessive	12
SPAG1-related disorder	Autosomal recessive	22
SPART-related disorder	Autosomal recessive	4
SPAST-related disorder	Autosomal dominant	21
SPAST-related spastic paraplegia	Autosomal dominant	1
SPATA16-related disorder	Autosomal recessive	2
SPATA5-related disorder	Autosomal recessive	1
SPATA5-related neurodevelopmental disorder	Autosomal recessive	1
SPECC1L-related disorder	Isolated cases	2
SPECIFIC GRANULE DEFICIENCY 1, AUTOSOMAL DOMINANT	Autosomal recessive	1
SPEG-related disorder	Autosomal recessive	9
SPG11-related disorder	Autosomal recessive	79
SPG11-related spastic paraplegia	Autosomal recessive	3
SPG21-related disorder	Autosomal recessive	2
SPG7-related disorder	Autosomal dominant	28
SPHEROCYTOSIS, TYPE 1, AUTOSOMAL RECESSIVE	Autosomal dominant	2
SPHEROCYTOSIS, TYPE 3, AUTOSOMAL RECESSIVE	Autosomal recessive	2
SPINK1-related disorder	Autosomal dominant	15
SPINK5 POLYMORPHISM	Autosomal recessive	1
SPINK5-related disorder	Autosomal recessive	11
SPITZ NEVUS, SOMATIC	Autosomal dominant	1
SPR-related disorder	?Autosomal dominant	2
SPRED1-related disorder	Autosomal dominant	14
SPRTN-related disorder	Autosomal recessive	1
SPRY4-related disorder	Autosomal dominant	1
SPTA1-related disorder	Autosomal recessive	41
SPTAN1-related disorder	Autosomal dominant	38
SPTB-related disorder	Autosomal dominant	6
SPTBN2-related disorder	Autosomal dominant	5
SPTLC1-related disorder	Autosomal dominant	2
SPTLC2-related disorder	Autosomal dominant	12
SQSTM1-related disorder	Autosomal dominant	168
SQSTM1-related multisystem proteinopathy	Autosomal dominant	6
SRCAP-related disorder	Autosomal dominant	26
SRD5A2 POLYMORPHISM	Autosomal recessive	1
SRD5A2-related disorder	Autosomal recessive	9
SRD5A3-congenital disorder of glycosylation	Autosomal recessive	177
SRD5A3-related disorder	Autosomal recessive	6
SRGAP1-related disorder	Autosomal dominant	1
SRP54-related disorder	Autosomal recessive	1
SRP72-related disorder	Autosomal dominant	11
SSR4-congenital disorder of glycosylation	X-linked recessive	19
ST3GAL3-related disorder	Autosomal recessive	2
ST3GAL5-related disorder	Autosomal recessive	4
STAC3-related disorder	Autosomal recessive	5
STAMBP-related disorder	Autosomal recessive	1
STAR-related disorder	Autosomal recessive	9
STAT1-Related Immunodeficiency	Autosomal dominant	2
STAT1-related disorder	Autosomal dominant	60
STAT2-related disorder	Autosomal recessive	10
STAT3 gain of function	Autosomal dominant	692
STAT3-related disorder	Autosomal dominant	22
STAT3-related early-onset multisystem autoimmune disease	Autosomal dominant	59
STIL-related disorder	Autosomal recessive	6
STIM1-related disorder	Autosomal dominant	29
STING-associated vasculopathy with onset in infancy	Autosomal dominant	352
STING1-related disorder	Autosomal dominant	7
STK11-related disorder	Autosomal dominant	86
STRA6-related disorder	Autosomal recessive	14
STRADA-related disorder	Autosomal recessive	9
STRC-related disorder	Autosomal recessive	15
STT3A-congenital disorder of glycosylation	Autosomal recessive	14
STT3B-congenital disorder of glycosylation	Autosomal recessive	108
STT3B-related disorder	Autosomal recessive	2
STUB1-related disorder	Autosomal recessive	1
STX11-related disorder	Autosomal recessive	7
STX16-related disorder	Autosomal dominant	1
STX1B-related disorder	Autosomal dominant	8
STXBP1-associated neurodevelopmental disorder	Autosomal dominant	1
STXBP1-related disorder	Autosomal dominant	1
STXBP1-related neurodevelopmental disorder	Autosomal dominant	1
SUCLA2-related disorder	Autosomal recessive	12
SUCLG1-related disorder	Autosomal recessive	8
SUDDEN INFANT DEATH SYNDROME	Autosomal dominant	1251
SUFU-related disorder	Autosomal dominant	28
SUGCT-related disorder	Autosomal recessive	1
SUMF1-related disorder	Autosomal recessive	9
SUOX-related disorder	Autosomal recessive	14
SURF1-related disorder	Mitochondrial	17
SWANN BLOOD GROUP ANTIGEN	Autosomal dominant	2
SYN1-related disorder	X-linked recessive	16
SYN1-related neurodevelopmental disorder	X-linked recessive	1
SYNE1-related disorder	Autosomal recessive	183
SYNE2-related disorder	Autosomal dominant	105
SYNE4-related disorder	Autosomal recessive	1
SYNGAP1-related complex neurodevelopmental disorder	Autosomal dominant	1
SYNGAP1-related disorder	Autosomal dominant	38
SYNGAP1-related encephalopathy	Autosomal dominant	1
SYNJ1-related disorder	Autosomal recessive	24
SZT2-related disorder	Autosomal recessive	49
Saccharopinuria	Autosomal recessive	3
Sacral agenesis-abnormal ossification of the vertebral bodies-persistent notochordal canal syndrome	Autosomal recessive	6
Sacral defect with anterior meningocele	Autosomal dominant	184
Saethre-Chotzen syndrome	Autosomal dominant	1439
Saethre-Chotzen syndrome with eyelid anomalies	Autosomal dominant	2
Sagittal craniosynostosis	Autosomal dominant	1
Saldino-Mainzer syndrome	Autosomal recessive	1975
Salivary gland neoplasm	Autosomal dominant	2
Salla disease	Autosomal recessive	753
Sandhoff disease	Autosomal recessive	813
Sandhoff disease, adult form	Autosomal recessive	2
Sandhoff disease, chronic	Autosomal recessive	1
Sandhoff disease, infantile form	Autosomal recessive	4
Sandhoff disease, juvenile form	Autosomal recessive	3
Sanfilippo syndrome	Autosomal recessive	96
Santos syndrome	Autosomal recessive	6
Sarcoglycanopathy	Autosomal recessive	48
Sarcoma	Autosomal dominant	22
Sarcosine dehydrogenase deficiency	Autosomal recessive	11
Sarcotubular myopathy	Autosomal recessive	431
Sardinian HPFH	Autosomal dominant	1
Scalp-ear-nipple syndrome	Autosomal dominant	42
Scapular winging	Autosomal recessive	4
Scapuloperoneal spinal muscular atrophy	Autosomal dominant	788
Scarring	Autosomal dominant	8
Scarring alopecia of scalp	Autosomal dominant	8
Schaaf-Yang syndrome	Autosomal dominant	164
Schimke immuno-osseous dysplasia	Autosomal recessive	1204
Schinzel phocomelia syndrome	Autosomal recessive	16
Schinzel-Giedion syndrome	Autosomal dominant	133
Schizencephaly	Autosomal dominant	30
Schizophrenia	Autosomal dominant	203
Schizophrenia 15	Isolated cases	15
Schizophrenia 18	Autosomal recessive	3
Schizophrenia 4	Autosomal dominant	146
Schizophrenia, susceptibility to	Autosomal dominant	4
Schneckenbecken dysplasia	Autosomal recessive	143
Schnyder crystalline corneal dystrophy	Autosomal dominant	93
Schuurs-Hoeijmakers syndrome	Autosomal dominant	756
Schwannoma	Autosomal dominant	1
Schwannomatosis	Autosomal dominant	22
Schwartz-Jampel syndrome	Autosomal recessive	516
Schwartz-Jampel syndrome type 1	Autosomal recessive	205
Schöpf-Schulz-Passarge syndrome	Autosomal recessive	294
Scleroderma	Autosomal recessive	1
Sclerosteosis 1	Autosomal recessive	51
Sclerosteosis 2	Autosomal recessive	2424
Scoliosis	Autosomal dominant	20
Scoliosis, isolated, susceptibility to, 1	Autosomal dominant	10
Sea-blue histiocyte syndrome	Autosomal dominant	31
Seborrheic keratosis	Autosomal dominant	52
Seckel syndrome	Autosomal recessive	2
Seckel syndrome 1	Autosomal recessive	488
Seckel syndrome 2	Autosomal recessive	34
Seckel syndrome 4	Autosomal recessive	258
Seckel syndrome 5	Autosomal recessive	270
Seckel syndrome 6	Autosomal recessive	20
Seckel syndrome 7	Autosomal recessive	35
Seckel syndrome 8	Autosomal recessive	17
Seckel syndrome 9	Autosomal recessive	13
Secondary microcephaly	Autosomal dominant	1
See cases	Autosomal dominant	855
Segmental undergrowth associated with lymphatic malformation	Autosomal dominant	1
Segmental undergrowth associated with mainly venous malformation with capillary component	Somatic mutation	2
Segmental undergrowth associated with venous malformation without capillary component	Autosomal dominant	1
Seizure	Autosomal dominant	310
Seizures, benign familial infantile, 2	Autosomal dominant	104
Seizures, benign familial infantile, 3	Autosomal dominant	3793
Seizures, benign familial infantile, 5	Autosomal dominant	190
Seizures, benign familial neonatal, 1	Autosomal dominant	344
Seizures, benign familial neonatal, 1, and/or myokymia	Autosomal dominant	4
Seizures, benign familial neonatal, 2	Autosomal dominant	323
Seizures-scoliosis-macrocephaly syndrome	Autosomal dominant	64
Selective pituitary resistance to thyroid hormone	Autosomal dominant	21
Self-injurious behavior	Autosomal dominant	1
Self-limited epilepsy with centrotemporal spikes	Autosomal dominant	68
Self-limited familial infantile epilepsy	Autosomal dominant	6
Self-mutilation	Autosomal dominant	1
Semidominant ALPL-related disorders	Autosomal recessive	14
Semidominant FLG-related disorders	Autosomal dominant	1
Semidominant MFN2-related disorders	Autosomal dominant	2
Semilobar holoprosencephaly	Autosomal dominant	6
Sengers syndrome	Autosomal recessive	575
Senior-Loken syndrome 1	Autosomal recessive	666
Senior-Loken syndrome 4	Autosomal recessive	1121
Senior-Loken syndrome 5	Autosomal recessive	219
Senior-Loken syndrome 6	Autosomal recessive	3181
Senior-Loken syndrome 7	Autosomal recessive	617
Senior-Loken syndrome 8	Autosomal recessive	2860
Senior-Loken syndrome 9	Autosomal recessive	23
Sensorimotor neuropathy	Autosomal dominant	8
Sensorineural deafness with mild renal dysfunction	Autosomal recessive	2
Sensorineural hearing loss disorder	Autosomal recessive	25
Sensory ataxic neuropathy, dysarthria, and ophthalmoparesis	Autosomal recessive	1068
Sensory autonomic neuropathy with intellectual disability	Autosomal recessive	1
Sensory neuropathy	Autosomal recessive	6
Septo-optic dysplasia sequence	Autosomal dominant	102
Serpentine fibula with polycystic kidney disease	Autosomal dominant	3
Serum calcium level	Autosomal dominant	2
Sessile serrated polyposis cancer syndrome	Autosomal dominant	259
Severe SARS-CoV-2 infection, susceptibility to	Autosomal dominant	2
Severe X-linked mitochondrial encephalomyopathy	X-linked recessive	72
Severe X-linked myotubular myopathy	X-linked recessive	708
Severe achondroplasia-developmental delay-acanthosis nigricans syndrome	Autosomal dominant	303
Severe brain malformation	Autosomal recessive	1
Severe cerebellar hypoplasia	Autosomal recessive	1
Severe combined immunodeficiency disease	Autosomal recessive	211
Severe combined immunodeficiency due to CARD11 deficiency	Autosomal recessive	1206
Severe combined immunodeficiency due to CORO1A deficiency	Autosomal recessive	338
Severe combined immunodeficiency due to DCLRE1C deficiency	Autosomal recessive	1162
Severe combined immunodeficiency due to DNA-PKcs deficiency	Autosomal recessive	2712
Severe combined immunodeficiency due to IKK2 deficiency	Autosomal recessive	754
Severe combined immunodeficiency due to LCK deficiency	Autosomal recessive	293
Severe combined immunodeficiency, B cell-negative	Autosomal recessive	26
Severe combined immunodeficiency, autosomal recessive, T cell-negative, B cell-negative, NK cell-negative, due to adenosine deaminase deficiency	Somatic mosaicism	711
Severe combined immunodeficiency, autosomal recessive, T cell-negative, B cell-negative, NK cell-positive	Autosomal recessive	2853
Severe combined immunodeficiency, partial	Autosomal recessive	2
Severe congenital hypochromic anemia with ringed sideroblasts	Autosomal dominant	4
Severe congenital neutropenia	Autosomal recessive	15
Severe dermatitis-multiple allergies-metabolic wasting syndrome	Autosomal recessive	25
Severe early-childhood-onset retinal dystrophy	Autosomal recessive	856
Severe early-onset pulmonary alveolar proteinosis due to MARS deficiency	Autosomal recessive	808
Severe global developmental delay	Autosomal recessive	9
Severe growth deficiency-strabismus-extensive dermal melanocytosis-intellectual disability syndrome	Autosomal recessive	21
Severe hemophilia A	X-linked recessive	1
Severe hydrocephalus	Autosomal recessive	9
Severe hypotonia-psychomotor developmental delay-strabismus-cardiac septal defect syndrome	Autosomal recessive	12
Severe intellectual deficiency	Isolated cases	2
Severe intellectual disability	Autosomal recessive	18
Severe intellectual disability-corpus callosum agenesis-facial dysmorphism-cerebellar ataxia syndrome	Autosomal recessive	10
Severe intellectual disability-poor language-strabismus-grimacing face-long fingers syndrome	Autosomal dominant	118
Severe intellectual disability-progressive spastic diplegia syndrome	Autosomal dominant	133
Severe intellectual disability-short stature-behavioral abnormalities-facial dysmorphism syndrome	Autosomal recessive	22
Severe intrauterine growth retardation	Autosomal recessive	2
Severe lactic acidosis	Autosomal recessive	1
Severe motor and intellectual disabilities-sensorineural deafness-dystonia syndrome	X-linked recessive	15
Severe muscular hypotonia	Autosomal recessive	2
Severe myoclonic epilepsy in infancy	Autosomal dominant	1619
Severe neonatal-onset encephalopathy with microcephaly	X-linked recessive	1175
Severe neurodegenerative syndrome with lipodystrophy	Autosomal recessive	212
Severe neurodevelopmental delay	Autosomal dominant	2
Severe sensorineural hearing impairment	Autosomal dominant	6
Severe underweight in infancy childhood and adolescence	X-linked recessive	1
Severely reduced visual acuity	Autosomal recessive	3
Sex cord-stromal tumor	Autosomal dominant	6
Shallow orbits	Autosomal dominant	2
Shone complex	Autosomal dominant	1
Short QT Syndrome 4	Autosomal dominant	1
Short QT syndrome	Autosomal dominant	3
Short QT syndrome type 1	Autosomal dominant	174
Short QT syndrome type 2	Autosomal dominant	480
Short QT syndrome type 3	Autosomal dominant	639
Short distal phalanx of toe	Autosomal dominant	2
Short femur	Autosomal recessive	4
Short fetal femur length	Autosomal dominant	3
Short finger	Autosomal recessive	1
Short foot	Autosomal recessive	2
Short long bone	Autosomal dominant	4
Short lower limbs	Autosomal recessive	1
Short neck	Autosomal dominant	3
Short nose	Autosomal dominant	4
Short palm	Autosomal dominant	1
Short palpebral fissure	Autosomal dominant	2
Short phalanx of finger	Autosomal recessive	1
Short rib-polydactyly syndrome	Autosomal recessive	8
Short ribs	Autosomal dominant	10
Short sleep, familial natural, 1	Autosomal dominant	2
Short stature	Autosomal dominant	103
Short stature and advanced bone age, with or without early-onset osteoarthritis and/or osteochondritis dissecans	Autosomal dominant	165
Short stature due to growth hormone qualitative anomaly	Autosomal recessive	15
Short stature due to growth hormone secretagogue receptor deficiency	Autosomal dominant	80
Short stature due to partial GHR deficiency	Autosomal recessive	21
Short stature with nonspecific skeletal abnormalities	Autosomal dominant	22
Short stature with nonspecific skeletal abnormalities 1	Autosomal dominant	16
Short stature, facial dysmorphism, and skeletal anomalies with or without cardiac anomalies	Autosomal dominant	1
Short stature, microcephaly, and endocrine dysfunction	Autosomal recessive	68
Short stature-auditory canal atresia-mandibular hypoplasia-skeletal anomalies syndrome	Autosomal recessive	5
Short stature-onychodysplasia-facial dysmorphism-hypotrichosis syndrome	Autosomal recessive	33
Short stature-optic atrophy-Pelger-Huët anomaly syndrome	Autosomal recessive	190
Short stature-pituitary and cerebellar defects-small sella turcica syndrome	Autosomal dominant	77
Short telomere length	Autosomal dominant	1
Short-rib thoracic dysplasia 10 with or without polydactyly	Autosomal recessive	3244
Short-rib thoracic dysplasia 10 with polydactyly	Autosomal recessive	4
Short-rib thoracic dysplasia 10 without polydactyly	Autosomal recessive	6
Short-rib thoracic dysplasia 11 with or without polydactyly	Autosomal recessive	490
Short-rib thoracic dysplasia 13 with or without polydactyly	Autosomal recessive	421
Short-rib thoracic dysplasia 14 with polydactyly	Autosomal recessive	2604
Short-rib thoracic dysplasia 15 with polydactyly	Autosomal recessive	25
Short-rib thoracic dysplasia 16 with or without polydactyly	Autosomal recessive	10
Short-rib thoracic dysplasia 17 with or without polydactyly	Digenic recessive	1
Short-rib thoracic dysplasia 18 with polydactyly	Autosomal recessive	74
Short-rib thoracic dysplasia 21 without polydactyly	Autosomal recessive	18
Short-rib thoracic dysplasia 6 with or without polydactyly	Digenic recessive	778
Short-rib thoracic dysplasia 7 with or without polydactyly	Autosomal recessive	1311
Short-rib thoracic dysplasia 7/20 with polydactyly, digenic	Autosomal recessive	2
Short-rib thoracic dysplasia 8 with or without polydactyly	Autosomal recessive	449
Shoulder girdle muscle weakness	X-linked recessive	2
Shprintzen-Goldberg syndrome	Autosomal dominant	930
Shuffling gait	Autosomal dominant	1
Shwachman syndrome	Autosomal recessive	3
Shwachman-Diamond syndrome 1	Autosomal recessive	81
Sialic acid storage disease, severe infantile type	Autosomal recessive	319
Sialidosis	Autosomal recessive	7
Sialidosis type 2	Autosomal recessive	65
Sialuria	Autosomal dominant	905
Sick sinus syndrome	Autosomal dominant	3
Sick sinus syndrome 1	Autosomal dominant	1869
Sick sinus syndrome 2, autosomal dominant	Autosomal dominant	186
Sick sinus syndrome 3, susceptibility to	Autosomal dominant	234
Sickle cell-Hemoglobin O Arab disease	Autosomal dominant	2
Sickle cell-hemoglobin C disease	Autosomal dominant	4
Sideroblastic anemia	Autosomal recessive	7
Sideroblastic anemia 1, late-onset	X-linked recessive	1
Sideroblastic anemia 2	Autosomal recessive	111
Sideroblastic anemia 3	Autosomal recessive	9
Sigmoid colon cancer	Autosomal dominant	4
Silver-Russell syndrome 1	Isolated cases	17
Silver-Russell syndrome 3	X-linked recessive	26
Silver-Russell syndrome 5	Isolated cases	2
Silver-russell syndrome 4	Isolated cases	2
Simplex epidermolysis bullosa Ogna type	Autosomal recessive	4
Simpson-Golabi-Behmel syndrome	X-linked recessive	3
Simpson-Golabi-Behmel syndrome type 1	X-linked recessive	112
Simpson-Golabi-Behmel syndrome type 2	X-linked recessive	415
Single Ventricle Defect	Autosomal recessive	1
Single transverse palmar crease	Autosomal dominant	4
Single umbilical artery	Autosomal dominant	2
Single ventricle	Autosomal dominant	5
Singleton-Merten syndrome 1	Autosomal dominant	3036
Singleton-Merten syndrome 2	Autosomal dominant	20
Sinoatrial node disorder	Autosomal dominant	8
Sinoatrial node dysfunction and deafness	Autosomal recessive	65
Sinus bradycardia	Autosomal dominant	1
Sitosterolemia	Autosomal recessive	57
Sitosterolemia 1	Autosomal recessive	298
Sitosterolemia 2	Autosomal recessive	24
Situs inversus	Autosomal recessive	2
Sjögren-Larsson syndrome	Autosomal recessive	271
Skeletal defects, genital hypoplasia, and intellectual disability	Autosomal recessive	1
Skeletal dysplasia	Autosomal dominant	90
Skeletal dysplasia and progressive central nervous system degeneration, lethal	Autosomal dominant	2
Skeletal dysplasia with acanthosis nigricans	Autosomal dominant	9
Skeletal muscle channelopathy	Autosomal dominant	26
Skeletal myopathy	Autosomal dominant	2
Skeletal overgrowth-craniofacial dysmorphism-hyperelastic skin-white matter lesions syndrome	Autosomal dominant	1449
Skin adenoma	Autosomal dominant	1
Skin and Hair Hypopigmentation	Autosomal recessive	7
Skin creases, congenital symmetric circumferential, 2	Autosomal dominant	14
Skin erosion	Autosomal dominant	12
Skin fragility with non-scarring blistering	Autosomal recessive	3
Skin fragility-woolly hair-palmoplantar keratoderma syndrome	Autosomal recessive	1
Skin/hair/eye pigmentation 2, blond hair/fair skin	Autosomal recessive	2
Skin/hair/eye pigmentation 2, red hair/fair skin	Autosomal recessive	3
Skin/hair/eye pigmentation 3, blue/green eyes	Autosomal recessive	1
Skraban-Deardorff syndrome	Autosomal recessive	1
Sleep apnea	Autosomal dominant	3
Sleep disturbance	Isolated cases	1
Slightly reduced reflexes	Autosomal recessive	2
Slow acetylator due to N-acetyltransferase enzyme variant	Autosomal recessive	5
Slow decrease in visual acuity	Autosomal recessive	3
Slow-Channel Congenital Myasthenia Syndrome	Autosomal recessive	5
Slurred speech	Autosomal recessive	2
Small cell carcinoma of the ovary, hypercalcemic type	Autosomal dominant	7
Small cell lung carcinoma	Somatic mutation	31
Small fiber neuropathy	Autosomal dominant	13
Small for gestational age	Autosomal dominant	14
Small hand	Autosomal recessive	2
Small intestine carcinoid	Somatic mutation	1
Small vessel cerebrovascular disease	Autosomal dominant	1
Smith-Lemli-Opitz syndrome	Autosomal recessive	1028
Smith-Magenis Syndrome-like	Autosomal recessive	3
Smith-Magenis syndrome	Autosomal dominant	169
Smith-McCort dysplasia 1	Autosomal recessive	21
Smith-McCort dysplasia 2	Autosomal recessive	79
Sneddon syndrome	Autosomal recessive	284
Snowflake vitreoretinal degeneration	Autosomal dominant	7
Sodium serum level quantitative trait locus 1	Autosomal dominant	141
Soft skin	Autosomal recessive	3
Solitary median maxillary central incisor syndrome	Autosomal dominant	57
Somatotroph adenoma	Somatic mutation	169
Sorsby fundus dystrophy	Autosomal dominant	113
Sotos syndrome	Autosomal dominant	962
Southeast Asian ovalocytosis	Autosomal dominant	625
Sparse hair	Autosomal recessive	3
Sparse scalp hair	Autosomal dominant	1
Spastic Paraplegia 52	Autosomal recessive	1
Spastic Paraplegia, Recessive	Autosomal dominant	2
Spastic ataxia	Autosomal recessive	52
Spastic ataxia 1	Autosomal dominant	8
Spastic ataxia 10, autosomal recessive	Autosomal recessive	16
Spastic ataxia 11, autosomal dominant	Autosomal dominant	1
Spastic ataxia 2	Autosomal recessive	534
Spastic ataxia 3	Autosomal recessive	16
Spastic ataxia 4	Autosomal recessive	15
Spastic ataxia 5	Autosomal recessive	34
Spastic cerebral palsy	Autosomal recessive	1
Spastic diplegia	Autosomal dominant	3
Spastic gait	Autosomal dominant	1
Spastic hemiparesis	Autosomal recessive	1
Spastic paraparesis	Autosomal dominant	11
Spastic paraparesis-cataracts-speech delay syndrome	Autosomal recessive	2
Spastic paraplegia	Autosomal recessive	1337
Spastic paraplegia 18b, autosomal recessive	Autosomal recessive	3
Spastic paraplegia 30A, autosomal dominant	Autosomal recessive	16
Spastic paraplegia 30B, autosomal recessive	Autosomal recessive	6
Spastic paraplegia 72b, autosomal recessive	Autosomal dominant	1
Spastic paraplegia 84, autosomal recessive	Autosomal recessive	7
Spastic paraplegia 85, autosomal recessive	Autosomal dominant	4
Spastic paraplegia 91, autosomal dominant, with or without cerebellar ataxia	Autosomal dominant	12
Spastic paraplegia 93, autosomal recessive	Autosomal recessive	5
Spastic paraplegia, autosomal dominant	Autosomal recessive	1
Spastic paraplegia, intellectual disability, nystagmus, and obesity	Autosomal dominant	2
Spastic paraplegia, optic atropy, and neuropathy	Autosomal recessive	5
Spastic paraplegia-Paget disease of bone syndrome	Autosomal dominant	4
Spastic paraplegia-severe developmental delay-epilepsy syndrome	Autosomal recessive	50
Spastic quadriplegic cerebral palsy	Autosomal recessive	1
Spastic tetraparesis	Autosomal dominant	1
Spastic tetraplegia and axial hypotonia, progressive	Autosomal dominant	8
Spastic tetraplegia-thin corpus callosum-progressive postnatal microcephaly syndrome	Autosomal recessive	32
Spasticity	Autosomal dominant	6
Spasticity-ataxia-gait anomalies syndrome	Autosomal recessive	8
Specific granule deficiency	Autosomal recessive	3
Specific granule deficiency 1	Autosomal recessive	12
Specific granule deficiency 2	Autosomal recessive	3
Specific language impairment 5	Autosomal dominant	4
Specific learning disability	Autosomal recessive	6
Speech and developmental delay	Autosomal recessive	2
Speech apraxia	Autosomal recessive	2
Spermatocytic seminoma	Autosomal dominant	10
Spermatogenic failure 10	Autosomal dominant	7
Spermatogenic failure 11	Autosomal dominant	8
Spermatogenic failure 12	Autosomal dominant	3
Spermatogenic failure 13	Autosomal recessive	1
Spermatogenic failure 14	Autosomal recessive	10
Spermatogenic failure 15	Autosomal recessive	4
Spermatogenic failure 18	Autosomal recessive	2
Spermatogenic failure 28	Autosomal recessive	2
Spermatogenic failure 3	Autosomal dominant	10
Spermatogenic failure 4	Autosomal dominant	24
Spermatogenic failure 58	Autosomal recessive	1
Spermatogenic failure 6	Autosomal recessive	49
Spermatogenic failure 61	Autosomal recessive	8
Spermatogenic failure 7	Autosomal recessive	92
Spermatogenic failure 72	Autosomal recessive	1024
Spermatogenic failure 8	Autosomal recessive	11
Spermatogenic failure 80	Autosomal recessive	1
Spermatogenic failure 9	Autosomal recessive	9
Spermatogenic failure, X-linked, 2	X-linked recessive	4
Spermatogenic failure, Y-linked, 2	Y-linked	12
Spherocytosis	Autosomal dominant	207
Sphingolipid activator protein 1 deficiency	Autosomal recessive	1098
Sphingomyelin/cholesterol lipidosis	Autosomal recessive	216
Spinal hemangioblastoma	Autosomal dominant	1
Spinal muscular atrophy	Autosomal recessive	25
Spinal muscular atrophy with congenital bone fractures 1	Autosomal recessive	20
Spinal muscular atrophy with congenital bone fractures 2	Autosomal recessive	22
Spinal muscular atrophy with lower extremity predominance	Autosomal dominant	9
Spinal muscular atrophy, distal, autosomal recessive, 6	Autosomal dominant	9
Spinal muscular atrophy, infantile, James type	Autosomal dominant	10
Spinal muscular atrophy, lower extremity-predominant, 2, AD	Autosomal dominant	1
Spinal muscular atrophy, lower extremity-predominant, 2b, prenatal onset, autosomal dominant	Autosomal dominant	8
Spinal muscular atrophy, modifier of	Autosomal recessive	1
Spinal muscular atrophy, type II	Autosomal recessive	43
Spinal muscular atrophy, type IV	Autosomal recessive	26
Spinal muscular atrophy-progressive myoclonic epilepsy syndrome	Autosomal recessive	102
Spinal rigidity	Autosomal recessive	2
Spinocerebellar ataxia 27A	Autosomal dominant	15
Spinocerebellar ataxia 27B, late-onset	Autosomal dominant	1
Spinocerebellar ataxia 42, early-onset, severe, with neurodevelopmental deficits	Autosomal dominant	20
Spinocerebellar ataxia 43	Autosomal dominant	26
Spinocerebellar ataxia 44	Autosomal recessive	20
Spinocerebellar ataxia 45	Autosomal dominant	2
Spinocerebellar ataxia 46	Autosomal recessive	1
Spinocerebellar ataxia 48	Autosomal recessive	14
Spinocerebellar ataxia 49	Autosomal dominant	33
Spinocerebellar ataxia 7	Autosomal dominant	8
Spinocerebellar ataxia type 1	Autosomal dominant	16
Spinocerebellar ataxia type 10	Autosomal dominant	9
Spinocerebellar ataxia type 11	Autosomal dominant	102
Spinocerebellar ataxia type 12	Autosomal dominant	5
Spinocerebellar ataxia type 13	Autosomal dominant	48
Spinocerebellar ataxia type 14	Autosomal dominant	121
Spinocerebellar ataxia type 15/16	Autosomal dominant	112
Spinocerebellar ataxia type 17	Autosomal dominant	10
Spinocerebellar ataxia type 19/22	Autosomal dominant	391
Spinocerebellar ataxia type 2	Autosomal dominant	20
Spinocerebellar ataxia type 21	Autosomal dominant	15
Spinocerebellar ataxia type 23	Autosomal dominant	73
Spinocerebellar ataxia type 25	Autosomal dominant	17
Spinocerebellar ataxia type 26	Autosomal dominant	15
Spinocerebellar ataxia type 27	Autosomal dominant	2
Spinocerebellar ataxia type 28	Autosomal dominant	96
Spinocerebellar ataxia type 29	Autosomal dominant	122
Spinocerebellar ataxia type 31	Autosomal dominant	2
Spinocerebellar ataxia type 34	Autosomal dominant	20
Spinocerebellar ataxia type 35	Autosomal dominant	119
Spinocerebellar ataxia type 36	Autosomal dominant	2
Spinocerebellar ataxia type 37	Autosomal dominant	6
Spinocerebellar ataxia type 38	Autosomal dominant	16
Spinocerebellar ataxia type 4	Autosomal dominant	1
Spinocerebellar ataxia type 40	Autosomal dominant	79
Spinocerebellar ataxia type 41	Autosomal dominant	11
Spinocerebellar ataxia type 42	Autosomal dominant	84
Spinocerebellar ataxia type 5	Autosomal dominant	119
Spinocerebellar ataxia type 6	Autosomal dominant	581
Spinocerebellar ataxia with epilepsy	Autosomal recessive	35
Spinocerebellar ataxia, X-linked	X-linked recessive	1
Spinocerebellar ataxia, autosomal recessive 22	Autosomal recessive	21
Spinocerebellar ataxia, autosomal recessive 23	Autosomal recessive	8
Spinocerebellar ataxia, autosomal recessive 29	Autosomal recessive	2
Spinocerebellar ataxia, autosomal recessive, with axonal neuropathy 2	Autosomal recessive	1526
Spinocerebellar atrophy	Autosomal recessive	6
Splenomegaly	Autosomal dominant	7
Split hand-foot malformation 1	Autosomal dominant	8
Split hand-foot malformation 1 with sensorineural hearing loss	Autosomal recessive	5
Split hand-foot malformation 3	Autosomal dominant	41
Split hand-foot malformation 4	Autosomal dominant	493
Split hand-foot malformation 6	Autosomal recessive	25
Split-foot malformation-mesoaxial polydactyly syndrome	Autosomal recessive	11
Spondylo-megaepiphyseal-metaphyseal dysplasia	Autosomal recessive	6
Spondylo-ocular syndrome	Autosomal recessive	21
Spondyloarthropathy, susceptibility to, 1	Multifactorial	1
Spondylocarpotarsal synostosis syndrome	Autosomal dominant	169
Spondylocostal dysostosis 1, autosomal recessive	Autosomal recessive	116
Spondylocostal dysostosis 2, autosomal recessive	Autosomal recessive	4
Spondylocostal dysostosis 4, autosomal recessive	Autosomal recessive	9
Spondylocostal dysostosis 5	Autosomal dominant	34
Spondylocostal dysostosis 6, autosomal recessive	Autosomal recessive	4
Spondylodysplastic Ehlers-Danlos syndrome	Autosomal recessive	4
Spondyloenchondrodysplasia with immune dysregulation	Autosomal recessive	311
Spondyloepimetaphyseal dysplasia with joint laxity	Autosomal recessive	292
Spondyloepimetaphyseal dysplasia with joint laxity, type 1, with fractures	Autosomal recessive	3
Spondyloepimetaphyseal dysplasia with joint laxity, type 1, with or without fractures	Autosomal recessive	44
Spondyloepimetaphyseal dysplasia with multiple dislocations	Autosomal dominant	29
Spondyloepimetaphyseal dysplasia, Bieganski type	X-linked recessive	26
Spondyloepimetaphyseal dysplasia, Genevieve type	Autosomal recessive	23
Spondyloepimetaphyseal dysplasia, Maroteaux type	Autosomal dominant	161
Spondyloepimetaphyseal dysplasia, Missouri type	Autosomal dominant	64
Spondyloepimetaphyseal dysplasia, PAPSS2 type	Autosomal recessive	274
Spondyloepimetaphyseal dysplasia, Strudwick type	Autosomal dominant	766
Spondyloepimetaphyseal dysplasia, aggrecan type	Autosomal dominant	112
Spondyloepimetaphyseal dysplasia, di rocco type	Autosomal dominant	5
Spondyloepimetaphyseal dysplasia, matrilin-3 type	Autosomal dominant	20
Spondyloepimetaphyseal dysplasia-short limb-abnormal calcification syndrome	Autosomal recessive	74
Spondyloepiphyseal dysplasia	Autosomal recessive	4
Spondyloepiphyseal dysplasia congenita	Autosomal dominant	847
Spondyloepiphyseal dysplasia tarda	Autosomal dominant	1
Spondyloepiphyseal dysplasia tarda, X-linked	X-linked recessive	13
Spondyloepiphyseal dysplasia with congenital joint dislocations	Autosomal recessive	392
Spondyloepiphyseal dysplasia with metatarsal shortening	Autosomal dominant	801
Spondyloepiphyseal dysplasia, Holling type	Autosomal dominant	1
Spondyloepiphyseal dysplasia, Kimberley type	Autosomal dominant	124
Spondyloepiphyseal dysplasia, Stanescu type	Autosomal dominant	794
Spondyloepiphyseal dysplasia, sensorineural hearing loss, impaired intellectual development, and leber congenital amaurosis	Autosomal recessive	8
Spondylometaphyseal dysplasia	Autosomal dominant	67
Spondylometaphyseal dysplasia - Sutcliffe type	Autosomal dominant	725
Spondylometaphyseal dysplasia, Kozlowski type	Autosomal dominant	785
Spondylometaphyseal dysplasia, Schmidt type	Autosomal dominant	43
Spondylometaphyseal dysplasia, Sedaghatian type	Autosomal recessive	10
Spondylometaphyseal dysplasia-cone-rod dystrophy syndrome	Autosomal recessive	20
Spondyloperipheral dysplasia	Autosomal dominant	819
Spongiform encephalopathy with neuropsychiatric features	Autosomal dominant	72
Spongy degeneration of central nervous system	Autosomal recessive	469
Spontaneous hematomas	Autosomal recessive	3
Spontaneous, recurrent epistaxis	Autosomal dominant	1
Sporadic aniridia	Autosomal dominant	6
Sporadic hemiplegic migraine	Autosomal dominant	4
Squamous cell carcinoma	Autosomal dominant	2
Squamous cell carcinoma of the head and neck	Autosomal recessive	81
Squamous cell lung carcinoma	Autosomal dominant	14
Stage 5 chronic kidney disease	Autosomal recessive	1
Stapes ankylosis with broad thumbs and toes	Autosomal dominant	22
Stargardt disease	Autosomal recessive	138
Stargardt disease 3	Autosomal dominant	115
Stargardt disease 4	Autosomal dominant	124
Stargardt-like macular dystrophy	Autosomal recessive	1
Status epilepticus	Autosomal recessive	2
Steatocystoma multiplex	Autosomal dominant	19
Steel syndrome	Autosomal recessive	104
Steinert myotonic dystrophy syndrome	Autosomal dominant	200
Stenosis of the external auditory canal	X-linked recessive	3
Stereotypic movement disorder	Autosomal dominant	4
Stereotypical body rocking	X-linked dominant	1
Stereotypical hand wringing	X-linked dominant	1
Sterile multifocal osteomyelitis with periostitis and pustulosis	Autosomal recessive	191
Steroid-resistant nephrotic syndrome	Autosomal recessive	69
Sterol carrier protein 2 deficiency	Autosomal recessive	13
Stickler syndrome	Autosomal dominant	63
Stickler syndrome type 1	Autosomal dominant	1085
Stickler syndrome type 2	Autosomal dominant	364
Stickler syndrome, type 4	Autosomal dominant	35
Stickler syndrome, type 5	Autosomal recessive	22
Stickler syndrome, type 6	Autosomal dominant	9
Stickler syndrome, type I, nonsyndromic ocular	Autosomal dominant	804
Stiff skin	Autosomal recessive	2
Stiff skin syndrome	Autosomal dominant	2949
Stormorken syndrome	Autosomal dominant	796
Strabismus	Autosomal dominant	22
Stress urinary incontinence	Autosomal dominant	2
Striae distensae	Autosomal recessive	3
Striatal degeneration, autosomal dominant 2	Autosomal dominant	10
Striatal necrosis, bilateral, with dystonia	Mitochondrial	1
Striatonigral degeneration, childhood-onset	Autosomal recessive	26
Striatonigral degeneration, infantile, mitochondrial	Mitochondrial	2
Stridor	Autosomal recessive	3
Stroke disorder	Autosomal dominant	13
Stromme syndrome	Autosomal recessive	101
Structural congenital heart disease, multiple types - GATA4	Autosomal dominant	2
Structural eye disease	Autosomal dominant	16
Stuttering, familial persistent, 1	Autosomal dominant	26
Stuve-Wiedemann syndrome	Autosomal recessive	45
Stuve-Wiedemann syndrome 2	Autosomal recessive	8
Stüve-Wiedemann syndrome 1	Autosomal recessive	192
Subcortical band heterotopia	Isolated cases	1
Subcortical laminar heterotopia, X-linked	X-linked	9
Subcutaneous neurofibroma	Autosomal dominant	6
Subcutaneous nodule	Autosomal dominant	4
Subependymal giant-cell astrocytoma	Autosomal dominant	2
Subglottic stenosis	Isolated cases	1
Subvalvular aortic stenosis	Autosomal recessive	1
Succinate-semialdehyde dehydrogenase deficiency	Autosomal recessive	779
Sucrase-isomaltase deficiency	Autosomal recessive	511
Sudden cardiac arrest	Autosomal dominant	19
Sudden cardiac death	Autosomal dominant	22
Sudden death	Autosomal dominant	3
Sudden infant death-dysgenesis of the testes syndrome	Autosomal recessive	9
Sudden unexpected death in epilepsy	Autosomal dominant	1
Sudden unexplained death	Autosomal dominant	28
Sudden unexplained death in childhood	X-linked dominant	3
Sudden unexplained death or survivors of a cardiac event	Autosomal dominant	2
Sulfate transporter-related osteochondrodysplasia	Autosomal recessive	627
Sulfite oxidase deficiency	Autosomal recessive	482
Sulfite oxidase deficiency due to molybdenum cofactor deficiency type A	Autosomal recessive	754
Sulfite oxidase deficiency due to molybdenum cofactor deficiency type B1	Autosomal recessive	124
Sulfite oxidase deficiency due to molybdenum cofactor deficiency type C	Autosomal dominant	5
Sulfocysteinuria	Autosomal recessive	11
Supranuclear palsy, progressive, 1	Autosomal dominant	42
Supravalvar aortic stenosis	Autosomal dominant	1204
Supraventricular tachycardia	Autosomal recessive	14
Surfactant metabolism dysfunction, pulmonary, 1	Autosomal recessive	94
Surfactant metabolism dysfunction, pulmonary, 2	Autosomal dominant	99
Surfactant metabolism dysfunction, pulmonary, 5	Autosomal recessive	17
Susceptibility to HIV infection	Autosomal dominant	2
Susceptibility to coronavirus disease (COVID-19) severity and mortality due to low plasma levels of MUC5B	Autosomal dominant	1
Susceptibility to hangover	Multifactorial	1
Susceptibility to mononeuropathy of the median nerve, mild	Autosomal dominant	582
Susceptibility to nonsyndromic otitis media	Autosomal recessive	4
Susceptibility to respiratory infections associated with CD8alpha chain mutation	Autosomal recessive	203
Susceptibility to severe COVID-19	Autosomal dominant	5
Susceptibility to severe coronavirus disease (COVID-19)	Autosomal dominant	8
Susceptibility to severe coronavirus disease (COVID-19) due to an impaired coagulation process	Autosomal dominant	3
Susceptibility to severe coronavirus disease (COVID-19) due to high plasma levels of TNF, TNFR, and/or TNFR4	Autosomal dominant	1
Susceptibility to severe coronavirus disease (COVID-19) due to high plasma levels of TNF, TNFR, and/or TNFR6	Autosomal dominant	1
Susceptibility to severe coronavirus disease (COVID-19) due to high plasma levels of TNF, TNFR, and/or TNFR7	Autosomal dominant	1
Sweat chloride elevation without cystic fibrosis	Autosomal recessive	2
Sweeney-Cox syndrome	Autosomal dominant	21
Symmetrical dyschromatosis of extremities	Autosomal dominant	1542
Symphalangism, proximal, 1B	Autosomal dominant	26
Symphalangism-brachydactyly syndrome	Autosomal dominant	23
Synaptic congenital myasthenic syndromes	Autosomal recessive	6
Syncope	Autosomal dominant	5
Syndactyly	Autosomal recessive	66
Syndactyly type 3	Autosomal dominant	133
Syndactyly type 4	Autosomal dominant	13
Syndactyly type 5	Autosomal dominant	47
Syndactyly type 8	X-linked recessive	3
Syndactyly-telecanthus-anogenital and renal malformations syndrome	X-linked dominant	8
Syndrome of entercolitis and autoinflmmation caused by mutation of NLRC4 (SCAN4)	Autosomal dominant	2
Syndrome with a Dandy-Walker malformation as major feature	Autosomal recessive	2
Syndromic Infantile Encephalopathy	Autosomal recessive	3
Syndromic Monogenic Diabetes	Autosomal recessive	9
Syndromic X-linked intellectual disability 14	X-linked recessive	240
Syndromic X-linked intellectual disability 34	Autosomal dominant	29
Syndromic X-linked intellectual disability 94	X-linked recessive	84
Syndromic X-linked intellectual disability Claes-Jensen type	X-linked recessive	190
Syndromic X-linked intellectual disability Hedera type	X-linked recessive	186
Syndromic X-linked intellectual disability Lubs type	X-linked recessive	168
Syndromic X-linked intellectual disability Najm type	X-linked dominant	135
Syndromic X-linked intellectual disability Nascimento type	X-linked recessive	23
Syndromic X-linked intellectual disability Shashi type	X-linked recessive	12
Syndromic X-linked intellectual disability Siderius type	X-linked recessive	46
Syndromic X-linked intellectual disability Snyder type	X-linked recessive	44
Syndromic complex neurodevelopmental disorder	Autosomal recessive	3
Syndromic inherited retinal disease	Autosomal recessive	2
Syndromic intellectual disability	Autosomal recessive	4
Syndromic microphthalmia	Autosomal dominant	1
Syndromic microphthalmia type 5	Autosomal dominant	77
Syndromic multisystem autoimmune disease due to ITCH deficiency	Autosomal recessive	458
Syndromic retinitis pigmentosa	Autosomal recessive	4
Synophrys	Autosomal dominant	2
Synovial plica syndrome	Autosomal recessive	2
Synpolydactyly	Autosomal dominant	4
Synpolydactyly type 1	Autosomal dominant	63
Synpolydactyly type 2	Autosomal dominant	9
Systemic lupus erythematosus	Autosomal dominant	195
Systemic lupus erythematosus 17	Autosomal dominant	2
Systemic lupus erythematosus, susceptibility to	Autosomal dominant	5
Systemic lupus erythematosus, susceptibility to, 10	Autosomal dominant	1
Systemic lupus erythematosus, susceptibility to, 9	Autosomal recessive	18
Systolic heart failure	Autosomal dominant	6
T-B+ severe combined immunodeficiency due to IL-7Ralpha deficiency	Autosomal recessive	1
T-B+ severe combined immunodeficiency due to JAK3 deficiency	Autosomal recessive	1217
T-CELL LYMPHOPENIA, INFANTILE, WITHOUT NAIL DYSTROPHY, AUTOSOMAL DOMINANT	Autosomal recessive	1
T-LGL Leukemia	Autosomal dominant	1
T-cell immunodeficiency, congenital alopecia, and nail dystrophy	Autosomal recessive	805
T-cell lymphopenia, infantile, with or without nail dystrophy, autosomal dominant	Autosomal recessive	28
T-cell prolymphocytic leukemia	Autosomal dominant	3
T-lymphocyte deficiency	Autosomal recessive	2
T-substance anomaly	Autosomal recessive	2
TAB2-related disorder	Autosomal dominant	3
TACO1-related disorder	Mitochondrial	2
TACR3-related disorder	Autosomal recessive	5
TAF1-related disorder	X-linked recessive	7
TAF1-related syndromic intellectual disability	X-linked recessive	1
TAF2-related disorder	Autosomal recessive	1
TAFAZZIN-related disorder	X-linked recessive	10
TALDO1-related disorder	Autosomal recessive	6
TANGO2-related disorder	Autosomal recessive	3
TARDBP-related disorder	Autosomal dominant	19
TARP syndrome	X-linked recessive	32
TARS2-related disorder	Autosomal recessive	2
TAT-related disorder	Autosomal recessive	3
TAY-SACHS DISEASE, JUVENILE	Autosomal recessive	1
TBC1D24-related disorder	X-linked recessive	34
TBCD-related disorder	Autosomal dominant	1
TBCE-related disorder	Autosomal recessive	10
TBCK-related disorder	Autosomal recessive	4
TBK1-related disorder	Autosomal dominant	57
TBL1XR1-related disorder	Autosomal dominant	15
TBL1XR1-related neurodevelopmental disorder	Autosomal dominant	1
TBX1-related disorder	Autosomal dominant	49
TBX15-related disorder	Autosomal recessive	2
TBX19-related disorder	Autosomal recessive	3
TBX22-related disorder	X-linked	7
TBX3-related disorder	Autosomal dominant	102
TBX4-related disorder	Autosomal dominant	7
TBX5-related disorder	Autosomal dominant	29
TBX6-related disorder	Autosomal dominant	4
TBXA2R-related disorder	Autosomal dominant	3
TBXAS1-related disorder	Autosomal recessive	1
TCAP-related disorder	Autosomal dominant	8
TCF12-related craniosynostosis	Autosomal dominant	68
TCF12-related disorder	Autosomal dominant	3
TCF3-related disorder	Autosomal dominant	4
TCF4-related disorder	Autosomal dominant	18
TCIRG1-related disorder	Autosomal recessive	36
TCN2 POLYMORPHISM	Autosomal recessive	1
TCN2-related disorder	Autosomal recessive	17
TCOF1-related disorder	Autosomal dominant	56
TCR-alpha-beta-positive T-cell deficiency	Autosomal recessive	1
TCTN1-related disorder	Autosomal recessive	3
TCTN2-related disorder	Autosomal recessive	11
TCTN3-related disorder	Autosomal recessive	24
TECPR2-related disorder	Autosomal recessive	24
TECTA-related disorder	Autosomal recessive	21
TEK-related disorder	Autosomal dominant	5
TELO2-related disorder	Autosomal recessive	1
TELO2-related intellectual disability-neurodevelopmental disorder	Autosomal recessive	46
TENM3-related disorder	Autosomal recessive	1
TENM4-related disorder	Autosomal dominant	2
TERC-related disorder	Autosomal dominant	6
TERT-associated disorder	Autosomal dominant	1
TERT-related disorder	Autosomal dominant	216
TEX11-related disorder	X-linked recessive	1
TF*C2	Autosomal recessive	1
TF-related disorder	Autosomal recessive	9
TFAP2A-related disorder	Autosomal dominant	4
TFG-related disorder	Autosomal dominant	8
TFRC-related combined immunodeficiency	Autosomal recessive	18
TFRC-related disorder	Autosomal recessive	1
TG-related disorder	Autosomal recessive	26
TGDS-related disorder	Autosomal recessive	1
TGFB1-related disorder	Autosomal recessive	1
TGFB2-related disorder	Autosomal dominant	14
TGFB3-related connective tissue disorders	Autosomal dominant	1
TGFB3-related disorder	Autosomal dominant	28
TGFBI-related disorder	Autosomal dominant	8
TGFBR1-related disorder	Autosomal dominant	16
TGFBR2-related disorder	Autosomal dominant	36
TGIF1-related disorder	Autosomal dominant	6
TGM1-related disorder	Autosomal recessive	19
TGM5-related disorder	Autosomal recessive	11
TGM6-related disorder	Autosomal dominant	13
TH-related disorder	Autosomal recessive	17
THAP1-related disorder	Autosomal dominant	2
THBD-related disorder	Autosomal dominant	11
THOC2-related disorder	X-linked recessive	2
THOC6-related developmental delay-microcephaly-facial dysmorphism syndrome	Autosomal recessive	35
THOC6-related disorder	Autosomal recessive	1
THPO-related disorder	Autosomal dominant	1
THRA-related disorder	Autosomal dominant	1
THRB-related disorder	Autosomal dominant	15
THYROID CANCER, NONMEDULLARY, 5, SUSCEPTIBILITY TO	Autosomal dominant	1
TIA1-related disorder	Autosomal dominant	3
TINF2-related disorder	Autosomal dominant	13
TJP2-related disorder	Autosomal recessive	9
TK2-related disorder	Autosomal recessive	9
TKT-related disorder	Autosomal recessive	2
TLL1-related disorder	Autosomal dominant	1
TLR2-related disorder	Autosomal dominant	4
TMC1-related disorder	Autosomal dominant	5
TMC6-related disorder	Autosomal recessive	1
TMC8-related disorder	Autosomal recessive	2
TMCO1-related disorder	Autosomal recessive	1
TMEM107-related disorder	Autosomal recessive	1
TMEM126A-related disorder	Autosomal recessive	4
TMEM127-related disorder	Autosomal dominant	8
TMEM127-related tumor predisposition	Autosomal dominant	1
TMEM138-related disorder	Autosomal recessive	4
TMEM165-congenital disorder of glycosylation	Autosomal recessive	143
TMEM165-related disorder	Autosomal recessive	4
TMEM199-CDG	Autosomal recessive	7
TMEM199-related disorder	Autosomal recessive	1
TMEM216-related disorder	Autosomal recessive	21
TMEM231-related disorder	Autosomal recessive	43
TMEM237-related disorder	Autosomal recessive	9
TMEM43-related disorder	Autosomal dominant	31
TMEM67-related disorder	Autosomal recessive	192
TMEM70-related disorder	Autosomal recessive	5
TMIE-related disorder	Autosomal recessive	3
TMPO-related disorder	Autosomal dominant	12
TMPRSS15-related disorder	Autosomal recessive	1
TMPRSS3-related disorder	Autosomal recessive	15
TMPRSS6-related disorder	Autosomal recessive	4
TNC-related disorder	Autosomal dominant	15
TNF receptor-associated periodic fever syndrome (TRAPS)	Autosomal dominant	520
TNFAIP3-related disorder	Autosomal dominant	4
TNFRSF11A-related disorder	Autosomal dominant	6
TNFRSF11B-related disorder	Autosomal recessive	1
TNFRSF13B-related disorder	Autosomal dominant	20
TNFRSF13C-related disorder	Autosomal recessive	5
TNFRSF1A-related disorder	Autosomal dominant	18
TNFRSF4-related disorder	Autosomal recessive	5
TNFRSF6B-related disorder	Autosomal dominant	1
TNFSF11-related disorder	Autosomal recessive	4
TNIK-related disorder	Autosomal recessive	1
TNN-related disorder	Autosomal recessive	1
TNNI2-related disorder	Autosomal dominant	2
TNNI3-related disorder	Autosomal dominant	7
TNNT1-related disorder	Autosomal recessive	4
TNNT2-related disorder	Autosomal dominant	54
TNPO3-related disorder	Autosomal dominant	11
TNXB-related disorder	Autosomal recessive	24
TOR1A-related disorder	Autosomal dominant	2
TOR1AIP1-related disorder	Autosomal recessive	6
TP53 POLYMORPHISM	Autosomal dominant	5
TP53-related disorder	Autosomal dominant	170
TP63-Related Spectrum Disorders	Autosomal dominant	435
TP63-related disorder	Autosomal dominant	53
TPI1-related disorder	Autosomal recessive	4
TPK1-related disorder	Autosomal recessive	3
TPM1-related disorder	Autosomal dominant	12
TPM2-related cap myopathy	Autosomal dominant	1
TPM2-related disorder	Autosomal dominant	13
TPM2-related myopathy	Autosomal dominant	2
TPM3-related core myopathy	Autosomal dominant	2
TPM3-related disorder	Autosomal dominant	3
TPM3-related myopathy	Autosomal dominant	1
TPMT-related disorder	Autosomal recessive	1
TPO-related disorder	Autosomal recessive	10
TPP1-related disorder	Autosomal recessive	10
TPRN-related disorder	Autosomal recessive	1
TRAF3IP1-related disorder	Digenic recessive	1
TRAF3IP2-related disorder	Autosomal recessive	6
TRAIP-related disorder	Autosomal recessive	1
TRANSFERRIN SERUM LEVEL QUANTITATIVE TRAIT LOCUS 2	Autosomal dominant	32
TRANSIENT MYELOPROLIFERATIVE DISORDER OF DOWN SYNDROME	Autosomal dominant	1
TRAPPC11-related disorder	Autosomal recessive	13
TRAPPC2-related disorder	X-linked recessive	1
TRAPPC9-related disorder	Autosomal recessive	8
TRDN-related disorder	Autosomal dominant	15
TREM2-related disorder	Autosomal recessive	3
TREX1-related disorder	Autosomal dominant	95
TRIM2-related disorder	Autosomal recessive	5
TRIM32-related disorder	Autosomal recessive	151
TRIM37-related disorder	Autosomal recessive	3
TRIO-related disorder	Autosomal dominant	9
TRIOBP-related disorder	Autosomal recessive	15
TRIP11-related disorder	Autosomal recessive	29
TRMT10A-related disorder	Autosomal recessive	1
TRMT10C-related disorder	Autosomal recessive	1
TRMT5-related disorder	Autosomal recessive	3
TRMU-related disorder	Autosomal recessive	15
TRNT1-related disorder	Autosomal recessive	15
TRPA1-related disorder	Autosomal dominant	1
TRPM3-related disorder	Autosomal recessive	1
TRPM4-related disorder	Autosomal dominant	33
TRPM6-related disorder	Autosomal recessive	9
TRPM7-related disorder	Autosomal dominant	1
TRPS1-related disorder	Autosomal dominant	30
TRPV3-related disorder	Autosomal dominant	10
TRPV4-Associated Disorders	Autosomal dominant	3
TRPV4-Related Hereditary Motor And Sensory Neuropathy	Autosomal dominant	2
TRPV4-related bone disorder	Autosomal dominant	17
TRPV4-related disorder	Autosomal dominant	86
TSC1-related disorder	Autosomal dominant	113
TSC2-related disorder	Autosomal dominant	346
TSEN2-related disorder	Autosomal recessive	1
TSEN54 Pontocerebellar Hypoplasia	Autosomal recessive	5
TSEN54-related disorder	Autosomal recessive	11
TSFM-related disorder	Autosomal recessive	6
TSHB-related disorder	Autosomal recessive	1
TSHR-related disorder	Autosomal dominant	12
TSHZ1-related disorder	Autosomal dominant	1
TSPAN12-related disorder	Autosomal dominant	1
TSPEAR-related disorder	Autosomal recessive	4
TSPEAR-related disorder of tooth and hair follicle morphogenesis	Autosomal recessive	1
TSPYL1-related disorder	Autosomal recessive	1
TSR2-related disorder	X-linked recessive	1
TTBK2-related disorder	Autosomal dominant	8
TTC19-related disorder	Autosomal recessive	4
TTC21B-related disorder	Autosomal recessive	63
TTC7A-related disorder	Autosomal recessive	5
TTC8-related disorder	Autosomal recessive	87
TTI2-related disorder	Autosomal recessive	2
TTLL5-related disorder	Autosomal recessive	1
TTN-related disorder	Autosomal recessive	1440
TTN-related myopathy	Autosomal recessive	55
TTPA-related disorder	Autosomal recessive	4
TTR POLYMORPHISM	Autosomal dominant	3
TTR-related disorder	Autosomal dominant	16
TUB-related disorder	Autosomal recessive	13
TUBA1A-related disorder	Autosomal dominant	6
TUBA4A-related disorder	Autosomal dominant	1
TUBB-related disorder	Autosomal dominant	2
TUBB1-related disorder	Autosomal dominant	6
TUBB2A-related disorder	Autosomal dominant	3
TUBB2A-related tubulinopathy	Autosomal dominant	2
TUBB3-Releated Disorders	Autosomal dominant	2
TUBB3-related disorder	Autosomal dominant	14
TUBB3-related tubulinopathy	Autosomal dominant	6
TUBB4A-related disorder	Autosomal dominant	18
TUBB4A-related neurologic disorder	Autosomal dominant	2
TUBGCP4-related disorder	Autosomal recessive	1
TULP1-related disorder	Autosomal recessive	10
TUMOR PREDISPOSITION SYNDROME 4, BREAST	Autosomal dominant	2
TUMOR PREDISPOSITION SYNDROME 4, BREAST/PROSTATE	Autosomal dominant	5
TUMOR PREDISPOSITION SYNDROME 4, BREAST/PROSTATE/COLORECTAL	Autosomal dominant	8
TUSC3-related disorder	Autosomal recessive	4
TWIST1-related craniofacial disorders	Autosomal dominant	2
TWIST1-related craniosynostosis	Autosomal dominant	394
TWIST1-related disorder	Autosomal dominant	16
TWNK-related disorder	Autosomal recessive	15
TXN2-related disorder	Autosomal recessive	1
TXNL4A-related disorder	Autosomal recessive	2
TYK2-related disorder	Autosomal recessive	18
TYMP-related disorder	Autosomal recessive	7
TYR-related disorder	Autosomal recessive	33
TYROBP-related disorder	Autosomal recessive	2
TYRP1-related disorder	Autosomal recessive	10
Tachycardia	Autosomal dominant	2
Tachypnea	Autosomal recessive	2
Tall stature	Autosomal dominant	10
Tall stature-intellectual disability-renal anomalies syndrome	Autosomal recessive	11
Tall stature-scoliosis-macrodactyly of the great toes syndrome	Autosomal dominant	533
Tangier disease	Autosomal recessive	287
Tapered finger	Autosomal dominant	3
Taq1A POLYMORPHISM	Autosomal dominant	1
Tarsal-carpal coalition syndrome	Autosomal dominant	20
Tatton-Brown-Rahman overgrowth syndrome	Autosomal dominant	635
Tay-Sachs disease	Autosomal recessive	1257
Tay-Sachs disease, B1 variant	Autosomal recessive	3
Tay-Sachs disease, variant AB	Autosomal recessive	203
Teebi hypertelorism syndrome	Isolated cases	3
Teebi hypertelorism syndrome 1	Isolated cases	11
Telangiectasia	Autosomal dominant	1
Telangiectasia of the skin	Autosomal dominant	1
Telangiectasia, hereditary hemorrhagic, type 1	Autosomal dominant	429
Telangiectasia, hereditary hemorrhagic, type 2	Autosomal dominant	966
Telangiectasia, hereditary hemorrhagic, type 5	Autosomal dominant	245
Telecanthus	Autosomal dominant	2
Telomere syndrome	Autosomal dominant	12
Temperature-sensitive oculocutaneous albinism type 1	Autosomal recessive	2
Temple-Baraitser syndrome	Autosomal dominant	51
Temporal cortical atrophy	X-linked	1
Temtamy preaxial brachydactyly syndrome	Autosomal recessive	181
Temtamy syndrome	Autosomal recessive	215
Tenorio syndrome	Autosomal dominant	56
Terminal osseous dysplasia-pigmentary defects syndrome	X-linked dominant	253
Testicular anomalies with or without congenital heart disease	Autosomal dominant	92
Testicular atrophy	Autosomal recessive	2
Testosterone 17-beta-dehydrogenase deficiency	Autosomal recessive	75
Tetany	Autosomal dominant	4
Tethered cord	Autosomal recessive	1
Tetraamelia syndrome 1	Autosomal recessive	1
Tetralogy of Fallot	Autosomal dominant	969
Tetraparesis	Autosomal dominant	3
Tetraplegia/tetraparesis	Autosomal dominant	1
Thalassemia	Autosomal dominant	1
Thanatophoric dysplasia	Autosomal dominant	19
Thanatophoric dysplasia type 1	Autosomal dominant	317
Thanatophoric dysplasia, type 2	Autosomal dominant	305
Thiamine metabolism dysfunction syndrome 2 (biotin/thiamine-responsive basal ganglia disease type)	Autosomal recessive	1
Thiamine-responsive megaloblastic anemia	Autosomal recessive	1
Thick eyebrow	Autosomal recessive	2
Thick lower lip vermilion	Autosomal dominant	1
Thick upper lip vermilion	Autosomal dominant	1
Thick vermilion border	Autosomal dominant	6
Thickened nuchal skin fold	Autosomal dominant	3
Thiel-Behnke corneal dystrophy	Autosomal dominant	40
Thin upper lip vermilion	Autosomal dominant	1
Thiopurine S-methyltransferase deficiency	Autosomal recessive	6
Thiopurines, poor metabolism of, 2	Autosomal dominant	4
Third degree atrioventricular block	Autosomal recessive	1
Thoracic aortic aneurysm	Autosomal dominant	19
Thoracic aortic aneurysm and aortic dissection	Autosomal dominant	1
Thoracic aortic aneurysm or dissection	Autosomal dominant	51
Thoracic aortic dissection	Autosomal dominant	3
Thoracic kyphoscoliosis	Autosomal recessive	1
Thoracic scoliosis	Autosomal recessive	4
Thoracolumbar scoliosis	Autosomal recessive	6
Three Vessel Coronary Disease	Autosomal recessive	1
Thrombocythemia 1	Autosomal dominant	57
Thrombocythemia 2	Somatic mutation	63
Thrombocythemia 3	Somatic mutation	27
Thrombocytopenia	Autosomal dominant	100
Thrombocytopenia 1	X-linked recessive	1808
Thrombocytopenia 12 with or without myopathy	Autosomal recessive	41
Thrombocytopenia 13, syndromic	Autosomal recessive	26
Thrombocytopenia 2	Autosomal dominant	266
Thrombocytopenia 4	Autosomal dominant	15
Thrombocytopenia 5	Autosomal dominant	46
Thrombocytopenia 6	Autosomal dominant	5
Thrombocytopenia 9	Autosomal dominant	6
Thrombocytopenia, X-linked, with dyserythropoietic anemia	X-linked recessive	2
Thrombocytopenia, X-linked, with or without dyserythropoietic anemia	X-linked recessive	61
Thrombocytopenia, X-linked, without dyserythropoietic anemia	X-linked recessive	2
Thrombocytosis	Autosomal dominant	2
Thromboembolism	Autosomal dominant	8
Thrombomodulin-related bleeding disorder	Autosomal dominant	111
Thrombophilia 3 due to protein C deficiency	Autosomal dominant	1
Thrombophilia caused by F2 prothrombin deficiency	Autosomal dominant	2
Thrombophilia due to activated protein C resistance	Autosomal dominant	178
Thrombophilia due to protein C deficiency, autosomal dominant	Autosomal dominant	375
Thrombophilia due to protein C deficiency, autosomal recessive	Autosomal recessive	61
Thrombophilia due to protein S deficiency, autosomal dominant	Autosomal dominant	193
Thrombophilia due to protein S deficiency, autosomal recessive	Autosomal recessive	431
Thrombophilia due to thrombin defect	Autosomal recessive	437
Thrombophilia with a likely monogenic cause	Autosomal dominant	1
Thrombophilia, X-linked, due to factor 8 defect	X-linked recessive	55
Thrombophilia, X-linked, due to factor 9 defect	X-linked recessive	380
Thrombotic microangiopathy	Autosomal dominant	9
Thrombotic thrombocytopenic purpura	Autosomal recessive	5
Thromboxane synthetase deficiency	Autosomal dominant	3
Thrombus	Autosomal recessive	6
Thumb deformity	Autosomal dominant	1
Thyroglobulin synthesis defect	Autosomal recessive	33
Thyroid adenoma	Autosomal dominant	1
Thyroid adenoma, hyperfunctioning, somatic	Autosomal dominant	2
Thyroid cancer, nonmedullary, 1	Autosomal dominant	14
Thyroid cancer, nonmedullary, 2	Autosomal dominant	75
Thyroid cancer, nonmedullary, 4	Autosomal dominant	6
Thyroid cancer, nonmedullary, 5	Autosomal dominant	9
Thyroid carcinoma, sporadic medullary	Autosomal dominant	6
Thyroid dyshormonogenesis 1	Autosomal recessive	117
Thyroid dyshormonogenesis 6	Autosomal recessive	372
Thyroid gland carcinoma	Autosomal dominant	4
Thyroid gland undifferentiated (anaplastic) carcinoma	Autosomal dominant	4
Thyroid hormone resistance syndrome	Autosomal dominant	4
Thyroid hormone resistance, generalized, autosomal dominant	Autosomal dominant	236
Thyroid hormone resistance, generalized, autosomal recessive	Autosomal dominant	15
Thyrotoxic periodic paralysis, susceptibility to, 1	Isolated cases	650
Thyrotoxic periodic paralysis, susceptibility to, 2	Isolated cases	6
Tibia, hypoplasia or aplasia of, with polydactyly	Autosomal dominant	8
Tibial muscular dystrophy	Autosomal recessive	7130
Tibial pseudarthrosis	Autosomal dominant	77
Tics	Autosomal dominant	1
Tietz syndrome	Autosomal dominant	1815
Timothy syndrome	Autosomal dominant	217
Tip-toe gait	Autosomal recessive	222
Titinopathy	Autosomal recessive	1
Tobacco addiction, susceptibility to	Autosomal dominant	23
Tobacco use disorder	Autosomal dominant	7
Toe syndactyly	Autosomal dominant	7
Tolbutamide response	Autosomal dominant	1
Tongue fasciculations	Autosomal dominant	1
Tooth agenesis	Autosomal recessive	8
Tooth agenesis, selective, 1	Autosomal dominant	28
Tooth agenesis, selective, 10	Autosomal recessive	15
Tooth agenesis, selective, 2	Autosomal recessive	4
Tooth agenesis, selective, 3	Autosomal dominant	89
Tooth agenesis, selective, 4	Autosomal recessive	614
Tooth agenesis, selective, 7	Autosomal dominant	51
Tooth agenesis, selective, 8	Autosomal dominant	4
Tooth agenesis, selective, X-linked, 1	X-linked dominant	24
Toriello-Lacassie-Droste syndrome	Autosomal dominant	90
Torsades de pointes	Autosomal dominant	2
Torsion dystonia 2	Autosomal recessive	5
Torsion dystonia 4	Autosomal dominant	104
Torsion dystonia 6	Autosomal dominant	168
Tourette syndrome	Autosomal dominant	105
Townes syndrome	Autosomal dominant	55
Townes-Brocks syndrome 1	Autosomal dominant	147
Townes-Brocks-branchiootorenal-like syndrome	Autosomal dominant	1
Tramadol response	Autosomal dominant	1
Transcobalamin II deficiency	Autosomal recessive	691
Transferrin variant B2	Autosomal recessive	1
Transferrin variant D(Chi)	Autosomal recessive	1
Transient Neonatal Diabetes, Dominant/Recessive	Autosomal dominant	15
Transient Neonatal Diabetes, Recessive	Autosomal dominant	132
Transient bullous dermolysis of the newborn	Autosomal dominant	1400
Transient infantile hypertriglyceridemia and hepatosteatosis	Autosomal recessive	27
Transient ischemic attack	Autosomal dominant	3
Transient myeloproliferative syndrome	X-linked recessive	21
Transitory neonatal diabetes mellitus	Autosomal dominant	324
Transketolase deficiency	Autosomal recessive	20
Transposition of the great arteries	Autosomal dominant	3
Treacher Collins syndrome	Autosomal dominant	6
Treacher Collins syndrome 1	Autosomal dominant	764
Treacher Collins syndrome 2	Autosomal dominant	22
Treacher Collins syndrome 3	Autosomal recessive	98
Tremor	Autosomal recessive	16
Tremor, hereditary essential, 1	Autosomal dominant	14
Tremor, hereditary essential, 4	Autosomal dominant	337
Tremor, hereditary essential, 5	Autosomal dominant	35
Tremor, hereditary essential, 6	Autosomal dominant	1
Triangular face	Autosomal dominant	2
Tricho-dento-osseous syndrome	Autosomal dominant	18
Trichoepithelioma, multiple familial, 1	Autosomal dominant	33
Trichohepatoenteric syndrome	Autosomal recessive	5
Trichohepatoenteric syndrome 1	Autosomal recessive	75
Trichohepatoenteric syndrome 2	Autosomal recessive	117
Trichomegaly	Autosomal recessive	5
Trichomegaly-retina pigmentary degeneration-dwarfism syndrome	Autosomal recessive	122
Trichorhinophalangeal dysplasia type I	Autosomal dominant	1150
Trichorhinophalangeal syndrome, type III	Autosomal dominant	1086
Trichothiodystrophy	Autosomal recessive	6
Trichothiodystrophy 1, photosensitive	Autosomal recessive	227
Trichothiodystrophy 2, photosensitive	Autosomal recessive	35
Trichothiodystrophy 4, nonphotosensitive	Autosomal recessive	15
Trichothiodystrophy 5, nonphotosensitive	X-linked dominant	11
Trichothiodystrophy 6, nonphotosensitive	Autosomal recessive	4
Trichothiodystrophy 8, nonphotosensitive	Autosomal recessive	10
Trichothiodystrophy 9, nonphotosensitive	Autosomal recessive	5
Trichotillomania	Autosomal dominant	11
Tricuspid regurgitation	Autosomal dominant	8
Trifascicular block on electrocardiogram	X-linked dominant	1
Triglyceride storage disease with ichthyosis	Autosomal recessive	130
Trigonocephaly 1	Autosomal dominant	1270
Trigonocephaly 2	Autosomal dominant	444
Trilateral retinoblastoma	Somatic mutation	1
Trimethylaminuria	Autosomal recessive	115
Triosephosphate isomerase deficiency	Autosomal recessive	81
Triphalangeal thumb	Autosomal dominant	7
Triphalangeal thumb-polysyndactyly syndrome	Autosomal dominant	15
Triple-Negative Breast Cancer Finding	Autosomal dominant	5
Triple-negative breast cancer	Autosomal dominant	8
Triple-negative breast carcinoma	Autosomal dominant	1
Tropical pancreatitis	Autosomal dominant	33
Troyer syndrome	Autosomal recessive	100
Truncal obesity	Autosomal recessive	2
Trypsinogen deficiency	Autosomal recessive	3
Tuberous sclerosis 1	Autosomal dominant	4335
Tuberous sclerosis 2	Autosomal dominant	9756
Tuberous sclerosis and lymphangiomyomatosis	Autosomal dominant	1
Tuberous sclerosis syndrome	Autosomal dominant	3662
Tubulinopathy	Autosomal dominant	53
Tubulinopathy-associated dysgyria	Autosomal dominant	6
Tubulointerstitial kidney disease, autosomal dominant, 2	Autosomal dominant	22
Tufted angioma of skin	Autosomal dominant	2
Tumor predisposition syndrome 3	Autosomal dominant	1876
Tumoral calcinosis, hyperphosphatemic, familial, 1	Autosomal recessive	154
Tumoral calcinosis, hyperphosphatemic, familial, 2	Autosomal dominant	96
Tumoral calcinosis, hyperphosphatemic, familial, 3	Autosomal recessive	1
Turcot syndrome with polyposis	Autosomal dominant	2
Turnpenny-fry syndrome	Autosomal recessive	1
Type 1 diabetes mellitus 10	Autosomal recessive	5
Type 1 diabetes mellitus 12	Autosomal dominant	15
Type 1 diabetes mellitus 2	Autosomal dominant	87
Type 1 diabetes mellitus 20	Autosomal dominant	314
Type 1 diabetes mellitus 5	Autosomal recessive	1
Type 2 collagenopathy	Autosomal dominant	257
Type 2 diabetes mellitus	Autosomal dominant	5646
Type A2 brachydactyly	Autosomal dominant	282
Type I complement component 8 deficiency	Autosomal recessive	14
Type II complement component 8 deficiency	Autosomal recessive	30
Type IV short rib polydactyly syndrome	Autosomal recessive	8
Typical Joubert syndrome MRI findings	Autosomal recessive	4
Typical absence seizure	Autosomal dominant	24
Tyrosinase-positive oculocutaneous albinism	Autosomal recessive	482
Tyrosine hydroxylase deficiency	Autosomal dominant	1
Tyrosine kinase inhibitor response	Autosomal recessive	2
Tyrosinemia	Autosomal recessive	2
Tyrosinemia type I	Autosomal recessive	787
Tyrosinemia type II	Autosomal recessive	445
Tyrosinemia type III	Autosomal recessive	362
UBA1-related disorder	X-linked recessive	20
UBE3A-related disorder	Isolated cases	14
UBIAD1-related disorder	Autosomal dominant	1
UBQLN2-related disorder	X-linked dominant	13
UBR1-related disorder	Autosomal recessive	3
UCP3 POLYMORPHISM G/A	Autosomal dominant	1
UCP3-related disorder	Autosomal dominant	2
UDPglucose-4-epimerase deficiency	Autosomal recessive	367
UFSP2-related neurodevelopmental disorder	X-linked recessive	1
UGT1A1-related disorder	Autosomal recessive	106
UGT1A8-related condition	Autosomal recessive	4
UGT1A9-related disorder	Autosomal recessive	6
ULLRICH CONGENITAL MUSCULAR DYSTROPHY 1A, AUTOSOMAL DOMINANT	Autosomal dominant	3
UMOD-related disorder	Autosomal dominant	19
UNC119-related disorder	Autosomal dominant	1
UNC80-related disorder	Autosomal recessive	16
UNG-related disorder	Autosomal recessive	4
UPB1-related disorder	Autosomal recessive	7
UPF3B-associated intellectual disability	X-linked recessive	1
UPF3B-related disorder	X-linked recessive	6
UPK3A-related disorder	Autosomal recessive	8
UQCRB-related disorder	Autosomal recessive	2
UQCRC2-related disorder	Autosomal recessive	1
UQCRQ-related disorder	Autosomal recessive	2
URIC ACID CONCENTRATION, SERUM, QUANTITATIVE TRAIT LOCUS 1	?Autosomal dominant	4
UROD-related disorder	Autosomal dominant	5
UROD-related inherited porphyria	Autosomal dominant	1
UROS-related disorder	Autosomal recessive	6
USB1-related disorder	Autosomal recessive	1
USH1C-related disorder	Autosomal recessive	33
USH1G-related disorder	Autosomal recessive	3
USH2A-related disorder	Autosomal recessive	147
USHER SYNDROME, TYPE ID/F, DIGENIC	Autosomal recessive	9
USP9X-related disorder	X-linked dominant	3
USP9X-related intellectual developmental disorder	X-linked dominant	1
USP9X-related neurodevelopmental disorder	X-linked dominant	1
UV-sensitive syndrome 1	Autosomal recessive	415
UV-sensitive syndrome 2	Autosomal recessive	71
UV-sensitive syndrome 3	Autosomal recessive	11
Ullrich congenital muscular dystrophy 1A	Autosomal dominant	454
Ullrich congenital muscular dystrophy 1B	Autosomal dominant	26
Ullrich congenital muscular dystrophy 1C	Autosomal dominant	18
Ullrich congenital muscular dystrophy 2	Autosomal dominant	3
Ulnar bowing	Autosomal recessive	2
Ulnar deviation of the wrist	Autosomal dominant	2
Ulnar-mammary syndrome	Autosomal dominant	460
Ulnar/fibula ray defect-brachydactyly syndrome	Autosomal dominant	1
Umbilical hernia	Autosomal dominant	2
Undetermined early-onset epileptic encephalopathy	Autosomal dominant	3
Unexplained death in infancy and sudden unexplained death in childhood	Autosomal dominant	3
Unexplained young onset end-stage renal disease	Autosomal recessive	1
Unilateral cryptorchidism	Autosomal dominant	1
Unilateral renal agenesis	Autosomal dominant	11
Unsteady gait	Autosomal recessive	2
Unverricht-Lundborg syndrome	Autosomal recessive	43
Upper limb hypertonia	Autosomal dominant	1
Upper limb undergrowth	Autosomal dominant	10
Upshaw-Schulman syndrome	Autosomal recessive	401
Upslanted palpebral fissure	Autosomal dominant	1
Uric acid concentration, serum, quantitative trait locus 4	Autosomal dominant	2
Urinary bladder sphincter dysfunction	Autosomal dominant	1
Urinary urgency	Autosomal recessive	1
Urocanate hydratase deficiency	Autosomal recessive	18
Urofacial syndrome 2	Autosomal recessive	14
Urofacial syndrome type 1	Autosomal recessive	104
Urogenital tract malformation	Autosomal recessive	4
Urticaria	Autosomal dominant	3
Uruguay Faciocardiomusculoskeletal syndrome	X-linked dominant	42
Usher syndrome	Autosomal recessive	462
Usher syndrome type 1	Autosomal recessive	3288
Usher syndrome type 1B	Autosomal recessive	643
Usher syndrome type 1C	Autosomal recessive	650
Usher syndrome type 1D	Autosomal recessive	1240
Usher syndrome type 1F	Autosomal recessive	1251
Usher syndrome type 1G	Autosomal recessive	110
Usher syndrome type 2	Autosomal recessive	61
Usher syndrome type 2A	Autosomal recessive	2791
Usher syndrome type 2C	Autosomal recessive	691
Usher syndrome type 2D	Autosomal recessive	303
Usher syndrome type 3	Autosomal recessive	23
Usher syndrome type 3A	Autosomal recessive	78
Usher syndrome type 3B	Autosomal recessive	579
Usher syndrome, type 1M	Autosomal recessive	14
Usher syndrome, type IIC, GPR98/PDZD7 digenic	Autosomal recessive	2
Uterine corpus cancer	Autosomal dominant	24
Uterine leiomyoma	Autosomal dominant	3
Uveal coloboma-cleft lip and palate-intellectual disability	Autosomal dominant	10
Uveal melanoma	Autosomal dominant	1
VACTERL association, X-linked, with or without hydrocephalus	X-linked recessive	124
VACTERL with hydrocephalus	Autosomal dominant	43
VAMP1-related disorder	Autosomal dominant	1
VANGL1-related disorder	Autosomal dominant	2
VAPB-related disorder	Autosomal dominant	24
VARS2-related disorder	Autosomal recessive	2
VATER association	Autosomal recessive	5
VAX1-related disorder	Autosomal recessive	6
VCAN-related disorder	Autosomal dominant	6
VCP-related disorder	Autosomal dominant	8
VDR-related disorder	Autosomal recessive	6
VEXAS	X-linked recessive	3
VEXAS syndrome	X-linked recessive	10
VHL-related disorder	Autosomal dominant	78
VIM-related disorder	Autosomal dominant	5
VIPAS39-related disorder	Autosomal recessive	4
VISS syndrome	Autosomal dominant	2
VITAMIN B12 PLASMA LEVEL QUANTITATIVE TRAIT LOCUS 1	Autosomal recessive	2
VKORC1-related disorder	Autosomal dominant	2
VLDLR-related disorder	Autosomal recessive	13
VMA21-related disorder	X-linked recessive	6
VPS13A-related disorder	Autosomal recessive	29
VPS13A-related neurodegenerative disease	Autosomal recessive	835
VPS13B-related disorder	Autosomal recessive	754
VPS13D-related disorder	Autosomal recessive	8
VPS33B-related disorder	Autosomal recessive	22
VPS35-related disorder	Autosomal dominant	4
VPS37A-related disorder	Autosomal recessive	5
VPS45-related disorder	Autosomal recessive	10
VRK1-related disorder	Autosomal recessive	3
VSX1-related disorder	Autosomal dominant	2
VWF-related disorder	Autosomal dominant	47
Vacuolar Neuromyopathy	Autosomal dominant	2
Van Buchem disease type 2	Autosomal dominant	14
Van Maldergem syndrome 1	Autosomal recessive	81
Van Maldergem syndrome 2	Autosomal recessive	1176
Van den Ende-Gupta syndrome	Autosomal recessive	31
Van der Woude syndrome	Isolated cases	150
Van der Woude syndrome 1	Autosomal dominant	138
Van der Woude syndrome 2	Autosomal dominant	95
Vanishing white matter disease	Autosomal recessive	15
Variant of unknown significance	Autosomal dominant	12
Varicose disease	Autosomal dominant	2
Variegate porphyria	Autosomal dominant	110
Variegate porphyria, childhood-onset	Autosomal dominant	9
Vas deferens, congenital bilateral aplasia of, X-linked	Autosomal recessive	3
Vascular Tumors Including Pyogenic Granuloma	Autosomal dominant	10
Vascular dementia	Autosomal dominant	13
Vascular dilatation	Autosomal dominant	3
Vascular disorder	Autosomal dominant	6
Vascular malformation	Autosomal dominant	8
Vascular parkinsonism	Autosomal dominant	5
Vascular skin disorders	Autosomal dominant	5
Vasculitis	Autosomal dominant	1
Vel blood group system	Autosomal recessive	1
Velocardiofacial syndrome	Autosomal dominant	83
Venous malformation	Autosomal dominant	4
Venous thromboembolism	Autosomal dominant	5
Venous thromboembolism, susceptibility to	Autosomal dominant	2
Venous thrombosis, protection against	Autosomal recessive	1
Venous thrombosis, susceptibility to	Autosomal recessive	1
Ventral hernia	X-linked dominant	3
Ventral septal defect	Autosomal recessive	1
Ventricular arrhythmia	Autosomal recessive	1
Ventricular arrhythmias due to cardiac ryanodine receptor calcium release deficiency syndrome	Autosomal dominant	254
Ventricular fibrillation	Autosomal dominant	27
Ventricular fibrillation, paroxysmal familial, 2	Autosomal dominant	10
Ventricular fibrillation, paroxysmal familial, type 1	Autosomal dominant	1857
Ventricular hypertrophy	Autosomal dominant	2
Ventricular septal defect	Autosomal dominant	10
Ventricular septal defect 1	Autosomal dominant	100
Ventricular septal defect 2	Autosomal dominant	6
Ventricular septal defect 3	Autosomal dominant	203
Ventricular tachycardia	Autosomal dominant	65
Ventriculomegaly	Autosomal recessive	10
Ventriculomegaly-cystic kidney disease	Autosomal recessive	65
Vertebral hypoplasia	Autosomal recessive	2
Vertebral segmentation defect	Autosomal recessive	2
Vertebral, cardiac, renal, and limb defects syndrome 2	Autosomal recessive	7
Vertigo	Autosomal dominant	5
Very early onset inflammatory bowel disease	Autosomal recessive	1
Very long chain acyl-CoA dehydrogenase deficiency	Autosomal recessive	2030
Vesicoureteral reflux	Autosomal recessive	2
Vesicoureteral reflux 3	Autosomal dominant	68
Vesicoureteral reflux 8	Autosomal dominant	213
Vibratory urticaria	Autosomal dominant	12
Vici syndrome	Autosomal recessive	2255
Virus-induced diabetes	Autosomal recessive	3
Visceral heterotaxy	Autosomal recessive	5
Visceral myopathy 1	Autosomal dominant	51
Visceral myopathy 2	Autosomal dominant	155
Visceral neuropathy, familial	Autosomal recessive	4
Visceral neuropathy, familial, 1, autosomal recessive	Autosomal recessive	7
Visceral neuropathy, familial, 2, autosomal recessive	Somatic mutation	37
Visceral neuropathy, familial, 3, autosomal dominant	Autosomal dominant	2
Visual field defect	Autosomal recessive	1
Visual impairment	Autosomal recessive	16
Visual loss	Autosomal dominant	5
Vitamin B2 deficiency	Autosomal dominant	11
Vitamin D hydroxylation-deficient rickets, type 1B	Autosomal recessive	103
Vitamin D-dependent rickets type II with alopecia	Autosomal recessive	237
Vitamin D-dependent rickets, type 1	Autosomal recessive	12
Vitamin D-dependent rickets, type 1A	Autosomal recessive	141
Vitamin D-dependent rickets, type 2	X-linked dominant	1
Vitamin K-dependent clotting factors, combined deficiency of, type 1	Autosomal recessive	197
Vitamin K-dependent clotting factors, combined deficiency of, type 2	Autosomal dominant	2
Vitelliform macular dystrophy 1	Autosomal dominant	5
Vitelliform macular dystrophy 2	Autosomal dominant	214
Vitelliform macular dystrophy 3	Autosomal dominant	101
Vitelliform macular dystrophy 4	Autosomal dominant	24
Vitelliform macular dystrophy 5	Autosomal dominant	28
Vitiligo	Autosomal dominant	2
Vitiligo-associated multiple autoimmune disease susceptibility 1	Autosomal dominant	12
Vitreoretinopathy	Autosomal dominant	94
Vitreoretinopathy with phalangeal epiphyseal dysplasia	Autosomal dominant	714
Volatile anesthetic hypersensitivity	Mitochondrial	1
Vomiting	Autosomal dominant	1
Von Hippel-Lindau syndrome	Autosomal dominant	1981
Von Willebrand disease type 2A	Autosomal dominant	21
Von Willebrand disease type 2B	Autosomal dominant	17
WAC-related disorder	Autosomal dominant	1
WAC-related neurodevelopmental disorder	Autosomal dominant	1
WAS-related disorder	X-linked recessive	69
WASHC4-related disorder	Autosomal recessive	1
WASHC5-related disorder	Autosomal dominant	19
WDPCP-related disorder	Autosomal recessive	128
WDR19-related disorder	Autosomal recessive	143
WDR35-related disorder	Autosomal recessive	95
WDR36-related disorder	Autosomal recessive	1
WDR45-related disorder	X-linked dominant	4
WDR62-related disorder	Autosomal recessive	21
WDR72-related disorder	Autosomal recessive	4
WDR73-related disorder	Autosomal recessive	3
WDR81-related disorder	Autosomal recessive	4
WFS1 Spectrum Disorder	Autosomal dominant	2
WFS1-Related Spectrum Disorders	Autosomal dominant	377
WFS1-related disorder	Autosomal dominant	266
WHIM syndrome 1	Autosomal dominant	28
WHRN-related disorder	Autosomal recessive	21
WNK1-related disorder	Autosomal recessive	29
WNK4-related disorder	Autosomal dominant	8
WNT1-related disorder	Autosomal recessive	1
WNT10A-related disorder	Autosomal recessive	39
WNT10B-related disorder	Autosomal recessive	1
WNT4-related disorder	Autosomal dominant	1
WNT5A-related disorder	Autosomal dominant	3
WRAP53-related disorder	Autosomal recessive	7
WRN-related disorder	Autosomal recessive	56
WT1-related Wilms tumor	Somatic mutation	8
WT1-related disorder	Somatic mutation	202
WWOX-related diosrder	Autosomal recessive	2
WWOX-related disorder	Autosomal recessive	29
Waardenburg syndrome	Autosomal dominant	96
Waardenburg syndrome 2F	Autosomal dominant	1
Waardenburg syndrome type 1	Autosomal dominant	183
Waardenburg syndrome type 2	Autosomal dominant	11
Waardenburg syndrome type 2A	Autosomal dominant	1887
Waardenburg syndrome type 2E	Autosomal dominant	84
Waardenburg syndrome type 2E, with neurologic involvement	Autosomal dominant	1
Waardenburg syndrome type 3	Autosomal dominant	50
Waardenburg syndrome type 4A	Autosomal dominant	39
Waardenburg syndrome type 4B	Autosomal dominant	17
Waardenburg syndrome type 4C	Autosomal dominant	146
Waddling gait	Autosomal recessive	3
Wagner disease	Autosomal dominant	136
Walker-Warburg congenital muscular dystrophy	Autosomal recessive	2856
Warburg micro syndrome 1	Autosomal recessive	130
Warburg micro syndrome 2	Autosomal recessive	570
Warburg micro syndrome 3	Autosomal recessive	117
Warburg micro syndrome 4	Autosomal recessive	12
Warburg-cinotti syndrome	Autosomal recessive	5
Warfarin response	Autosomal dominant	41
Warfarin sensitivity, X-linked	X-linked recessive	26
Warsaw breakage syndrome	Autosomal recessive	77
Warts, hypogammaglobulinemia, infections, and myelokathexis	Autosomal dominant	6
Weaver syndrome	Autosomal dominant	529
Webb-Dattani syndrome	Autosomal recessive	17
Webbed neck	Autosomal dominant	2
Weill-Marchesani 4 syndrome, recessive	Autosomal recessive	362
Weill-Marchesani syndrome	Autosomal dominant	833
Weill-Marchesani syndrome 1	Autosomal recessive	53
Weill-Marchesani syndrome 2, dominant	Autosomal dominant	2235
Weill-Marchesani syndrome 3	Autosomal recessive	120
Welander distal myopathy	Autosomal dominant	264
Werdnig-Hoffmann disease	Autosomal recessive	54
Werner syndrome	Autosomal recessive	3680
West syndrome	Autosomal dominant	34
White sponge nevus 1	Autosomal dominant	83
White sponge nevus 2	Autosomal dominant	59
Wide anterior fontanel	Autosomal dominant	3
Wide cranial sutures	Autosomal dominant	1
Wide intermamillary distance	Autosomal recessive	2
Wide mouth	Autosomal dominant	7
Wide nasal bridge	Autosomal dominant	12
Wieacker-Wolff syndrome	X-linked recessive	42
Wieacker-Wolff syndrome (spectrum)	X-linked recessive	2
Wieacker-Wolff syndrome, female-restricted	X-linked recessive	6
Wiedemann-Rautenstrauch-like progeroid syndrome	Autosomal recessive	6
Wiedemann-Steiner syndrome	Autosomal dominant	444
Williams syndrome	Autosomal dominant	70
Wilms tumor 1	Somatic mutation	7094
Wilms tumor 5	Somatic mutation	8
Wilms tumor 6	Autosomal dominant	41
Wilson disease	Autosomal recessive	3410
Wilson-Turner syndrome	X-linked recessive	142
Wiskott-Aldrich syndrome	X-linked recessive	1889
Wolcott-Rallison dysplasia	Autosomal recessive	261
Wolff-Parkinson-White pattern	Autosomal dominant	252
Wolfram syndrome	Autosomal dominant	27
Wolfram syndrome 1	Autosomal dominant	2000
Wolfram syndrome 2	Autosomal recessive	24
Wolfram-like syndrome	Autosomal dominant	1877
Wolman disease	Autosomal recessive	51
Woodhouse-Sakati syndrome	Autosomal recessive	497
Woolly hair, autosomal recessive 2, with or without hypotrichosis	Autosomal recessive	5
Woolly hair-skin fragility syndrome	Autosomal recessive	758
Wooly hair nevus	Autosomal dominant	2
Wooly hair, autosomal recessive 1, with or without hypotrichosis	Autosomal recessive	3
Wooly hair, autosomal recessive 3	Autosomal recessive	6
Wooly hair-palmoplantar keratoderma syndrome	Autosomal recessive	10
Worth disease	Autosomal dominant	2321
Wrinkly skin syndrome	Autosomal recessive	89
X-Linked Neutropenia (XLN)	X-linked recessive	3
X-linked ARX-related disorders	X-linked recessive	4
X-linked Alport syndrome	X-linked dominant	1333
X-linked CACNA1F-related disorders	X-linked	2
X-linked DMD-related disorders	X-linked recessive	3
X-linked DMD-related dystrophinopathy	X-linked recessive	1
X-linked Emery-Dreifuss muscular dystrophy	X-linked recessive	36
X-linked FLNA-related disorders	X-linked dominant	3
X-linked GATA1-related disorders	X-linked recessive	1
X-linked MECP2-related disorders	X-linked recessive	9
X-linked MED12-related disorder	X-linked recessive	1
X-linked Mendelian susceptibility to mycobacterial diseases due to CYBB deficiency	X-linked recessive	24
X-linked Opitz G/BBB syndrome	X-linked recessive	67
X-linked PHKA2-related disorders	X-linked recessive	1
X-linked agammaglobulinemia	X-linked recessive	262
X-linked agammaglobulinemia with growth hormone deficiency	X-linked recessive	721
X-linked amelogenesis imperfecta hypoplastic/hypomaturation 2	X-linked	6
X-linked cardiomyopathies	X-linked recessive	1
X-linked central congenital hypothyroidism with late-onset testicular enlargement	X-linked recessive	52
X-linked cerebral adrenoleukodystrophy	X-linked recessive	1
X-linked cerebral-cerebellar-coloboma syndrome syndrome	X-linked dominant	2
X-linked chondrodysplasia punctata 1	X-linked recessive	62
X-linked colobomatous microphthalmia-microcephaly-intellectual disability-short stature syndrome	X-linked	2
X-linked complex neurodevelopmental disorder	X-linked recessive	1
X-linked complicated corpus callosum dysgenesis	X-linked recessive	68
X-linked cone-rod dystrophy	Autosomal recessive	1
X-linked cone-rod dystrophy 1	X-linked	56
X-linked cone-rod dystrophy 3	X-linked recessive	35
X-linked distal spinal muscular atrophy type 3	X-linked recessive	4886
X-linked dominant chondrodysplasia, Chassaing-Lacombe type	X-linked dominant	12
X-linked dyserythropoetic anemia with abnormal platelets and neutropenia	X-linked recessive	56
X-linked dystonia-parkinsonism	X-linked recessive	27
X-linked erythropoietic protoporphyria	X-linked dominant	16
X-linked hydrocephalus syndrome	X-linked recessive	133
X-linked ichthyosis with steryl-sulfatase deficiency	X-linked recessive	23
X-linked immunodeficiency with magnesium defect, Epstein-Barr virus infection and neoplasia	X-linked dominant	1
X-linked intellectual disability	X-linked	1
X-linked intellectual disability Cabezas type	X-linked recessive	226
X-linked intellectual disability with marfanoid habitus	X-linked recessive	145
X-linked intellectual disability, Cantagrel type	X-linked recessive	145
X-linked intellectual disability, van Esch type	X-linked recessive	6
X-linked intellectual disability-cardiomegaly-congestive heart failure syndrome	X-linked recessive	6
X-linked intellectual disability-cerebellar hypoplasia syndrome	X-linked recessive	99
X-linked intellectual disability-hypotonia-movement disorder syndrome	X-linked recessive	2
X-linked intellectual disability-psychosis-macroorchidism syndrome	X-linked recessive	239
X-linked intellectual disability-short stature-overweight syndrome	X-linked recessive	65
X-linked lissencephaly with abnormal genitalia	X-linked	69
X-linked lymphoproliferative disease due to SH2D1A deficiency	X-linked recessive	139
X-linked lymphoproliferative disease due to XIAP deficiency	X-linked recessive	1
X-linked lymphoproliferative syndrome	X-linked recessive	2
X-linked mixed hearing loss with perilymphatic gusher	Autosomal dominant	276
X-linked myopathies	X-linked recessive	1
X-linked myopathy with excessive autophagy	X-linked recessive	90
X-linked myopathy with postural muscle atrophy	X-linked recessive	467
X-linked otopalatodigital spectrum disorders	X-linked dominant	3
X-linked parkinsonism-spasticity syndrome	Autosomal recessive	5
X-linked progressive cerebellar ataxia	X-linked recessive	41
X-linked recessive nephrolithiasis with renal failure	X-linked recessive	378
X-linked reticulate pigmentary disorder	X-linked recessive	13
X-linked retinitis pigmentosa	Autosomal recessive	2
X-linked scapuloperoneal muscular dystrophy	X-linked dominant	51
X-linked severe combined immunodeficiency	X-linked recessive	489
X-linked severe congenital neutropenia	X-linked recessive	1806
X-linked sideroblastic anemia 1	X-linked recessive	74
X-linked sideroblastic anemia with ataxia	X-linked recessive	30
X-linked spondyloepimetaphyseal dysplasia	X-linked recessive	24
X-linked syndromic intellectual disability	X-linked dominant	1
XDH-related disorder	Autosomal recessive	58
XFE progeroid syndrome	Autosomal recessive	170
XK-related neurodegenerative disease	X-linked	26
XPA-related disorder	Autosomal recessive	3
XPC-related disorder	Autosomal recessive	10
XPNPEP3-related disorder	Autosomal recessive	2
XPR1-related primary familial brain calcification	Autosomal dominant	1
XRCC4-related disorder	Autosomal recessive	3
XYLT1-related disorder	Autosomal recessive	19
Xanthinuria type II	Autosomal recessive	1134
Xeroderma pigmentosum	Autosomal recessive	295
Xeroderma pigmentosum group A	Autosomal recessive	162
Xeroderma pigmentosum group B	Autosomal recessive	98
Xeroderma pigmentosum variant type	Autosomal recessive	243
Xeroderma pigmentosum, group C	Autosomal recessive	321
Xeroderma pigmentosum, group D	Autosomal recessive	299
Xeroderma pigmentosum, group E	Autosomal recessive	53
Xeroderma pigmentosum, group F	Autosomal recessive	1566
Xeroderma pigmentosum, group G	Autosomal recessive	211
Xeroderma pigmentosum, type F/Cockayne syndrome	Autosomal recessive	5
YAP1-related disorder	Autosomal dominant	1
YARS1-related disorder	Autosomal dominant	9
YARS2-related disorder	Autosomal recessive	6
Yao syndrome	Autosomal dominant	36
Young-onset Parkinson disease	Autosomal recessive	14
Yunis-Varon syndrome	Autosomal recessive	108
ZAP70-related disorder	Autosomal recessive	13
ZBTB18-related disorder	Autosomal dominant	2
ZBTB20-related disorder	Autosomal dominant	3
ZBTB24-related disorder	Autosomal recessive	9
ZC3H14-related disorder	Autosomal recessive	1
ZC4H2-related X-linked intellectual disability	X-linked recessive	1
ZC4H2-related disorder	X-linked recessive	1
ZEB2-related disorder	Autosomal dominant	36
ZFPM2-related disorder	Autosomal dominant	23
ZFYVE26-related disorder	Autosomal recessive	12
ZIC2-related disorder	Autosomal dominant	14
ZIC3-related disorder	X-linked recessive	9
ZMPSTE24-related disorder	Autosomal recessive	5
ZMYND10-related disorder	Autosomal recessive	5
ZMYND11-related disorder	Autosomal dominant	1
ZNF335-related disorder	Autosomal recessive	6
ZNF423-related disorder	Autosomal dominant	41
ZNF469-related disorder	Autosomal recessive	45
ZNF711-related disorder	X-linked	4
ZNHIT3-related disorder	Autosomal recessive	1
ZP1-related disorder	Autosomal recessive	1
ZSWIM6-related disorder	Autosomal dominant	2
ZTTK syndrome	Autosomal dominant	1
Zellweger spectrum disorders	Autosomal recessive	595
Zimmermann-Laband syndrome 1	Autosomal dominant	55
Zimmermann-Laband syndrome 2	Autosomal dominant	28
Zinc deficiency, transient neonatal	Autosomal dominant	6
acenocoumarol response - Dosage	Autosomal dominant	2
acorea,microphthalmia and cataract syndrome	Autosomal dominant	1
acorea-microphthalmia-cataract syndrome	Autosomal dominant	1
alpha Thalassemia	Autosomal dominant	117
alterations of great arteries and veins	Autosomal dominant	2
altered potassium channel function	Autosomal dominant	1
arrhythmogenic disorders	Autosomal dominant	2
atorvastatin response - Efficacy	Autosomal dominant	1
atorvastatin response - Metabolism/PK	Digenic recessive	1
atorvastatin response - Toxicity	Digenic recessive	1
autistic features	Autosomal dominant	1
autosomal dominant COL1A1-related osteogenesis imperfecta	Autosomal dominant	9
autosomal dominant GBA1-related disorders	Autosomal recessive	10
autosomal dominant LMNA-related disorders	Autosomal dominant	2
autosomal dominant PALB2-related cancer predisposition	Autosomal dominant	14
autosomal recessive ABCA4-related retinopathy	Autosomal dominant	5
autosomal recessive B3GALT6-related disorders	Autosomal recessive	1
autosomal recessive CDH23-related disorders	Autosomal recessive	5
autosomal recessive CRB1-related retinopathy	Autosomal recessive	2
autosomal recessive GJC2-related disorders	Autosomal recessive	2
autosomal recessive MVK-related disorders	Autosomal recessive	4
autosomal recessive NMNAT1-related disorders.	Autosomal recessive	1
autosomal recessive SMPD1-related disorders	Autosomal recessive	2
autosomal recessive disorders of intracellular cobalamin metabolism	Autosomal recessive	1
azathioprine response - Toxicity	Autosomal dominant	1
benign sporadic infantile epilepsy	Autosomal dominant	2
beta Thalassemia	Autosomal dominant	165
bilateral breast cancer	Autosomal dominant	9
capecitabine response - Toxicity	Autosomal recessive	10
carboxymethyl-dextran-A2-gadolinium-DOTA	Autosomal dominant	261
cblC type of combined methylmalonic aciduria and homocystinuria	Autosomal recessive	3
chronic fatigue syndrome with infection-triggered onset	Autosomal dominant	1
clino-symphalangism	Autosomal dominant	1
common Congenital Anomalies of the Kidney and Urinary Tract (CAKUT)	Autosomal dominant	3
concomitant exotropia	Autosomal dominant	4
cone dystrophy with supernormal rod electroretinogram	Autosomal recessive	2
cutaneous-skeletal hypophosphatemia syndrome	Autosomal dominant	1
de Barsy syndrome	Autosomal dominant	644
delta Thalassemia	Autosomal dominant	1
desflurane response - Toxicity	Autosomal dominant	61
developmental delay with intractable seizures	Autosomal dominant	2
developmental delay with seizures	Autosomal dominant	2
developmental encephalopathy with epilepsy	Autosomal dominant	3
dysmorphy	Autosomal dominant	1
dystrophia	Autosomal dominant	1
early onset and severe retinal dystrophy	Autosomal recessive	2
enflurane response - Toxicity	Autosomal dominant	61
epileptic encephalopathy, early infanitle, 1	X-linked recessive	8
erlotinib response - Efficacy	Autosomal recessive	2
etanercept response - Efficacy	Autosomal dominant	1
ethanol response - Toxicity	Multifactorial	1
fluorouracil response - Other	Autosomal recessive	11
fluorouracil response - Toxicity	Autosomal recessive	13
fluvastatin response - Metabolism/PK	Digenic recessive	1
fluvastatin response - Toxicity	Digenic recessive	1
focal and segmental glomerulosclerosis	Autosomal recessive	4
gefitinib response - Efficacy	Autosomal recessive	2
growth hormone deficiency with short stature	Autosomal recessive	1
halothane response - Toxicity	Autosomal dominant	61
hmg coa reductase inhibitors response - Toxicity	Digenic recessive	1
hormonal contraceptives for systemic use response - Toxicity	Autosomal recessive	2
https://www.omim.org/entry/615493	Autosomal recessive	1
hyprtrophic cardiomyopathy	Autosomal dominant	2
intellectual deficiency	Autosomal dominant	11
intellectual disability with severe speech impairment	Autosomal dominant	4
irinotecan response - Toxicity	Autosomal recessive	1
isoflurane response - Toxicity	Autosomal dominant	61
ivacaftor / lumacaftor response - Efficacy	Autosomal dominant	2
ivacaftor / tezacaftor response - Efficacy	Autosomal dominant	2
ivacaftor response - Efficacy	Autosomal recessive	57
limited range of motion of the upper ankle	Autosomal recessive	1
lovastatin acid response - Metabolism/PK	Digenic recessive	1
lovastatin response - Metabolism/PK	Digenic recessive	1
lovastatin response - Toxicity	Digenic recessive	1
maculopathy	Autosomal dominant	12
mercaptopurine response - Dosage	Autosomal dominant	1
methotrexate response - Efficacy	Autosomal recessive	1
methotrexate response - Toxicity	Autosomal dominant	2
methoxyflurane response - Toxicity	Autosomal dominant	61
neonatal lactic acidosis	Mitochondrial	1
non-lesional focal epilepsy	Somatic mosaicism	2
non-syndromic arrhythmogenic right ventricular cardiomyopathy	Autosomal recessive	1
nonsyndromic sensorineural hearing loss	Autosomal dominant	16
overriding digits	Autosomal dominant	1
partial sensorineural deafness	Autosomal recessive	1
peginterferon alfa-2b and ribavirin response - Toxicity	Autosomal recessive	1
phenprocoumon response - Dosage	Autosomal dominant	2
phenprocoumon response - Toxicity	Autosomal dominant	1
pitavastatin response - Metabolism/PK	Digenic recessive	1
pravastatin response - Toxicity	Digenic recessive	1
prenatal LIG4 syndrome with aqueductal stenosis	Somatic mutation	2
recessive ARS-related multisystem disease	Autosomal dominant	1
rosuvastatin response - Efficacy	?Autosomal dominant	1
rosuvastatin response - Metabolism/PK	?Autosomal dominant	1
rosuvastatin response - Toxicity	Digenic recessive	1
semidominant CFH-related disorders	Autosomal dominant	3
sevoflurane response - Toxicity	Autosomal dominant	61
short QT interval with or without a Brugada syndrome ECG pattern	Autosomal dominant	1
simvastatin acid response - Metabolism/PK	Digenic recessive	1
simvastatin response - Metabolism/PK	Digenic recessive	1
simvastatin response - Toxicity	Digenic recessive	1
skeletal contractures	Isolated cases	1
small Atrial septal defect	Autosomal dominant	5
sporadic NAFE	X-linked	2
sporadic abdominal aortic aneurysm	Autosomal dominant	5
succinylcholine response - Toxicity	Autosomal dominant	61
tegafur response - Toxicity	Autosomal recessive	3
unclassified developmental and epileptic encephalopathy	Autosomal dominant	4
von Willebrand disease type 1	Autosomal dominant	458
von Willebrand disease type 2	Autosomal dominant	411
von Willebrand disease type 2M	Autosomal dominant	12
von Willebrand disease type 2N	Autosomal dominant	7
von Willebrand disease type 3	Autosomal recessive	304
von Willebrand disorder	Autosomal dominant	36
von Willebrand factor Vicenza	Autosomal dominant	1
warfarin response - Dosage	Autosomal dominant	3
warfarin response - Efficacy	Autosomal dominant	1
warfarin response - Toxicity	Autosomal dominant	1
